# STW_ARENA_DECK_01 - original STW production arena kit geometry
# Generated deterministically by tools/assets/generate_stw_arena_kit.py
# Axis convention: raw Z-up, +Y forward, metres, unrotated. O3DE imports OBJ
# vertices as (-x, z, y) and the runtime applies the compensating rotation
# Matrix3x3::CreateFromColumns(-X, Z, Y) at bind time.
# UVs are world-planar, scaled to 2.00 m per tile.
# No mtllib / usemtl: the runtime binds one Atom StandardPBR material through
# the mesh feature processor's default custom material slot.
o STW_ARENA_DECK_01
v 12.000000 12.000000 -0.840000
v 12.000000 -12.000000 -0.840000
v -12.000000 -12.000000 -0.840000
v -12.000000 12.000000 -0.840000
v 12.000000 -12.000000 -0.040000
v 12.000000 12.000000 -0.040000
v -12.000000 12.000000 -0.040000
v -12.000000 -12.000000 -0.040000
v -9.030000 -9.030000 -0.040000
v -9.030000 -10.970000 -0.040000
v -10.970000 -10.970000 -0.040000
v -10.970000 -9.030000 -0.040000
v -9.030000 -10.970000 0.000000
v -9.030000 -9.030000 0.000000
v -10.970000 -9.030000 0.000000
v -10.970000 -10.970000 0.000000
v -7.030000 -9.030000 -0.052000
v -7.030000 -10.970000 -0.052000
v -8.970000 -10.970000 -0.052000
v -8.970000 -9.030000 -0.052000
v -7.030000 -10.970000 0.000000
v -7.030000 -9.030000 0.000000
v -8.970000 -9.030000 0.000000
v -8.970000 -10.970000 0.000000
v -5.030000 -9.030000 -0.040000
v -5.030000 -10.970000 -0.040000
v -6.970000 -10.970000 -0.040000
v -6.970000 -9.030000 -0.040000
v -5.030000 -10.970000 0.000000
v -5.030000 -9.030000 0.000000
v -6.970000 -9.030000 0.000000
v -6.970000 -10.970000 0.000000
v -3.030000 -9.030000 -0.040000
v -3.030000 -10.970000 -0.040000
v -4.970000 -10.970000 -0.040000
v -4.970000 -9.030000 -0.040000
v -3.030000 -10.970000 0.000000
v -3.030000 -9.030000 0.000000
v -4.970000 -9.030000 0.000000
v -4.970000 -10.970000 0.000000
v -1.030000 -9.030000 -0.040000
v -1.030000 -10.970000 -0.040000
v -2.970000 -10.970000 -0.040000
v -2.970000 -9.030000 -0.040000
v -1.030000 -10.970000 0.000000
v -1.030000 -9.030000 0.000000
v -2.970000 -9.030000 0.000000
v -2.970000 -10.970000 0.000000
v 0.970000 -9.030000 -0.040000
v 0.970000 -10.970000 -0.040000
v -0.970000 -10.970000 -0.040000
v -0.970000 -9.030000 -0.040000
v 0.970000 -10.970000 0.000000
v 0.970000 -9.030000 0.000000
v -0.970000 -9.030000 0.000000
v -0.970000 -10.970000 0.000000
v 2.970000 -9.030000 -0.040000
v 2.970000 -10.970000 -0.040000
v 1.030000 -10.970000 -0.040000
v 1.030000 -9.030000 -0.040000
v 2.970000 -10.970000 0.000000
v 2.970000 -9.030000 0.000000
v 1.030000 -9.030000 0.000000
v 1.030000 -10.970000 0.000000
v 4.970000 -9.030000 -0.052000
v 4.970000 -10.970000 -0.052000
v 3.030000 -10.970000 -0.052000
v 3.030000 -9.030000 -0.052000
v 4.970000 -10.970000 0.000000
v 4.970000 -9.030000 0.000000
v 3.030000 -9.030000 0.000000
v 3.030000 -10.970000 0.000000
v 6.970000 -9.030000 -0.040000
v 6.970000 -10.970000 -0.040000
v 5.030000 -10.970000 -0.040000
v 5.030000 -9.030000 -0.040000
v 6.970000 -10.970000 0.000000
v 6.970000 -9.030000 0.000000
v 5.030000 -9.030000 0.000000
v 5.030000 -10.970000 0.000000
v 8.970000 -9.030000 -0.052000
v 8.970000 -10.970000 -0.052000
v 7.030000 -10.970000 -0.052000
v 7.030000 -9.030000 -0.052000
v 8.970000 -10.970000 0.000000
v 8.970000 -9.030000 0.000000
v 7.030000 -9.030000 0.000000
v 7.030000 -10.970000 0.000000
v 10.970000 -9.030000 -0.052000
v 10.970000 -10.970000 -0.052000
v 9.030000 -10.970000 -0.052000
v 9.030000 -9.030000 -0.052000
v 10.970000 -10.970000 0.000000
v 10.970000 -9.030000 0.000000
v 9.030000 -9.030000 0.000000
v 9.030000 -10.970000 0.000000
v -9.030000 -7.030000 -0.052000
v -9.030000 -8.970000 -0.052000
v -10.970000 -8.970000 -0.052000
v -10.970000 -7.030000 -0.052000
v -9.030000 -8.970000 0.000000
v -9.030000 -7.030000 0.000000
v -10.970000 -7.030000 0.000000
v -10.970000 -8.970000 0.000000
v -7.030000 -7.030000 -0.040000
v -7.030000 -8.970000 -0.040000
v -8.970000 -8.970000 -0.040000
v -8.970000 -7.030000 -0.040000
v -7.030000 -8.970000 0.000000
v -7.030000 -7.030000 0.000000
v -8.970000 -7.030000 0.000000
v -8.970000 -8.970000 0.000000
v -5.030000 -7.030000 -0.040000
v -5.030000 -8.970000 -0.040000
v -6.970000 -8.970000 -0.040000
v -6.970000 -7.030000 -0.040000
v -5.030000 -8.970000 0.000000
v -5.030000 -7.030000 0.000000
v -6.970000 -7.030000 0.000000
v -6.970000 -8.970000 0.000000
v -3.030000 -7.030000 -0.040000
v -3.030000 -8.970000 -0.040000
v -4.970000 -8.970000 -0.040000
v -4.970000 -7.030000 -0.040000
v -3.030000 -8.970000 0.000000
v -3.030000 -7.030000 0.000000
v -4.970000 -7.030000 0.000000
v -4.970000 -8.970000 0.000000
v -1.030000 -7.030000 -0.040000
v -1.030000 -8.970000 -0.040000
v -2.970000 -8.970000 -0.040000
v -2.970000 -7.030000 -0.040000
v -1.030000 -8.970000 0.000000
v -1.030000 -7.030000 0.000000
v -2.970000 -7.030000 0.000000
v -2.970000 -8.970000 0.000000
v 0.970000 -7.030000 -0.040000
v 0.970000 -8.970000 -0.040000
v -0.970000 -8.970000 -0.040000
v -0.970000 -7.030000 -0.040000
v 0.970000 -8.970000 0.000000
v 0.970000 -7.030000 0.000000
v -0.970000 -7.030000 0.000000
v -0.970000 -8.970000 0.000000
v 2.970000 -7.030000 -0.040000
v 2.970000 -8.970000 -0.040000
v 1.030000 -8.970000 -0.040000
v 1.030000 -7.030000 -0.040000
v 2.970000 -8.970000 0.000000
v 2.970000 -7.030000 0.000000
v 1.030000 -7.030000 0.000000
v 1.030000 -8.970000 0.000000
v 4.970000 -7.030000 -0.052000
v 4.970000 -8.970000 -0.052000
v 3.030000 -8.970000 -0.052000
v 3.030000 -7.030000 -0.052000
v 4.970000 -8.970000 0.000000
v 4.970000 -7.030000 0.000000
v 3.030000 -7.030000 0.000000
v 3.030000 -8.970000 0.000000
v 6.970000 -7.030000 -0.040000
v 6.970000 -8.970000 -0.040000
v 5.030000 -8.970000 -0.040000
v 5.030000 -7.030000 -0.040000
v 6.970000 -8.970000 0.000000
v 6.970000 -7.030000 0.000000
v 5.030000 -7.030000 0.000000
v 5.030000 -8.970000 0.000000
v 8.970000 -7.030000 -0.052000
v 8.970000 -8.970000 -0.052000
v 7.030000 -8.970000 -0.052000
v 7.030000 -7.030000 -0.052000
v 8.970000 -8.970000 0.000000
v 8.970000 -7.030000 0.000000
v 7.030000 -7.030000 0.000000
v 7.030000 -8.970000 0.000000
v 10.970000 -7.030000 -0.040000
v 10.970000 -8.970000 -0.040000
v 9.030000 -8.970000 -0.040000
v 9.030000 -7.030000 -0.040000
v 10.970000 -8.970000 0.000000
v 10.970000 -7.030000 0.000000
v 9.030000 -7.030000 0.000000
v 9.030000 -8.970000 0.000000
v -9.030000 -5.030000 -0.040000
v -9.030000 -6.970000 -0.040000
v -10.970000 -6.970000 -0.040000
v -10.970000 -5.030000 -0.040000
v -9.030000 -6.970000 0.000000
v -9.030000 -5.030000 0.000000
v -10.970000 -5.030000 0.000000
v -10.970000 -6.970000 0.000000
v -7.030000 -5.030000 -0.040000
v -7.030000 -6.970000 -0.040000
v -8.970000 -6.970000 -0.040000
v -8.970000 -5.030000 -0.040000
v -7.030000 -6.970000 0.000000
v -7.030000 -5.030000 0.000000
v -8.970000 -5.030000 0.000000
v -8.970000 -6.970000 0.000000
v -5.030000 -5.030000 -0.052000
v -5.030000 -6.970000 -0.052000
v -6.970000 -6.970000 -0.052000
v -6.970000 -5.030000 -0.052000
v -5.030000 -6.970000 0.000000
v -5.030000 -5.030000 0.000000
v -6.970000 -5.030000 0.000000
v -6.970000 -6.970000 0.000000
v -3.030000 -5.030000 -0.040000
v -3.030000 -6.970000 -0.040000
v -4.970000 -6.970000 -0.040000
v -4.970000 -5.030000 -0.040000
v -3.030000 -6.970000 0.000000
v -3.030000 -5.030000 0.000000
v -4.970000 -5.030000 0.000000
v -4.970000 -6.970000 0.000000
v -1.030000 -5.030000 -0.052000
v -1.030000 -6.970000 -0.052000
v -2.970000 -6.970000 -0.052000
v -2.970000 -5.030000 -0.052000
v -1.030000 -6.970000 0.000000
v -1.030000 -5.030000 0.000000
v -2.970000 -5.030000 0.000000
v -2.970000 -6.970000 0.000000
v 0.970000 -5.030000 -0.040000
v 0.970000 -6.970000 -0.040000
v -0.970000 -6.970000 -0.040000
v -0.970000 -5.030000 -0.040000
v 0.970000 -6.970000 0.000000
v 0.970000 -5.030000 0.000000
v -0.970000 -5.030000 0.000000
v -0.970000 -6.970000 0.000000
v 2.970000 -5.030000 -0.052000
v 2.970000 -6.970000 -0.052000
v 1.030000 -6.970000 -0.052000
v 1.030000 -5.030000 -0.052000
v 2.970000 -6.970000 0.000000
v 2.970000 -5.030000 0.000000
v 1.030000 -5.030000 0.000000
v 1.030000 -6.970000 0.000000
v 4.970000 -5.030000 -0.052000
v 4.970000 -6.970000 -0.052000
v 3.030000 -6.970000 -0.052000
v 3.030000 -5.030000 -0.052000
v 4.970000 -6.970000 0.000000
v 4.970000 -5.030000 0.000000
v 3.030000 -5.030000 0.000000
v 3.030000 -6.970000 0.000000
v 6.970000 -5.030000 -0.040000
v 6.970000 -6.970000 -0.040000
v 5.030000 -6.970000 -0.040000
v 5.030000 -5.030000 -0.040000
v 6.970000 -6.970000 0.000000
v 6.970000 -5.030000 0.000000
v 5.030000 -5.030000 0.000000
v 5.030000 -6.970000 0.000000
v 8.970000 -5.030000 -0.040000
v 8.970000 -6.970000 -0.040000
v 7.030000 -6.970000 -0.040000
v 7.030000 -5.030000 -0.040000
v 8.970000 -6.970000 0.000000
v 8.970000 -5.030000 0.000000
v 7.030000 -5.030000 0.000000
v 7.030000 -6.970000 0.000000
v 10.970000 -5.030000 -0.040000
v 10.970000 -6.970000 -0.040000
v 9.030000 -6.970000 -0.040000
v 9.030000 -5.030000 -0.040000
v 10.970000 -6.970000 0.000000
v 10.970000 -5.030000 0.000000
v 9.030000 -5.030000 0.000000
v 9.030000 -6.970000 0.000000
v -9.030000 -3.030000 -0.040000
v -9.030000 -4.970000 -0.040000
v -10.970000 -4.970000 -0.040000
v -10.970000 -3.030000 -0.040000
v -9.030000 -4.970000 0.000000
v -9.030000 -3.030000 0.000000
v -10.970000 -3.030000 0.000000
v -10.970000 -4.970000 0.000000
v -7.030000 -3.030000 -0.040000
v -7.030000 -4.970000 -0.040000
v -8.970000 -4.970000 -0.040000
v -8.970000 -3.030000 -0.040000
v -7.030000 -4.970000 0.000000
v -7.030000 -3.030000 0.000000
v -8.970000 -3.030000 0.000000
v -8.970000 -4.970000 0.000000
v -5.030000 -3.030000 -0.040000
v -5.030000 -4.970000 -0.040000
v -6.970000 -4.970000 -0.040000
v -6.970000 -3.030000 -0.040000
v -5.030000 -4.970000 0.000000
v -5.030000 -3.030000 0.000000
v -6.970000 -3.030000 0.000000
v -6.970000 -4.970000 0.000000
v -3.030000 -3.030000 -0.052000
v -3.030000 -4.970000 -0.052000
v -4.970000 -4.970000 -0.052000
v -4.970000 -3.030000 -0.052000
v -3.030000 -4.970000 0.000000
v -3.030000 -3.030000 0.000000
v -4.970000 -3.030000 0.000000
v -4.970000 -4.970000 0.000000
v -1.030000 -3.030000 -0.052000
v -1.030000 -4.970000 -0.052000
v -2.970000 -4.970000 -0.052000
v -2.970000 -3.030000 -0.052000
v -1.030000 -4.970000 0.000000
v -1.030000 -3.030000 0.000000
v -2.970000 -3.030000 0.000000
v -2.970000 -4.970000 0.000000
v 0.970000 -3.030000 -0.040000
v 0.970000 -4.970000 -0.040000
v -0.970000 -4.970000 -0.040000
v -0.970000 -3.030000 -0.040000
v 0.970000 -4.970000 0.000000
v 0.970000 -3.030000 0.000000
v -0.970000 -3.030000 0.000000
v -0.970000 -4.970000 0.000000
v 2.970000 -3.030000 -0.040000
v 2.970000 -4.970000 -0.040000
v 1.030000 -4.970000 -0.040000
v 1.030000 -3.030000 -0.040000
v 2.970000 -4.970000 0.000000
v 2.970000 -3.030000 0.000000
v 1.030000 -3.030000 0.000000
v 1.030000 -4.970000 0.000000
v 4.970000 -3.030000 -0.040000
v 4.970000 -4.970000 -0.040000
v 3.030000 -4.970000 -0.040000
v 3.030000 -3.030000 -0.040000
v 4.970000 -4.970000 0.000000
v 4.970000 -3.030000 0.000000
v 3.030000 -3.030000 0.000000
v 3.030000 -4.970000 0.000000
v 6.970000 -3.030000 -0.040000
v 6.970000 -4.970000 -0.040000
v 5.030000 -4.970000 -0.040000
v 5.030000 -3.030000 -0.040000
v 6.970000 -4.970000 0.000000
v 6.970000 -3.030000 0.000000
v 5.030000 -3.030000 0.000000
v 5.030000 -4.970000 0.000000
v 8.970000 -3.030000 -0.052000
v 8.970000 -4.970000 -0.052000
v 7.030000 -4.970000 -0.052000
v 7.030000 -3.030000 -0.052000
v 8.970000 -4.970000 0.000000
v 8.970000 -3.030000 0.000000
v 7.030000 -3.030000 0.000000
v 7.030000 -4.970000 0.000000
v 10.970000 -3.030000 -0.040000
v 10.970000 -4.970000 -0.040000
v 9.030000 -4.970000 -0.040000
v 9.030000 -3.030000 -0.040000
v 10.970000 -4.970000 0.000000
v 10.970000 -3.030000 0.000000
v 9.030000 -3.030000 0.000000
v 9.030000 -4.970000 0.000000
v -9.030000 -1.030000 -0.040000
v -9.030000 -2.970000 -0.040000
v -10.970000 -2.970000 -0.040000
v -10.970000 -1.030000 -0.040000
v -9.030000 -2.970000 0.000000
v -9.030000 -1.030000 0.000000
v -10.970000 -1.030000 0.000000
v -10.970000 -2.970000 0.000000
v -7.030000 -1.030000 -0.040000
v -7.030000 -2.970000 -0.040000
v -8.970000 -2.970000 -0.040000
v -8.970000 -1.030000 -0.040000
v -7.030000 -2.970000 0.000000
v -7.030000 -1.030000 0.000000
v -8.970000 -1.030000 0.000000
v -8.970000 -2.970000 0.000000
v -5.030000 -1.030000 -0.040000
v -5.030000 -2.970000 -0.040000
v -6.970000 -2.970000 -0.040000
v -6.970000 -1.030000 -0.040000
v -5.030000 -2.970000 0.000000
v -5.030000 -1.030000 0.000000
v -6.970000 -1.030000 0.000000
v -6.970000 -2.970000 0.000000
v -3.030000 -1.030000 -0.040000
v -3.030000 -2.970000 -0.040000
v -4.970000 -2.970000 -0.040000
v -4.970000 -1.030000 -0.040000
v -3.030000 -2.970000 0.000000
v -3.030000 -1.030000 0.000000
v -4.970000 -1.030000 0.000000
v -4.970000 -2.970000 0.000000
v -1.030000 -1.030000 -0.040000
v -1.030000 -2.970000 -0.040000
v -2.970000 -2.970000 -0.040000
v -2.970000 -1.030000 -0.040000
v -1.030000 -2.970000 0.000000
v -1.030000 -1.030000 0.000000
v -2.970000 -1.030000 0.000000
v -2.970000 -2.970000 0.000000
v 0.970000 -1.030000 -0.052000
v 0.970000 -2.970000 -0.052000
v -0.970000 -2.970000 -0.052000
v -0.970000 -1.030000 -0.052000
v 0.970000 -2.970000 0.000000
v 0.970000 -1.030000 0.000000
v -0.970000 -1.030000 0.000000
v -0.970000 -2.970000 0.000000
v 2.970000 -1.030000 -0.052000
v 2.970000 -2.970000 -0.052000
v 1.030000 -2.970000 -0.052000
v 1.030000 -1.030000 -0.052000
v 2.970000 -2.970000 0.000000
v 2.970000 -1.030000 0.000000
v 1.030000 -1.030000 0.000000
v 1.030000 -2.970000 0.000000
v 4.970000 -1.030000 -0.040000
v 4.970000 -2.970000 -0.040000
v 3.030000 -2.970000 -0.040000
v 3.030000 -1.030000 -0.040000
v 4.970000 -2.970000 0.000000
v 4.970000 -1.030000 0.000000
v 3.030000 -1.030000 0.000000
v 3.030000 -2.970000 0.000000
v 6.970000 -1.030000 -0.040000
v 6.970000 -2.970000 -0.040000
v 5.030000 -2.970000 -0.040000
v 5.030000 -1.030000 -0.040000
v 6.970000 -2.970000 0.000000
v 6.970000 -1.030000 0.000000
v 5.030000 -1.030000 0.000000
v 5.030000 -2.970000 0.000000
v 8.970000 -1.030000 -0.040000
v 8.970000 -2.970000 -0.040000
v 7.030000 -2.970000 -0.040000
v 7.030000 -1.030000 -0.040000
v 8.970000 -2.970000 0.000000
v 8.970000 -1.030000 0.000000
v 7.030000 -1.030000 0.000000
v 7.030000 -2.970000 0.000000
v 10.970000 -1.030000 -0.040000
v 10.970000 -2.970000 -0.040000
v 9.030000 -2.970000 -0.040000
v 9.030000 -1.030000 -0.040000
v 10.970000 -2.970000 0.000000
v 10.970000 -1.030000 0.000000
v 9.030000 -1.030000 0.000000
v 9.030000 -2.970000 0.000000
v -9.030000 0.970000 -0.040000
v -9.030000 -0.970000 -0.040000
v -10.970000 -0.970000 -0.040000
v -10.970000 0.970000 -0.040000
v -9.030000 -0.970000 0.000000
v -9.030000 0.970000 0.000000
v -10.970000 0.970000 0.000000
v -10.970000 -0.970000 0.000000
v -7.030000 0.970000 -0.040000
v -7.030000 -0.970000 -0.040000
v -8.970000 -0.970000 -0.040000
v -8.970000 0.970000 -0.040000
v -7.030000 -0.970000 0.000000
v -7.030000 0.970000 0.000000
v -8.970000 0.970000 0.000000
v -8.970000 -0.970000 0.000000
v -5.030000 0.970000 -0.040000
v -5.030000 -0.970000 -0.040000
v -6.970000 -0.970000 -0.040000
v -6.970000 0.970000 -0.040000
v -5.030000 -0.970000 0.000000
v -5.030000 0.970000 0.000000
v -6.970000 0.970000 0.000000
v -6.970000 -0.970000 0.000000
v -3.030000 0.970000 -0.052000
v -3.030000 -0.970000 -0.052000
v -4.970000 -0.970000 -0.052000
v -4.970000 0.970000 -0.052000
v -3.030000 -0.970000 0.000000
v -3.030000 0.970000 0.000000
v -4.970000 0.970000 0.000000
v -4.970000 -0.970000 0.000000
v -1.030000 0.970000 -0.040000
v -1.030000 -0.970000 -0.040000
v -2.970000 -0.970000 -0.040000
v -2.970000 0.970000 -0.040000
v -1.030000 -0.970000 0.000000
v -1.030000 0.970000 0.000000
v -2.970000 0.970000 0.000000
v -2.970000 -0.970000 0.000000
v 0.970000 0.970000 -0.040000
v 0.970000 -0.970000 -0.040000
v -0.970000 -0.970000 -0.040000
v -0.970000 0.970000 -0.040000
v 0.970000 -0.970000 0.000000
v 0.970000 0.970000 0.000000
v -0.970000 0.970000 0.000000
v -0.970000 -0.970000 0.000000
v 2.970000 0.970000 -0.040000
v 2.970000 -0.970000 -0.040000
v 1.030000 -0.970000 -0.040000
v 1.030000 0.970000 -0.040000
v 2.970000 -0.970000 0.000000
v 2.970000 0.970000 0.000000
v 1.030000 0.970000 0.000000
v 1.030000 -0.970000 0.000000
v 4.970000 0.970000 -0.040000
v 4.970000 -0.970000 -0.040000
v 3.030000 -0.970000 -0.040000
v 3.030000 0.970000 -0.040000
v 4.970000 -0.970000 0.000000
v 4.970000 0.970000 0.000000
v 3.030000 0.970000 0.000000
v 3.030000 -0.970000 0.000000
v 6.970000 0.970000 -0.040000
v 6.970000 -0.970000 -0.040000
v 5.030000 -0.970000 -0.040000
v 5.030000 0.970000 -0.040000
v 6.970000 -0.970000 0.000000
v 6.970000 0.970000 0.000000
v 5.030000 0.970000 0.000000
v 5.030000 -0.970000 0.000000
v 8.970000 0.970000 -0.040000
v 8.970000 -0.970000 -0.040000
v 7.030000 -0.970000 -0.040000
v 7.030000 0.970000 -0.040000
v 8.970000 -0.970000 0.000000
v 8.970000 0.970000 0.000000
v 7.030000 0.970000 0.000000
v 7.030000 -0.970000 0.000000
v 10.970000 0.970000 -0.040000
v 10.970000 -0.970000 -0.040000
v 9.030000 -0.970000 -0.040000
v 9.030000 0.970000 -0.040000
v 10.970000 -0.970000 0.000000
v 10.970000 0.970000 0.000000
v 9.030000 0.970000 0.000000
v 9.030000 -0.970000 0.000000
v -9.030000 2.970000 -0.040000
v -9.030000 1.030000 -0.040000
v -10.970000 1.030000 -0.040000
v -10.970000 2.970000 -0.040000
v -9.030000 1.030000 0.000000
v -9.030000 2.970000 0.000000
v -10.970000 2.970000 0.000000
v -10.970000 1.030000 0.000000
v -7.030000 2.970000 -0.040000
v -7.030000 1.030000 -0.040000
v -8.970000 1.030000 -0.040000
v -8.970000 2.970000 -0.040000
v -7.030000 1.030000 0.000000
v -7.030000 2.970000 0.000000
v -8.970000 2.970000 0.000000
v -8.970000 1.030000 0.000000
v -5.030000 2.970000 -0.052000
v -5.030000 1.030000 -0.052000
v -6.970000 1.030000 -0.052000
v -6.970000 2.970000 -0.052000
v -5.030000 1.030000 0.000000
v -5.030000 2.970000 0.000000
v -6.970000 2.970000 0.000000
v -6.970000 1.030000 0.000000
v -3.030000 2.970000 -0.052000
v -3.030000 1.030000 -0.052000
v -4.970000 1.030000 -0.052000
v -4.970000 2.970000 -0.052000
v -3.030000 1.030000 0.000000
v -3.030000 2.970000 0.000000
v -4.970000 2.970000 0.000000
v -4.970000 1.030000 0.000000
v -1.030000 2.970000 -0.040000
v -1.030000 1.030000 -0.040000
v -2.970000 1.030000 -0.040000
v -2.970000 2.970000 -0.040000
v -1.030000 1.030000 0.000000
v -1.030000 2.970000 0.000000
v -2.970000 2.970000 0.000000
v -2.970000 1.030000 0.000000
v 0.970000 2.970000 -0.040000
v 0.970000 1.030000 -0.040000
v -0.970000 1.030000 -0.040000
v -0.970000 2.970000 -0.040000
v 0.970000 1.030000 0.000000
v 0.970000 2.970000 0.000000
v -0.970000 2.970000 0.000000
v -0.970000 1.030000 0.000000
v 2.970000 2.970000 -0.040000
v 2.970000 1.030000 -0.040000
v 1.030000 1.030000 -0.040000
v 1.030000 2.970000 -0.040000
v 2.970000 1.030000 0.000000
v 2.970000 2.970000 0.000000
v 1.030000 2.970000 0.000000
v 1.030000 1.030000 0.000000
v 4.970000 2.970000 -0.040000
v 4.970000 1.030000 -0.040000
v 3.030000 1.030000 -0.040000
v 3.030000 2.970000 -0.040000
v 4.970000 1.030000 0.000000
v 4.970000 2.970000 0.000000
v 3.030000 2.970000 0.000000
v 3.030000 1.030000 0.000000
v 6.970000 2.970000 -0.040000
v 6.970000 1.030000 -0.040000
v 5.030000 1.030000 -0.040000
v 5.030000 2.970000 -0.040000
v 6.970000 1.030000 0.000000
v 6.970000 2.970000 0.000000
v 5.030000 2.970000 0.000000
v 5.030000 1.030000 0.000000
v 8.970000 2.970000 -0.040000
v 8.970000 1.030000 -0.040000
v 7.030000 1.030000 -0.040000
v 7.030000 2.970000 -0.040000
v 8.970000 1.030000 0.000000
v 8.970000 2.970000 0.000000
v 7.030000 2.970000 0.000000
v 7.030000 1.030000 0.000000
v 10.970000 2.970000 -0.052000
v 10.970000 1.030000 -0.052000
v 9.030000 1.030000 -0.052000
v 9.030000 2.970000 -0.052000
v 10.970000 1.030000 0.000000
v 10.970000 2.970000 0.000000
v 9.030000 2.970000 0.000000
v 9.030000 1.030000 0.000000
v -9.030000 4.970000 -0.040000
v -9.030000 3.030000 -0.040000
v -10.970000 3.030000 -0.040000
v -10.970000 4.970000 -0.040000
v -9.030000 3.030000 0.000000
v -9.030000 4.970000 0.000000
v -10.970000 4.970000 0.000000
v -10.970000 3.030000 0.000000
v -7.030000 4.970000 -0.040000
v -7.030000 3.030000 -0.040000
v -8.970000 3.030000 -0.040000
v -8.970000 4.970000 -0.040000
v -7.030000 3.030000 0.000000
v -7.030000 4.970000 0.000000
v -8.970000 4.970000 0.000000
v -8.970000 3.030000 0.000000
v -5.030000 4.970000 -0.052000
v -5.030000 3.030000 -0.052000
v -6.970000 3.030000 -0.052000
v -6.970000 4.970000 -0.052000
v -5.030000 3.030000 0.000000
v -5.030000 4.970000 0.000000
v -6.970000 4.970000 0.000000
v -6.970000 3.030000 0.000000
v -3.030000 4.970000 -0.040000
v -3.030000 3.030000 -0.040000
v -4.970000 3.030000 -0.040000
v -4.970000 4.970000 -0.040000
v -3.030000 3.030000 0.000000
v -3.030000 4.970000 0.000000
v -4.970000 4.970000 0.000000
v -4.970000 3.030000 0.000000
v -1.030000 4.970000 -0.040000
v -1.030000 3.030000 -0.040000
v -2.970000 3.030000 -0.040000
v -2.970000 4.970000 -0.040000
v -1.030000 3.030000 0.000000
v -1.030000 4.970000 0.000000
v -2.970000 4.970000 0.000000
v -2.970000 3.030000 0.000000
v 0.970000 4.970000 -0.040000
v 0.970000 3.030000 -0.040000
v -0.970000 3.030000 -0.040000
v -0.970000 4.970000 -0.040000
v 0.970000 3.030000 0.000000
v 0.970000 4.970000 0.000000
v -0.970000 4.970000 0.000000
v -0.970000 3.030000 0.000000
v 2.970000 4.970000 -0.052000
v 2.970000 3.030000 -0.052000
v 1.030000 3.030000 -0.052000
v 1.030000 4.970000 -0.052000
v 2.970000 3.030000 0.000000
v 2.970000 4.970000 0.000000
v 1.030000 4.970000 0.000000
v 1.030000 3.030000 0.000000
v 4.970000 4.970000 -0.052000
v 4.970000 3.030000 -0.052000
v 3.030000 3.030000 -0.052000
v 3.030000 4.970000 -0.052000
v 4.970000 3.030000 0.000000
v 4.970000 4.970000 0.000000
v 3.030000 4.970000 0.000000
v 3.030000 3.030000 0.000000
v 6.970000 4.970000 -0.040000
v 6.970000 3.030000 -0.040000
v 5.030000 3.030000 -0.040000
v 5.030000 4.970000 -0.040000
v 6.970000 3.030000 0.000000
v 6.970000 4.970000 0.000000
v 5.030000 4.970000 0.000000
v 5.030000 3.030000 0.000000
v 8.970000 4.970000 -0.040000
v 8.970000 3.030000 -0.040000
v 7.030000 3.030000 -0.040000
v 7.030000 4.970000 -0.040000
v 8.970000 3.030000 0.000000
v 8.970000 4.970000 0.000000
v 7.030000 4.970000 0.000000
v 7.030000 3.030000 0.000000
v 10.970000 4.970000 -0.052000
v 10.970000 3.030000 -0.052000
v 9.030000 3.030000 -0.052000
v 9.030000 4.970000 -0.052000
v 10.970000 3.030000 0.000000
v 10.970000 4.970000 0.000000
v 9.030000 4.970000 0.000000
v 9.030000 3.030000 0.000000
v -9.030000 6.970000 -0.040000
v -9.030000 5.030000 -0.040000
v -10.970000 5.030000 -0.040000
v -10.970000 6.970000 -0.040000
v -9.030000 5.030000 0.000000
v -9.030000 6.970000 0.000000
v -10.970000 6.970000 0.000000
v -10.970000 5.030000 0.000000
v -7.030000 6.970000 -0.040000
v -7.030000 5.030000 -0.040000
v -8.970000 5.030000 -0.040000
v -8.970000 6.970000 -0.040000
v -7.030000 5.030000 0.000000
v -7.030000 6.970000 0.000000
v -8.970000 6.970000 0.000000
v -8.970000 5.030000 0.000000
v -5.030000 6.970000 -0.040000
v -5.030000 5.030000 -0.040000
v -6.970000 5.030000 -0.040000
v -6.970000 6.970000 -0.040000
v -5.030000 5.030000 0.000000
v -5.030000 6.970000 0.000000
v -6.970000 6.970000 0.000000
v -6.970000 5.030000 0.000000
v -3.030000 6.970000 -0.040000
v -3.030000 5.030000 -0.040000
v -4.970000 5.030000 -0.040000
v -4.970000 6.970000 -0.040000
v -3.030000 5.030000 0.000000
v -3.030000 6.970000 0.000000
v -4.970000 6.970000 0.000000
v -4.970000 5.030000 0.000000
v -1.030000 6.970000 -0.040000
v -1.030000 5.030000 -0.040000
v -2.970000 5.030000 -0.040000
v -2.970000 6.970000 -0.040000
v -1.030000 5.030000 0.000000
v -1.030000 6.970000 0.000000
v -2.970000 6.970000 0.000000
v -2.970000 5.030000 0.000000
v 0.970000 6.970000 -0.052000
v 0.970000 5.030000 -0.052000
v -0.970000 5.030000 -0.052000
v -0.970000 6.970000 -0.052000
v 0.970000 5.030000 0.000000
v 0.970000 6.970000 0.000000
v -0.970000 6.970000 0.000000
v -0.970000 5.030000 0.000000
v 2.970000 6.970000 -0.040000
v 2.970000 5.030000 -0.040000
v 1.030000 5.030000 -0.040000
v 1.030000 6.970000 -0.040000
v 2.970000 5.030000 0.000000
v 2.970000 6.970000 0.000000
v 1.030000 6.970000 0.000000
v 1.030000 5.030000 0.000000
v 4.970000 6.970000 -0.040000
v 4.970000 5.030000 -0.040000
v 3.030000 5.030000 -0.040000
v 3.030000 6.970000 -0.040000
v 4.970000 5.030000 0.000000
v 4.970000 6.970000 0.000000
v 3.030000 6.970000 0.000000
v 3.030000 5.030000 0.000000
v 6.970000 6.970000 -0.040000
v 6.970000 5.030000 -0.040000
v 5.030000 5.030000 -0.040000
v 5.030000 6.970000 -0.040000
v 6.970000 5.030000 0.000000
v 6.970000 6.970000 0.000000
v 5.030000 6.970000 0.000000
v 5.030000 5.030000 0.000000
v 8.970000 6.970000 -0.052000
v 8.970000 5.030000 -0.052000
v 7.030000 5.030000 -0.052000
v 7.030000 6.970000 -0.052000
v 8.970000 5.030000 0.000000
v 8.970000 6.970000 0.000000
v 7.030000 6.970000 0.000000
v 7.030000 5.030000 0.000000
v 10.970000 6.970000 -0.040000
v 10.970000 5.030000 -0.040000
v 9.030000 5.030000 -0.040000
v 9.030000 6.970000 -0.040000
v 10.970000 5.030000 0.000000
v 10.970000 6.970000 0.000000
v 9.030000 6.970000 0.000000
v 9.030000 5.030000 0.000000
v -9.030000 8.970000 -0.040000
v -9.030000 7.030000 -0.040000
v -10.970000 7.030000 -0.040000
v -10.970000 8.970000 -0.040000
v -9.030000 7.030000 0.000000
v -9.030000 8.970000 0.000000
v -10.970000 8.970000 0.000000
v -10.970000 7.030000 0.000000
v -7.030000 8.970000 -0.040000
v -7.030000 7.030000 -0.040000
v -8.970000 7.030000 -0.040000
v -8.970000 8.970000 -0.040000
v -7.030000 7.030000 0.000000
v -7.030000 8.970000 0.000000
v -8.970000 8.970000 0.000000
v -8.970000 7.030000 0.000000
v -5.030000 8.970000 -0.040000
v -5.030000 7.030000 -0.040000
v -6.970000 7.030000 -0.040000
v -6.970000 8.970000 -0.040000
v -5.030000 7.030000 0.000000
v -5.030000 8.970000 0.000000
v -6.970000 8.970000 0.000000
v -6.970000 7.030000 0.000000
v -3.030000 8.970000 -0.040000
v -3.030000 7.030000 -0.040000
v -4.970000 7.030000 -0.040000
v -4.970000 8.970000 -0.040000
v -3.030000 7.030000 0.000000
v -3.030000 8.970000 0.000000
v -4.970000 8.970000 0.000000
v -4.970000 7.030000 0.000000
v -1.030000 8.970000 -0.040000
v -1.030000 7.030000 -0.040000
v -2.970000 7.030000 -0.040000
v -2.970000 8.970000 -0.040000
v -1.030000 7.030000 0.000000
v -1.030000 8.970000 0.000000
v -2.970000 8.970000 0.000000
v -2.970000 7.030000 0.000000
v 0.970000 8.970000 -0.052000
v 0.970000 7.030000 -0.052000
v -0.970000 7.030000 -0.052000
v -0.970000 8.970000 -0.052000
v 0.970000 7.030000 0.000000
v 0.970000 8.970000 0.000000
v -0.970000 8.970000 0.000000
v -0.970000 7.030000 0.000000
v 2.970000 8.970000 -0.040000
v 2.970000 7.030000 -0.040000
v 1.030000 7.030000 -0.040000
v 1.030000 8.970000 -0.040000
v 2.970000 7.030000 0.000000
v 2.970000 8.970000 0.000000
v 1.030000 8.970000 0.000000
v 1.030000 7.030000 0.000000
v 4.970000 8.970000 -0.040000
v 4.970000 7.030000 -0.040000
v 3.030000 7.030000 -0.040000
v 3.030000 8.970000 -0.040000
v 4.970000 7.030000 0.000000
v 4.970000 8.970000 0.000000
v 3.030000 8.970000 0.000000
v 3.030000 7.030000 0.000000
v 6.970000 8.970000 -0.040000
v 6.970000 7.030000 -0.040000
v 5.030000 7.030000 -0.040000
v 5.030000 8.970000 -0.040000
v 6.970000 7.030000 0.000000
v 6.970000 8.970000 0.000000
v 5.030000 8.970000 0.000000
v 5.030000 7.030000 0.000000
v 8.970000 8.970000 -0.040000
v 8.970000 7.030000 -0.040000
v 7.030000 7.030000 -0.040000
v 7.030000 8.970000 -0.040000
v 8.970000 7.030000 0.000000
v 8.970000 8.970000 0.000000
v 7.030000 8.970000 0.000000
v 7.030000 7.030000 0.000000
v 10.970000 8.970000 -0.052000
v 10.970000 7.030000 -0.052000
v 9.030000 7.030000 -0.052000
v 9.030000 8.970000 -0.052000
v 10.970000 7.030000 0.000000
v 10.970000 8.970000 0.000000
v 9.030000 8.970000 0.000000
v 9.030000 7.030000 0.000000
v -9.030000 10.970000 -0.040000
v -9.030000 9.030000 -0.040000
v -10.970000 9.030000 -0.040000
v -10.970000 10.970000 -0.040000
v -9.030000 9.030000 0.000000
v -9.030000 10.970000 0.000000
v -10.970000 10.970000 0.000000
v -10.970000 9.030000 0.000000
v -7.030000 10.970000 -0.040000
v -7.030000 9.030000 -0.040000
v -8.970000 9.030000 -0.040000
v -8.970000 10.970000 -0.040000
v -7.030000 9.030000 0.000000
v -7.030000 10.970000 0.000000
v -8.970000 10.970000 0.000000
v -8.970000 9.030000 0.000000
v -5.030000 10.970000 -0.040000
v -5.030000 9.030000 -0.040000
v -6.970000 9.030000 -0.040000
v -6.970000 10.970000 -0.040000
v -5.030000 9.030000 0.000000
v -5.030000 10.970000 0.000000
v -6.970000 10.970000 0.000000
v -6.970000 9.030000 0.000000
v -3.030000 10.970000 -0.052000
v -3.030000 9.030000 -0.052000
v -4.970000 9.030000 -0.052000
v -4.970000 10.970000 -0.052000
v -3.030000 9.030000 0.000000
v -3.030000 10.970000 0.000000
v -4.970000 10.970000 0.000000
v -4.970000 9.030000 0.000000
v -1.030000 10.970000 -0.040000
v -1.030000 9.030000 -0.040000
v -2.970000 9.030000 -0.040000
v -2.970000 10.970000 -0.040000
v -1.030000 9.030000 0.000000
v -1.030000 10.970000 0.000000
v -2.970000 10.970000 0.000000
v -2.970000 9.030000 0.000000
v 0.970000 10.970000 -0.040000
v 0.970000 9.030000 -0.040000
v -0.970000 9.030000 -0.040000
v -0.970000 10.970000 -0.040000
v 0.970000 9.030000 0.000000
v 0.970000 10.970000 0.000000
v -0.970000 10.970000 0.000000
v -0.970000 9.030000 0.000000
v 2.970000 10.970000 -0.040000
v 2.970000 9.030000 -0.040000
v 1.030000 9.030000 -0.040000
v 1.030000 10.970000 -0.040000
v 2.970000 9.030000 0.000000
v 2.970000 10.970000 0.000000
v 1.030000 10.970000 0.000000
v 1.030000 9.030000 0.000000
v 4.970000 10.970000 -0.052000
v 4.970000 9.030000 -0.052000
v 3.030000 9.030000 -0.052000
v 3.030000 10.970000 -0.052000
v 4.970000 9.030000 0.000000
v 4.970000 10.970000 0.000000
v 3.030000 10.970000 0.000000
v 3.030000 9.030000 0.000000
v 6.970000 10.970000 -0.040000
v 6.970000 9.030000 -0.040000
v 5.030000 9.030000 -0.040000
v 5.030000 10.970000 -0.040000
v 6.970000 9.030000 0.000000
v 6.970000 10.970000 0.000000
v 5.030000 10.970000 0.000000
v 5.030000 9.030000 0.000000
v 8.970000 10.970000 -0.052000
v 8.970000 9.030000 -0.052000
v 7.030000 9.030000 -0.052000
v 7.030000 10.970000 -0.052000
v 8.970000 9.030000 0.000000
v 8.970000 10.970000 0.000000
v 7.030000 10.970000 0.000000
v 7.030000 9.030000 0.000000
v 10.970000 10.970000 -0.052000
v 10.970000 9.030000 -0.052000
v 9.030000 9.030000 -0.052000
v 9.030000 10.970000 -0.052000
v 10.970000 9.030000 0.000000
v 10.970000 10.970000 0.000000
v 9.030000 10.970000 0.000000
v 9.030000 9.030000 0.000000
v 11.000000 -6.690000 -0.160000
v 11.000000 -7.310000 -0.160000
v -11.000000 -7.310000 -0.160000
v -11.000000 -6.690000 -0.160000
v 11.000000 -7.310000 -0.040000
v 11.000000 -6.690000 -0.040000
v -11.000000 -6.690000 -0.040000
v -11.000000 -7.310000 -0.040000
v -10.330000 -6.700000 -0.036000
v -10.330000 -7.300000 -0.036000
v -10.670000 -7.300000 -0.036000
v -10.670000 -6.700000 -0.036000
v -10.330000 -7.300000 0.000000
v -10.330000 -6.700000 0.000000
v -10.670000 -6.700000 0.000000
v -10.670000 -7.300000 0.000000
v -9.330000 -6.700000 -0.036000
v -9.330000 -7.300000 -0.036000
v -9.670000 -7.300000 -0.036000
v -9.670000 -6.700000 -0.036000
v -9.330000 -7.300000 0.000000
v -9.330000 -6.700000 0.000000
v -9.670000 -6.700000 0.000000
v -9.670000 -7.300000 0.000000
v -8.330000 -6.700000 -0.036000
v -8.330000 -7.300000 -0.036000
v -8.670000 -7.300000 -0.036000
v -8.670000 -6.700000 -0.036000
v -8.330000 -7.300000 0.000000
v -8.330000 -6.700000 0.000000
v -8.670000 -6.700000 0.000000
v -8.670000 -7.300000 0.000000
v -7.330000 -6.700000 -0.036000
v -7.330000 -7.300000 -0.036000
v -7.670000 -7.300000 -0.036000
v -7.670000 -6.700000 -0.036000
v -7.330000 -7.300000 0.000000
v -7.330000 -6.700000 0.000000
v -7.670000 -6.700000 0.000000
v -7.670000 -7.300000 0.000000
v -6.330000 -6.700000 -0.036000
v -6.330000 -7.300000 -0.036000
v -6.670000 -7.300000 -0.036000
v -6.670000 -6.700000 -0.036000
v -6.330000 -7.300000 0.000000
v -6.330000 -6.700000 0.000000
v -6.670000 -6.700000 0.000000
v -6.670000 -7.300000 0.000000
v -5.330000 -6.700000 -0.036000
v -5.330000 -7.300000 -0.036000
v -5.670000 -7.300000 -0.036000
v -5.670000 -6.700000 -0.036000
v -5.330000 -7.300000 0.000000
v -5.330000 -6.700000 0.000000
v -5.670000 -6.700000 0.000000
v -5.670000 -7.300000 0.000000
v -4.330000 -6.700000 -0.036000
v -4.330000 -7.300000 -0.036000
v -4.670000 -7.300000 -0.036000
v -4.670000 -6.700000 -0.036000
v -4.330000 -7.300000 0.000000
v -4.330000 -6.700000 0.000000
v -4.670000 -6.700000 0.000000
v -4.670000 -7.300000 0.000000
v -3.330000 -6.700000 -0.036000
v -3.330000 -7.300000 -0.036000
v -3.670000 -7.300000 -0.036000
v -3.670000 -6.700000 -0.036000
v -3.330000 -7.300000 0.000000
v -3.330000 -6.700000 0.000000
v -3.670000 -6.700000 0.000000
v -3.670000 -7.300000 0.000000
v -2.330000 -6.700000 -0.036000
v -2.330000 -7.300000 -0.036000
v -2.670000 -7.300000 -0.036000
v -2.670000 -6.700000 -0.036000
v -2.330000 -7.300000 0.000000
v -2.330000 -6.700000 0.000000
v -2.670000 -6.700000 0.000000
v -2.670000 -7.300000 0.000000
v -1.330000 -6.700000 -0.036000
v -1.330000 -7.300000 -0.036000
v -1.670000 -7.300000 -0.036000
v -1.670000 -6.700000 -0.036000
v -1.330000 -7.300000 0.000000
v -1.330000 -6.700000 0.000000
v -1.670000 -6.700000 0.000000
v -1.670000 -7.300000 0.000000
v -0.330000 -6.700000 -0.036000
v -0.330000 -7.300000 -0.036000
v -0.670000 -7.300000 -0.036000
v -0.670000 -6.700000 -0.036000
v -0.330000 -7.300000 0.000000
v -0.330000 -6.700000 0.000000
v -0.670000 -6.700000 0.000000
v -0.670000 -7.300000 0.000000
v 0.670000 -6.700000 -0.036000
v 0.670000 -7.300000 -0.036000
v 0.330000 -7.300000 -0.036000
v 0.330000 -6.700000 -0.036000
v 0.670000 -7.300000 0.000000
v 0.670000 -6.700000 0.000000
v 0.330000 -6.700000 0.000000
v 0.330000 -7.300000 0.000000
v 1.670000 -6.700000 -0.036000
v 1.670000 -7.300000 -0.036000
v 1.330000 -7.300000 -0.036000
v 1.330000 -6.700000 -0.036000
v 1.670000 -7.300000 0.000000
v 1.670000 -6.700000 0.000000
v 1.330000 -6.700000 0.000000
v 1.330000 -7.300000 0.000000
v 2.670000 -6.700000 -0.036000
v 2.670000 -7.300000 -0.036000
v 2.330000 -7.300000 -0.036000
v 2.330000 -6.700000 -0.036000
v 2.670000 -7.300000 0.000000
v 2.670000 -6.700000 0.000000
v 2.330000 -6.700000 0.000000
v 2.330000 -7.300000 0.000000
v 3.670000 -6.700000 -0.036000
v 3.670000 -7.300000 -0.036000
v 3.330000 -7.300000 -0.036000
v 3.330000 -6.700000 -0.036000
v 3.670000 -7.300000 0.000000
v 3.670000 -6.700000 0.000000
v 3.330000 -6.700000 0.000000
v 3.330000 -7.300000 0.000000
v 4.670000 -6.700000 -0.036000
v 4.670000 -7.300000 -0.036000
v 4.330000 -7.300000 -0.036000
v 4.330000 -6.700000 -0.036000
v 4.670000 -7.300000 0.000000
v 4.670000 -6.700000 0.000000
v 4.330000 -6.700000 0.000000
v 4.330000 -7.300000 0.000000
v 5.670000 -6.700000 -0.036000
v 5.670000 -7.300000 -0.036000
v 5.330000 -7.300000 -0.036000
v 5.330000 -6.700000 -0.036000
v 5.670000 -7.300000 0.000000
v 5.670000 -6.700000 0.000000
v 5.330000 -6.700000 0.000000
v 5.330000 -7.300000 0.000000
v 6.670000 -6.700000 -0.036000
v 6.670000 -7.300000 -0.036000
v 6.330000 -7.300000 -0.036000
v 6.330000 -6.700000 -0.036000
v 6.670000 -7.300000 0.000000
v 6.670000 -6.700000 0.000000
v 6.330000 -6.700000 0.000000
v 6.330000 -7.300000 0.000000
v 7.670000 -6.700000 -0.036000
v 7.670000 -7.300000 -0.036000
v 7.330000 -7.300000 -0.036000
v 7.330000 -6.700000 -0.036000
v 7.670000 -7.300000 0.000000
v 7.670000 -6.700000 0.000000
v 7.330000 -6.700000 0.000000
v 7.330000 -7.300000 0.000000
v 8.670000 -6.700000 -0.036000
v 8.670000 -7.300000 -0.036000
v 8.330000 -7.300000 -0.036000
v 8.330000 -6.700000 -0.036000
v 8.670000 -7.300000 0.000000
v 8.670000 -6.700000 0.000000
v 8.330000 -6.700000 0.000000
v 8.330000 -7.300000 0.000000
v 9.670000 -6.700000 -0.036000
v 9.670000 -7.300000 -0.036000
v 9.330000 -7.300000 -0.036000
v 9.330000 -6.700000 -0.036000
v 9.670000 -7.300000 0.000000
v 9.670000 -6.700000 0.000000
v 9.330000 -6.700000 0.000000
v 9.330000 -7.300000 0.000000
v 10.670000 -6.700000 -0.036000
v 10.670000 -7.300000 -0.036000
v 10.330000 -7.300000 -0.036000
v 10.330000 -6.700000 -0.036000
v 10.670000 -7.300000 0.000000
v 10.670000 -6.700000 0.000000
v 10.330000 -6.700000 0.000000
v 10.330000 -7.300000 0.000000
v 11.000000 7.310000 -0.160000
v 11.000000 6.690000 -0.160000
v -11.000000 6.690000 -0.160000
v -11.000000 7.310000 -0.160000
v 11.000000 6.690000 -0.040000
v 11.000000 7.310000 -0.040000
v -11.000000 7.310000 -0.040000
v -11.000000 6.690000 -0.040000
v -10.330000 7.300000 -0.036000
v -10.330000 6.700000 -0.036000
v -10.670000 6.700000 -0.036000
v -10.670000 7.300000 -0.036000
v -10.330000 6.700000 0.000000
v -10.330000 7.300000 0.000000
v -10.670000 7.300000 0.000000
v -10.670000 6.700000 0.000000
v -9.330000 7.300000 -0.036000
v -9.330000 6.700000 -0.036000
v -9.670000 6.700000 -0.036000
v -9.670000 7.300000 -0.036000
v -9.330000 6.700000 0.000000
v -9.330000 7.300000 0.000000
v -9.670000 7.300000 0.000000
v -9.670000 6.700000 0.000000
v -8.330000 7.300000 -0.036000
v -8.330000 6.700000 -0.036000
v -8.670000 6.700000 -0.036000
v -8.670000 7.300000 -0.036000
v -8.330000 6.700000 0.000000
v -8.330000 7.300000 0.000000
v -8.670000 7.300000 0.000000
v -8.670000 6.700000 0.000000
v -7.330000 7.300000 -0.036000
v -7.330000 6.700000 -0.036000
v -7.670000 6.700000 -0.036000
v -7.670000 7.300000 -0.036000
v -7.330000 6.700000 0.000000
v -7.330000 7.300000 0.000000
v -7.670000 7.300000 0.000000
v -7.670000 6.700000 0.000000
v -6.330000 7.300000 -0.036000
v -6.330000 6.700000 -0.036000
v -6.670000 6.700000 -0.036000
v -6.670000 7.300000 -0.036000
v -6.330000 6.700000 0.000000
v -6.330000 7.300000 0.000000
v -6.670000 7.300000 0.000000
v -6.670000 6.700000 0.000000
v -5.330000 7.300000 -0.036000
v -5.330000 6.700000 -0.036000
v -5.670000 6.700000 -0.036000
v -5.670000 7.300000 -0.036000
v -5.330000 6.700000 0.000000
v -5.330000 7.300000 0.000000
v -5.670000 7.300000 0.000000
v -5.670000 6.700000 0.000000
v -4.330000 7.300000 -0.036000
v -4.330000 6.700000 -0.036000
v -4.670000 6.700000 -0.036000
v -4.670000 7.300000 -0.036000
v -4.330000 6.700000 0.000000
v -4.330000 7.300000 0.000000
v -4.670000 7.300000 0.000000
v -4.670000 6.700000 0.000000
v -3.330000 7.300000 -0.036000
v -3.330000 6.700000 -0.036000
v -3.670000 6.700000 -0.036000
v -3.670000 7.300000 -0.036000
v -3.330000 6.700000 0.000000
v -3.330000 7.300000 0.000000
v -3.670000 7.300000 0.000000
v -3.670000 6.700000 0.000000
v -2.330000 7.300000 -0.036000
v -2.330000 6.700000 -0.036000
v -2.670000 6.700000 -0.036000
v -2.670000 7.300000 -0.036000
v -2.330000 6.700000 0.000000
v -2.330000 7.300000 0.000000
v -2.670000 7.300000 0.000000
v -2.670000 6.700000 0.000000
v -1.330000 7.300000 -0.036000
v -1.330000 6.700000 -0.036000
v -1.670000 6.700000 -0.036000
v -1.670000 7.300000 -0.036000
v -1.330000 6.700000 0.000000
v -1.330000 7.300000 0.000000
v -1.670000 7.300000 0.000000
v -1.670000 6.700000 0.000000
v -0.330000 7.300000 -0.036000
v -0.330000 6.700000 -0.036000
v -0.670000 6.700000 -0.036000
v -0.670000 7.300000 -0.036000
v -0.330000 6.700000 0.000000
v -0.330000 7.300000 0.000000
v -0.670000 7.300000 0.000000
v -0.670000 6.700000 0.000000
v 0.670000 7.300000 -0.036000
v 0.670000 6.700000 -0.036000
v 0.330000 6.700000 -0.036000
v 0.330000 7.300000 -0.036000
v 0.670000 6.700000 0.000000
v 0.670000 7.300000 0.000000
v 0.330000 7.300000 0.000000
v 0.330000 6.700000 0.000000
v 1.670000 7.300000 -0.036000
v 1.670000 6.700000 -0.036000
v 1.330000 6.700000 -0.036000
v 1.330000 7.300000 -0.036000
v 1.670000 6.700000 0.000000
v 1.670000 7.300000 0.000000
v 1.330000 7.300000 0.000000
v 1.330000 6.700000 0.000000
v 2.670000 7.300000 -0.036000
v 2.670000 6.700000 -0.036000
v 2.330000 6.700000 -0.036000
v 2.330000 7.300000 -0.036000
v 2.670000 6.700000 0.000000
v 2.670000 7.300000 0.000000
v 2.330000 7.300000 0.000000
v 2.330000 6.700000 0.000000
v 3.670000 7.300000 -0.036000
v 3.670000 6.700000 -0.036000
v 3.330000 6.700000 -0.036000
v 3.330000 7.300000 -0.036000
v 3.670000 6.700000 0.000000
v 3.670000 7.300000 0.000000
v 3.330000 7.300000 0.000000
v 3.330000 6.700000 0.000000
v 4.670000 7.300000 -0.036000
v 4.670000 6.700000 -0.036000
v 4.330000 6.700000 -0.036000
v 4.330000 7.300000 -0.036000
v 4.670000 6.700000 0.000000
v 4.670000 7.300000 0.000000
v 4.330000 7.300000 0.000000
v 4.330000 6.700000 0.000000
v 5.670000 7.300000 -0.036000
v 5.670000 6.700000 -0.036000
v 5.330000 6.700000 -0.036000
v 5.330000 7.300000 -0.036000
v 5.670000 6.700000 0.000000
v 5.670000 7.300000 0.000000
v 5.330000 7.300000 0.000000
v 5.330000 6.700000 0.000000
v 6.670000 7.300000 -0.036000
v 6.670000 6.700000 -0.036000
v 6.330000 6.700000 -0.036000
v 6.330000 7.300000 -0.036000
v 6.670000 6.700000 0.000000
v 6.670000 7.300000 0.000000
v 6.330000 7.300000 0.000000
v 6.330000 6.700000 0.000000
v 7.670000 7.300000 -0.036000
v 7.670000 6.700000 -0.036000
v 7.330000 6.700000 -0.036000
v 7.330000 7.300000 -0.036000
v 7.670000 6.700000 0.000000
v 7.670000 7.300000 0.000000
v 7.330000 7.300000 0.000000
v 7.330000 6.700000 0.000000
v 8.670000 7.300000 -0.036000
v 8.670000 6.700000 -0.036000
v 8.330000 6.700000 -0.036000
v 8.330000 7.300000 -0.036000
v 8.670000 6.700000 0.000000
v 8.670000 7.300000 0.000000
v 8.330000 7.300000 0.000000
v 8.330000 6.700000 0.000000
v 9.670000 7.300000 -0.036000
v 9.670000 6.700000 -0.036000
v 9.330000 6.700000 -0.036000
v 9.330000 7.300000 -0.036000
v 9.670000 6.700000 0.000000
v 9.670000 7.300000 0.000000
v 9.330000 7.300000 0.000000
v 9.330000 6.700000 0.000000
v 10.670000 7.300000 -0.036000
v 10.670000 6.700000 -0.036000
v 10.330000 6.700000 -0.036000
v 10.330000 7.300000 -0.036000
v 10.670000 6.700000 0.000000
v 10.670000 7.300000 0.000000
v 10.330000 7.300000 0.000000
v 10.330000 6.700000 0.000000
v -8.690000 11.000000 -0.160000
v -8.690000 -11.000000 -0.160000
v -9.310000 -11.000000 -0.160000
v -9.310000 11.000000 -0.160000
v -8.690000 -11.000000 -0.040000
v -8.690000 11.000000 -0.040000
v -9.310000 11.000000 -0.040000
v -9.310000 -11.000000 -0.040000
v -8.700000 -10.330000 -0.036000
v -8.700000 -10.670000 -0.036000
v -9.300000 -10.670000 -0.036000
v -9.300000 -10.330000 -0.036000
v -8.700000 -10.670000 0.000000
v -8.700000 -10.330000 0.000000
v -9.300000 -10.330000 0.000000
v -9.300000 -10.670000 0.000000
v -8.700000 -9.330000 -0.036000
v -8.700000 -9.670000 -0.036000
v -9.300000 -9.670000 -0.036000
v -9.300000 -9.330000 -0.036000
v -8.700000 -9.670000 0.000000
v -8.700000 -9.330000 0.000000
v -9.300000 -9.330000 0.000000
v -9.300000 -9.670000 0.000000
v -8.700000 -8.330000 -0.036000
v -8.700000 -8.670000 -0.036000
v -9.300000 -8.670000 -0.036000
v -9.300000 -8.330000 -0.036000
v -8.700000 -8.670000 0.000000
v -8.700000 -8.330000 0.000000
v -9.300000 -8.330000 0.000000
v -9.300000 -8.670000 0.000000
v -8.700000 -7.330000 -0.036000
v -8.700000 -7.670000 -0.036000
v -9.300000 -7.670000 -0.036000
v -9.300000 -7.330000 -0.036000
v -8.700000 -7.670000 0.000000
v -8.700000 -7.330000 0.000000
v -9.300000 -7.330000 0.000000
v -9.300000 -7.670000 0.000000
v -8.700000 -6.330000 -0.036000
v -8.700000 -6.670000 -0.036000
v -9.300000 -6.670000 -0.036000
v -9.300000 -6.330000 -0.036000
v -8.700000 -6.670000 0.000000
v -8.700000 -6.330000 0.000000
v -9.300000 -6.330000 0.000000
v -9.300000 -6.670000 0.000000
v -8.700000 -5.330000 -0.036000
v -8.700000 -5.670000 -0.036000
v -9.300000 -5.670000 -0.036000
v -9.300000 -5.330000 -0.036000
v -8.700000 -5.670000 0.000000
v -8.700000 -5.330000 0.000000
v -9.300000 -5.330000 0.000000
v -9.300000 -5.670000 0.000000
v -8.700000 -4.330000 -0.036000
v -8.700000 -4.670000 -0.036000
v -9.300000 -4.670000 -0.036000
v -9.300000 -4.330000 -0.036000
v -8.700000 -4.670000 0.000000
v -8.700000 -4.330000 0.000000
v -9.300000 -4.330000 0.000000
v -9.300000 -4.670000 0.000000
v -8.700000 -3.330000 -0.036000
v -8.700000 -3.670000 -0.036000
v -9.300000 -3.670000 -0.036000
v -9.300000 -3.330000 -0.036000
v -8.700000 -3.670000 0.000000
v -8.700000 -3.330000 0.000000
v -9.300000 -3.330000 0.000000
v -9.300000 -3.670000 0.000000
v -8.700000 -2.330000 -0.036000
v -8.700000 -2.670000 -0.036000
v -9.300000 -2.670000 -0.036000
v -9.300000 -2.330000 -0.036000
v -8.700000 -2.670000 0.000000
v -8.700000 -2.330000 0.000000
v -9.300000 -2.330000 0.000000
v -9.300000 -2.670000 0.000000
v -8.700000 -1.330000 -0.036000
v -8.700000 -1.670000 -0.036000
v -9.300000 -1.670000 -0.036000
v -9.300000 -1.330000 -0.036000
v -8.700000 -1.670000 0.000000
v -8.700000 -1.330000 0.000000
v -9.300000 -1.330000 0.000000
v -9.300000 -1.670000 0.000000
v -8.700000 -0.330000 -0.036000
v -8.700000 -0.670000 -0.036000
v -9.300000 -0.670000 -0.036000
v -9.300000 -0.330000 -0.036000
v -8.700000 -0.670000 0.000000
v -8.700000 -0.330000 0.000000
v -9.300000 -0.330000 0.000000
v -9.300000 -0.670000 0.000000
v -8.700000 0.670000 -0.036000
v -8.700000 0.330000 -0.036000
v -9.300000 0.330000 -0.036000
v -9.300000 0.670000 -0.036000
v -8.700000 0.330000 0.000000
v -8.700000 0.670000 0.000000
v -9.300000 0.670000 0.000000
v -9.300000 0.330000 0.000000
v -8.700000 1.670000 -0.036000
v -8.700000 1.330000 -0.036000
v -9.300000 1.330000 -0.036000
v -9.300000 1.670000 -0.036000
v -8.700000 1.330000 0.000000
v -8.700000 1.670000 0.000000
v -9.300000 1.670000 0.000000
v -9.300000 1.330000 0.000000
v -8.700000 2.670000 -0.036000
v -8.700000 2.330000 -0.036000
v -9.300000 2.330000 -0.036000
v -9.300000 2.670000 -0.036000
v -8.700000 2.330000 0.000000
v -8.700000 2.670000 0.000000
v -9.300000 2.670000 0.000000
v -9.300000 2.330000 0.000000
v -8.700000 3.670000 -0.036000
v -8.700000 3.330000 -0.036000
v -9.300000 3.330000 -0.036000
v -9.300000 3.670000 -0.036000
v -8.700000 3.330000 0.000000
v -8.700000 3.670000 0.000000
v -9.300000 3.670000 0.000000
v -9.300000 3.330000 0.000000
v -8.700000 4.670000 -0.036000
v -8.700000 4.330000 -0.036000
v -9.300000 4.330000 -0.036000
v -9.300000 4.670000 -0.036000
v -8.700000 4.330000 0.000000
v -8.700000 4.670000 0.000000
v -9.300000 4.670000 0.000000
v -9.300000 4.330000 0.000000
v -8.700000 5.670000 -0.036000
v -8.700000 5.330000 -0.036000
v -9.300000 5.330000 -0.036000
v -9.300000 5.670000 -0.036000
v -8.700000 5.330000 0.000000
v -8.700000 5.670000 0.000000
v -9.300000 5.670000 0.000000
v -9.300000 5.330000 0.000000
v -8.700000 6.670000 -0.036000
v -8.700000 6.330000 -0.036000
v -9.300000 6.330000 -0.036000
v -9.300000 6.670000 -0.036000
v -8.700000 6.330000 0.000000
v -8.700000 6.670000 0.000000
v -9.300000 6.670000 0.000000
v -9.300000 6.330000 0.000000
v -8.700000 7.670000 -0.036000
v -8.700000 7.330000 -0.036000
v -9.300000 7.330000 -0.036000
v -9.300000 7.670000 -0.036000
v -8.700000 7.330000 0.000000
v -8.700000 7.670000 0.000000
v -9.300000 7.670000 0.000000
v -9.300000 7.330000 0.000000
v -8.700000 8.670000 -0.036000
v -8.700000 8.330000 -0.036000
v -9.300000 8.330000 -0.036000
v -9.300000 8.670000 -0.036000
v -8.700000 8.330000 0.000000
v -8.700000 8.670000 0.000000
v -9.300000 8.670000 0.000000
v -9.300000 8.330000 0.000000
v -8.700000 9.670000 -0.036000
v -8.700000 9.330000 -0.036000
v -9.300000 9.330000 -0.036000
v -9.300000 9.670000 -0.036000
v -8.700000 9.330000 0.000000
v -8.700000 9.670000 0.000000
v -9.300000 9.670000 0.000000
v -9.300000 9.330000 0.000000
v -8.700000 10.670000 -0.036000
v -8.700000 10.330000 -0.036000
v -9.300000 10.330000 -0.036000
v -9.300000 10.670000 -0.036000
v -8.700000 10.330000 0.000000
v -8.700000 10.670000 0.000000
v -9.300000 10.670000 0.000000
v -9.300000 10.330000 0.000000
v 9.310000 11.000000 -0.160000
v 9.310000 -11.000000 -0.160000
v 8.690000 -11.000000 -0.160000
v 8.690000 11.000000 -0.160000
v 9.310000 -11.000000 -0.040000
v 9.310000 11.000000 -0.040000
v 8.690000 11.000000 -0.040000
v 8.690000 -11.000000 -0.040000
v 9.300000 -10.330000 -0.036000
v 9.300000 -10.670000 -0.036000
v 8.700000 -10.670000 -0.036000
v 8.700000 -10.330000 -0.036000
v 9.300000 -10.670000 0.000000
v 9.300000 -10.330000 0.000000
v 8.700000 -10.330000 0.000000
v 8.700000 -10.670000 0.000000
v 9.300000 -9.330000 -0.036000
v 9.300000 -9.670000 -0.036000
v 8.700000 -9.670000 -0.036000
v 8.700000 -9.330000 -0.036000
v 9.300000 -9.670000 0.000000
v 9.300000 -9.330000 0.000000
v 8.700000 -9.330000 0.000000
v 8.700000 -9.670000 0.000000
v 9.300000 -8.330000 -0.036000
v 9.300000 -8.670000 -0.036000
v 8.700000 -8.670000 -0.036000
v 8.700000 -8.330000 -0.036000
v 9.300000 -8.670000 0.000000
v 9.300000 -8.330000 0.000000
v 8.700000 -8.330000 0.000000
v 8.700000 -8.670000 0.000000
v 9.300000 -7.330000 -0.036000
v 9.300000 -7.670000 -0.036000
v 8.700000 -7.670000 -0.036000
v 8.700000 -7.330000 -0.036000
v 9.300000 -7.670000 0.000000
v 9.300000 -7.330000 0.000000
v 8.700000 -7.330000 0.000000
v 8.700000 -7.670000 0.000000
v 9.300000 -6.330000 -0.036000
v 9.300000 -6.670000 -0.036000
v 8.700000 -6.670000 -0.036000
v 8.700000 -6.330000 -0.036000
v 9.300000 -6.670000 0.000000
v 9.300000 -6.330000 0.000000
v 8.700000 -6.330000 0.000000
v 8.700000 -6.670000 0.000000
v 9.300000 -5.330000 -0.036000
v 9.300000 -5.670000 -0.036000
v 8.700000 -5.670000 -0.036000
v 8.700000 -5.330000 -0.036000
v 9.300000 -5.670000 0.000000
v 9.300000 -5.330000 0.000000
v 8.700000 -5.330000 0.000000
v 8.700000 -5.670000 0.000000
v 9.300000 -4.330000 -0.036000
v 9.300000 -4.670000 -0.036000
v 8.700000 -4.670000 -0.036000
v 8.700000 -4.330000 -0.036000
v 9.300000 -4.670000 0.000000
v 9.300000 -4.330000 0.000000
v 8.700000 -4.330000 0.000000
v 8.700000 -4.670000 0.000000
v 9.300000 -3.330000 -0.036000
v 9.300000 -3.670000 -0.036000
v 8.700000 -3.670000 -0.036000
v 8.700000 -3.330000 -0.036000
v 9.300000 -3.670000 0.000000
v 9.300000 -3.330000 0.000000
v 8.700000 -3.330000 0.000000
v 8.700000 -3.670000 0.000000
v 9.300000 -2.330000 -0.036000
v 9.300000 -2.670000 -0.036000
v 8.700000 -2.670000 -0.036000
v 8.700000 -2.330000 -0.036000
v 9.300000 -2.670000 0.000000
v 9.300000 -2.330000 0.000000
v 8.700000 -2.330000 0.000000
v 8.700000 -2.670000 0.000000
v 9.300000 -1.330000 -0.036000
v 9.300000 -1.670000 -0.036000
v 8.700000 -1.670000 -0.036000
v 8.700000 -1.330000 -0.036000
v 9.300000 -1.670000 0.000000
v 9.300000 -1.330000 0.000000
v 8.700000 -1.330000 0.000000
v 8.700000 -1.670000 0.000000
v 9.300000 -0.330000 -0.036000
v 9.300000 -0.670000 -0.036000
v 8.700000 -0.670000 -0.036000
v 8.700000 -0.330000 -0.036000
v 9.300000 -0.670000 0.000000
v 9.300000 -0.330000 0.000000
v 8.700000 -0.330000 0.000000
v 8.700000 -0.670000 0.000000
v 9.300000 0.670000 -0.036000
v 9.300000 0.330000 -0.036000
v 8.700000 0.330000 -0.036000
v 8.700000 0.670000 -0.036000
v 9.300000 0.330000 0.000000
v 9.300000 0.670000 0.000000
v 8.700000 0.670000 0.000000
v 8.700000 0.330000 0.000000
v 9.300000 1.670000 -0.036000
v 9.300000 1.330000 -0.036000
v 8.700000 1.330000 -0.036000
v 8.700000 1.670000 -0.036000
v 9.300000 1.330000 0.000000
v 9.300000 1.670000 0.000000
v 8.700000 1.670000 0.000000
v 8.700000 1.330000 0.000000
v 9.300000 2.670000 -0.036000
v 9.300000 2.330000 -0.036000
v 8.700000 2.330000 -0.036000
v 8.700000 2.670000 -0.036000
v 9.300000 2.330000 0.000000
v 9.300000 2.670000 0.000000
v 8.700000 2.670000 0.000000
v 8.700000 2.330000 0.000000
v 9.300000 3.670000 -0.036000
v 9.300000 3.330000 -0.036000
v 8.700000 3.330000 -0.036000
v 8.700000 3.670000 -0.036000
v 9.300000 3.330000 0.000000
v 9.300000 3.670000 0.000000
v 8.700000 3.670000 0.000000
v 8.700000 3.330000 0.000000
v 9.300000 4.670000 -0.036000
v 9.300000 4.330000 -0.036000
v 8.700000 4.330000 -0.036000
v 8.700000 4.670000 -0.036000
v 9.300000 4.330000 0.000000
v 9.300000 4.670000 0.000000
v 8.700000 4.670000 0.000000
v 8.700000 4.330000 0.000000
v 9.300000 5.670000 -0.036000
v 9.300000 5.330000 -0.036000
v 8.700000 5.330000 -0.036000
v 8.700000 5.670000 -0.036000
v 9.300000 5.330000 0.000000
v 9.300000 5.670000 0.000000
v 8.700000 5.670000 0.000000
v 8.700000 5.330000 0.000000
v 9.300000 6.670000 -0.036000
v 9.300000 6.330000 -0.036000
v 8.700000 6.330000 -0.036000
v 8.700000 6.670000 -0.036000
v 9.300000 6.330000 0.000000
v 9.300000 6.670000 0.000000
v 8.700000 6.670000 0.000000
v 8.700000 6.330000 0.000000
v 9.300000 7.670000 -0.036000
v 9.300000 7.330000 -0.036000
v 8.700000 7.330000 -0.036000
v 8.700000 7.670000 -0.036000
v 9.300000 7.330000 0.000000
v 9.300000 7.670000 0.000000
v 8.700000 7.670000 0.000000
v 8.700000 7.330000 0.000000
v 9.300000 8.670000 -0.036000
v 9.300000 8.330000 -0.036000
v 8.700000 8.330000 -0.036000
v 8.700000 8.670000 -0.036000
v 9.300000 8.330000 0.000000
v 9.300000 8.670000 0.000000
v 8.700000 8.670000 0.000000
v 8.700000 8.330000 0.000000
v 9.300000 9.670000 -0.036000
v 9.300000 9.330000 -0.036000
v 8.700000 9.330000 -0.036000
v 8.700000 9.670000 -0.036000
v 9.300000 9.330000 0.000000
v 9.300000 9.670000 0.000000
v 8.700000 9.670000 0.000000
v 8.700000 9.330000 0.000000
v 9.300000 10.670000 -0.036000
v 9.300000 10.330000 -0.036000
v 8.700000 10.330000 -0.036000
v 8.700000 10.670000 -0.036000
v 9.300000 10.330000 0.000000
v 9.300000 10.670000 0.000000
v 8.700000 10.670000 0.000000
v 8.700000 10.330000 0.000000
v -6.030000 7.970000 -0.100000
v -6.030000 6.030000 -0.100000
v -7.970000 6.030000 -0.100000
v -7.970000 7.970000 -0.100000
v -6.030000 6.030000 0.000000
v -6.030000 7.970000 0.000000
v -7.970000 7.970000 0.000000
v -7.970000 6.030000 0.000000
v -6.170000 7.830000 -0.030000
v -6.170000 6.170000 -0.030000
v -7.830000 6.170000 -0.030000
v -7.830000 7.830000 -0.030000
v -6.170000 6.170000 0.000000
v -6.170000 7.830000 0.000000
v -7.830000 7.830000 0.000000
v -7.830000 6.170000 0.000000
v -7.755000 6.190000 0.000000
v -7.782500 6.237631 0.000000
v -7.782500 6.237631 0.028000
v -7.755000 6.190000 0.028000
v -7.837500 6.237631 0.000000
v -7.837500 6.237631 0.028000
v -7.865000 6.190000 0.000000
v -7.865000 6.190000 0.028000
v -7.837500 6.142369 0.000000
v -7.837500 6.142369 0.028000
v -7.782500 6.142369 0.000000
v -7.782500 6.142369 0.028000
v -7.755000 7.810000 0.000000
v -7.782500 7.857631 0.000000
v -7.782500 7.857631 0.028000
v -7.755000 7.810000 0.028000
v -7.837500 7.857631 0.000000
v -7.837500 7.857631 0.028000
v -7.865000 7.810000 0.000000
v -7.865000 7.810000 0.028000
v -7.837500 7.762369 0.000000
v -7.837500 7.762369 0.028000
v -7.782500 7.762369 0.000000
v -7.782500 7.762369 0.028000
v -6.135000 6.190000 0.000000
v -6.162500 6.237631 0.000000
v -6.162500 6.237631 0.028000
v -6.135000 6.190000 0.028000
v -6.217500 6.237631 0.000000
v -6.217500 6.237631 0.028000
v -6.245000 6.190000 0.000000
v -6.245000 6.190000 0.028000
v -6.217500 6.142369 0.000000
v -6.217500 6.142369 0.028000
v -6.162500 6.142369 0.000000
v -6.162500 6.142369 0.028000
v -6.135000 7.810000 0.000000
v -6.162500 7.857631 0.000000
v -6.162500 7.857631 0.028000
v -6.135000 7.810000 0.028000
v -6.217500 7.857631 0.000000
v -6.217500 7.857631 0.028000
v -6.245000 7.810000 0.000000
v -6.245000 7.810000 0.028000
v -6.217500 7.762369 0.000000
v -6.217500 7.762369 0.028000
v -6.162500 7.762369 0.000000
v -6.162500 7.762369 0.028000
v -4.030000 -4.030000 -0.100000
v -4.030000 -5.970000 -0.100000
v -5.970000 -5.970000 -0.100000
v -5.970000 -4.030000 -0.100000
v -4.030000 -5.970000 0.000000
v -4.030000 -4.030000 0.000000
v -5.970000 -4.030000 0.000000
v -5.970000 -5.970000 0.000000
v -4.170000 -4.170000 -0.030000
v -4.170000 -5.830000 -0.030000
v -5.830000 -5.830000 -0.030000
v -5.830000 -4.170000 -0.030000
v -4.170000 -5.830000 0.000000
v -4.170000 -4.170000 0.000000
v -5.830000 -4.170000 0.000000
v -5.830000 -5.830000 0.000000
v -5.755000 -5.810000 0.000000
v -5.782500 -5.762369 0.000000
v -5.782500 -5.762369 0.028000
v -5.755000 -5.810000 0.028000
v -5.837500 -5.762369 0.000000
v -5.837500 -5.762369 0.028000
v -5.865000 -5.810000 0.000000
v -5.865000 -5.810000 0.028000
v -5.837500 -5.857631 0.000000
v -5.837500 -5.857631 0.028000
v -5.782500 -5.857631 0.000000
v -5.782500 -5.857631 0.028000
v -5.755000 -4.190000 0.000000
v -5.782500 -4.142369 0.000000
v -5.782500 -4.142369 0.028000
v -5.755000 -4.190000 0.028000
v -5.837500 -4.142369 0.000000
v -5.837500 -4.142369 0.028000
v -5.865000 -4.190000 0.000000
v -5.865000 -4.190000 0.028000
v -5.837500 -4.237631 0.000000
v -5.837500 -4.237631 0.028000
v -5.782500 -4.237631 0.000000
v -5.782500 -4.237631 0.028000
v -4.135000 -5.810000 0.000000
v -4.162500 -5.762369 0.000000
v -4.162500 -5.762369 0.028000
v -4.135000 -5.810000 0.028000
v -4.217500 -5.762369 0.000000
v -4.217500 -5.762369 0.028000
v -4.245000 -5.810000 0.000000
v -4.245000 -5.810000 0.028000
v -4.217500 -5.857631 0.000000
v -4.217500 -5.857631 0.028000
v -4.162500 -5.857631 0.000000
v -4.162500 -5.857631 0.028000
v -4.135000 -4.190000 0.000000
v -4.162500 -4.142369 0.000000
v -4.162500 -4.142369 0.028000
v -4.135000 -4.190000 0.028000
v -4.217500 -4.142369 0.000000
v -4.217500 -4.142369 0.028000
v -4.245000 -4.190000 0.000000
v -4.245000 -4.190000 0.028000
v -4.217500 -4.237631 0.000000
v -4.217500 -4.237631 0.028000
v -4.162500 -4.237631 0.000000
v -4.162500 -4.237631 0.028000
v 3.970000 -8.030000 -0.100000
v 3.970000 -9.970000 -0.100000
v 2.030000 -9.970000 -0.100000
v 2.030000 -8.030000 -0.100000
v 3.970000 -9.970000 0.000000
v 3.970000 -8.030000 0.000000
v 2.030000 -8.030000 0.000000
v 2.030000 -9.970000 0.000000
v 3.830000 -8.170000 -0.030000
v 3.830000 -9.830000 -0.030000
v 2.170000 -9.830000 -0.030000
v 2.170000 -8.170000 -0.030000
v 3.830000 -9.830000 0.000000
v 3.830000 -8.170000 0.000000
v 2.170000 -8.170000 0.000000
v 2.170000 -9.830000 0.000000
v 2.245000 -9.810000 0.000000
v 2.217500 -9.762369 0.000000
v 2.217500 -9.762369 0.028000
v 2.245000 -9.810000 0.028000
v 2.162500 -9.762369 0.000000
v 2.162500 -9.762369 0.028000
v 2.135000 -9.810000 0.000000
v 2.135000 -9.810000 0.028000
v 2.162500 -9.857631 0.000000
v 2.162500 -9.857631 0.028000
v 2.217500 -9.857631 0.000000
v 2.217500 -9.857631 0.028000
v 2.245000 -8.190000 0.000000
v 2.217500 -8.142369 0.000000
v 2.217500 -8.142369 0.028000
v 2.245000 -8.190000 0.028000
v 2.162500 -8.142369 0.000000
v 2.162500 -8.142369 0.028000
v 2.135000 -8.190000 0.000000
v 2.135000 -8.190000 0.028000
v 2.162500 -8.237631 0.000000
v 2.162500 -8.237631 0.028000
v 2.217500 -8.237631 0.000000
v 2.217500 -8.237631 0.028000
v 3.865000 -9.810000 0.000000
v 3.837500 -9.762369 0.000000
v 3.837500 -9.762369 0.028000
v 3.865000 -9.810000 0.028000
v 3.782500 -9.762369 0.000000
v 3.782500 -9.762369 0.028000
v 3.755000 -9.810000 0.000000
v 3.755000 -9.810000 0.028000
v 3.782500 -9.857631 0.000000
v 3.782500 -9.857631 0.028000
v 3.837500 -9.857631 0.000000
v 3.837500 -9.857631 0.028000
v 3.865000 -8.190000 0.000000
v 3.837500 -8.142369 0.000000
v 3.837500 -8.142369 0.028000
v 3.865000 -8.190000 0.028000
v 3.782500 -8.142369 0.000000
v 3.782500 -8.142369 0.028000
v 3.755000 -8.190000 0.000000
v 3.755000 -8.190000 0.028000
v 3.782500 -8.237631 0.000000
v 3.782500 -8.237631 0.028000
v 3.837500 -8.237631 0.000000
v 3.837500 -8.237631 0.028000
v 7.970000 3.970000 -0.100000
v 7.970000 2.030000 -0.100000
v 6.030000 2.030000 -0.100000
v 6.030000 3.970000 -0.100000
v 7.970000 2.030000 0.000000
v 7.970000 3.970000 0.000000
v 6.030000 3.970000 0.000000
v 6.030000 2.030000 0.000000
v 7.830000 3.830000 -0.030000
v 7.830000 2.170000 -0.030000
v 6.170000 2.170000 -0.030000
v 6.170000 3.830000 -0.030000
v 7.830000 2.170000 0.000000
v 7.830000 3.830000 0.000000
v 6.170000 3.830000 0.000000
v 6.170000 2.170000 0.000000
v 6.245000 2.190000 0.000000
v 6.217500 2.237631 0.000000
v 6.217500 2.237631 0.028000
v 6.245000 2.190000 0.028000
v 6.162500 2.237631 0.000000
v 6.162500 2.237631 0.028000
v 6.135000 2.190000 0.000000
v 6.135000 2.190000 0.028000
v 6.162500 2.142369 0.000000
v 6.162500 2.142369 0.028000
v 6.217500 2.142369 0.000000
v 6.217500 2.142369 0.028000
v 6.245000 3.810000 0.000000
v 6.217500 3.857631 0.000000
v 6.217500 3.857631 0.028000
v 6.245000 3.810000 0.028000
v 6.162500 3.857631 0.000000
v 6.162500 3.857631 0.028000
v 6.135000 3.810000 0.000000
v 6.135000 3.810000 0.028000
v 6.162500 3.762369 0.000000
v 6.162500 3.762369 0.028000
v 6.217500 3.762369 0.000000
v 6.217500 3.762369 0.028000
v 7.865000 2.190000 0.000000
v 7.837500 2.237631 0.000000
v 7.837500 2.237631 0.028000
v 7.865000 2.190000 0.028000
v 7.782500 2.237631 0.000000
v 7.782500 2.237631 0.028000
v 7.755000 2.190000 0.000000
v 7.755000 2.190000 0.028000
v 7.782500 2.142369 0.000000
v 7.782500 2.142369 0.028000
v 7.837500 2.142369 0.000000
v 7.837500 2.142369 0.028000
v 7.865000 3.810000 0.000000
v 7.837500 3.857631 0.000000
v 7.837500 3.857631 0.028000
v 7.865000 3.810000 0.028000
v 7.782500 3.857631 0.000000
v 7.782500 3.857631 0.028000
v 7.755000 3.810000 0.000000
v 7.755000 3.810000 0.028000
v 7.782500 3.762369 0.000000
v 7.782500 3.762369 0.028000
v 7.837500 3.762369 0.000000
v 7.837500 3.762369 0.028000
v 5.600000 9.100000 -0.020000
v 5.600000 7.900000 -0.020000
v -5.600000 7.900000 -0.020000
v -5.600000 9.100000 -0.020000
v 5.600000 7.900000 0.012000
v 5.600000 9.100000 0.012000
v -5.600000 9.100000 0.012000
v -5.600000 7.900000 0.012000
v 6.200000 -3.200000 -0.020000
v 6.200000 -4.000000 -0.020000
v 3.800000 -4.000000 -0.020000
v 3.800000 -3.200000 -0.020000
v 6.200000 -4.000000 0.012000
v 6.200000 -3.200000 0.012000
v 3.800000 -3.200000 0.012000
v 3.800000 -4.000000 0.012000
v 3.000000 -9.100000 -0.020000
v 3.000000 -10.100000 -0.020000
v -3.000000 -10.100000 -0.020000
v -3.000000 -9.100000 -0.020000
v 3.000000 -10.100000 0.012000
v 3.000000 -9.100000 0.012000
v -3.000000 -9.100000 0.012000
v -3.000000 -10.100000 0.012000
v 11.750000 -11.000000 -0.080000
v 11.750000 -11.750000 -0.080000
v -11.750000 -11.750000 -0.080000
v -11.750000 -11.000000 -0.080000
v 11.750000 -11.750000 0.000000
v 11.750000 -11.000000 0.000000
v -11.750000 -11.000000 0.000000
v -11.750000 -11.750000 0.000000
v -11.000000 11.000000 -0.080000
v -11.000000 -11.000000 -0.080000
v -11.750000 11.000000 -0.080000
v -11.000000 -11.000000 0.000000
v -11.000000 11.000000 0.000000
v -11.750000 11.000000 0.000000
v 11.750000 11.750000 -0.080000
v 11.750000 11.000000 -0.080000
v -11.750000 11.750000 -0.080000
v 11.750000 11.000000 0.000000
v 11.750000 11.750000 0.000000
v -11.750000 11.750000 0.000000
v 11.000000 -11.000000 -0.080000
v 11.000000 11.000000 -0.080000
v 11.000000 11.000000 0.000000
v 11.000000 -11.000000 0.000000
v 11.000000 -11.000000 -0.120000
v 11.000000 -11.120000 -0.120000
v -11.000000 -11.120000 -0.120000
v -11.000000 -11.000000 -0.120000
v 11.000000 -11.120000 0.000000
v -11.000000 -11.120000 0.000000
v -11.000000 11.000000 -0.120000
v -11.120000 -11.000000 -0.120000
v -11.120000 11.000000 -0.120000
v -11.120000 11.000000 0.000000
v -11.120000 -11.000000 0.000000
v 11.000000 11.120000 -0.120000
v 11.000000 11.000000 -0.120000
v -11.000000 11.120000 -0.120000
v 11.000000 11.120000 0.000000
v -11.000000 11.120000 0.000000
v 11.120000 11.000000 -0.120000
v 11.120000 -11.000000 -0.120000
v 11.120000 -11.000000 0.000000
v 11.120000 11.000000 0.000000
v -11.305000 -11.375000 0.000000
v -11.340000 -11.314378 0.000000
v -11.340000 -11.314378 0.035000
v -11.305000 -11.375000 0.035000
v -11.410000 -11.314378 0.000000
v -11.410000 -11.314378 0.035000
v -11.445000 -11.375000 0.000000
v -11.445000 -11.375000 0.035000
v -11.410000 -11.435622 0.000000
v -11.410000 -11.435622 0.035000
v -11.340000 -11.435622 0.000000
v -11.340000 -11.435622 0.035000
v -11.305000 11.375000 0.000000
v -11.340000 11.435622 0.000000
v -11.340000 11.435622 0.035000
v -11.305000 11.375000 0.035000
v -11.410000 11.435622 0.000000
v -11.410000 11.435622 0.035000
v -11.445000 11.375000 0.000000
v -11.445000 11.375000 0.035000
v -11.410000 11.314378 0.000000
v -11.410000 11.314378 0.035000
v -11.340000 11.314378 0.000000
v -11.340000 11.314378 0.035000
v 11.445000 -11.375000 0.000000
v 11.410000 -11.314378 0.000000
v 11.410000 -11.314378 0.035000
v 11.445000 -11.375000 0.035000
v 11.340000 -11.314378 0.000000
v 11.340000 -11.314378 0.035000
v 11.305000 -11.375000 0.000000
v 11.305000 -11.375000 0.035000
v 11.340000 -11.435622 0.000000
v 11.340000 -11.435622 0.035000
v 11.410000 -11.435622 0.000000
v 11.410000 -11.435622 0.035000
v 11.445000 11.375000 0.000000
v 11.410000 11.435622 0.000000
v 11.410000 11.435622 0.035000
v 11.445000 11.375000 0.035000
v 11.340000 11.435622 0.000000
v 11.340000 11.435622 0.035000
v 11.305000 11.375000 0.000000
v 11.305000 11.375000 0.035000
v 11.340000 11.314378 0.000000
v 11.340000 11.314378 0.035000
v 11.410000 11.314378 0.000000
v 11.410000 11.314378 0.035000
vt 6.000000 6.000000
vt 6.000000 -6.000000
vt -6.000000 -6.000000
vt -6.000000 6.000000
vt 6.000000 -0.420000
vt 6.000000 -0.020000
vt -6.000000 -0.020000
vt -6.000000 -0.420000
vt -4.515000 -4.515000
vt -4.515000 -5.485000
vt -5.485000 -5.485000
vt -5.485000 -4.515000
vt -4.515000 -0.020000
vt -4.515000 0.000000
vt -5.485000 0.000000
vt -5.485000 -0.020000
vt -3.515000 -4.515000
vt -3.515000 -5.485000
vt -4.485000 -5.485000
vt -4.485000 -4.515000
vt -3.515000 -0.026000
vt -3.515000 0.000000
vt -4.485000 0.000000
vt -4.485000 -0.026000
vt -5.485000 -0.026000
vt -4.515000 -0.026000
vt -2.515000 -4.515000
vt -2.515000 -5.485000
vt -3.485000 -5.485000
vt -3.485000 -4.515000
vt -2.515000 -0.020000
vt -2.515000 0.000000
vt -3.485000 0.000000
vt -3.485000 -0.020000
vt -1.515000 -4.515000
vt -1.515000 -5.485000
vt -2.485000 -5.485000
vt -2.485000 -4.515000
vt -1.515000 -0.020000
vt -1.515000 0.000000
vt -2.485000 0.000000
vt -2.485000 -0.020000
vt -0.515000 -4.515000
vt -0.515000 -5.485000
vt -1.485000 -5.485000
vt -1.485000 -4.515000
vt -0.515000 -0.020000
vt -0.515000 0.000000
vt -1.485000 0.000000
vt -1.485000 -0.020000
vt 0.485000 -4.515000
vt 0.485000 -5.485000
vt -0.485000 -5.485000
vt -0.485000 -4.515000
vt 0.485000 -0.020000
vt 0.485000 0.000000
vt -0.485000 0.000000
vt -0.485000 -0.020000
vt 1.485000 -4.515000
vt 1.485000 -5.485000
vt 0.515000 -5.485000
vt 0.515000 -4.515000
vt 1.485000 -0.020000
vt 1.485000 0.000000
vt 0.515000 0.000000
vt 0.515000 -0.020000
vt 2.485000 -4.515000
vt 2.485000 -5.485000
vt 1.515000 -5.485000
vt 1.515000 -4.515000
vt 2.485000 -0.026000
vt 2.485000 0.000000
vt 1.515000 0.000000
vt 1.515000 -0.026000
vt 3.485000 -4.515000
vt 3.485000 -5.485000
vt 2.515000 -5.485000
vt 2.515000 -4.515000
vt 3.485000 -0.020000
vt 3.485000 0.000000
vt 2.515000 0.000000
vt 2.515000 -0.020000
vt 4.485000 -4.515000
vt 4.485000 -5.485000
vt 3.515000 -5.485000
vt 3.515000 -4.515000
vt 4.485000 -0.026000
vt 4.485000 0.000000
vt 3.515000 0.000000
vt 3.515000 -0.026000
vt 5.485000 -4.515000
vt 5.485000 -5.485000
vt 4.515000 -5.485000
vt 4.515000 -4.515000
vt 5.485000 -0.026000
vt 5.485000 0.000000
vt 4.515000 0.000000
vt 4.515000 -0.026000
vt -4.515000 -3.515000
vt -4.515000 -4.485000
vt -5.485000 -4.485000
vt -5.485000 -3.515000
vt -3.515000 -3.515000
vt -3.515000 -4.485000
vt -4.485000 -4.485000
vt -4.485000 -3.515000
vt -3.515000 -0.020000
vt -4.485000 -0.020000
vt -2.515000 -3.515000
vt -2.515000 -4.485000
vt -3.485000 -4.485000
vt -3.485000 -3.515000
vt -1.515000 -3.515000
vt -1.515000 -4.485000
vt -2.485000 -4.485000
vt -2.485000 -3.515000
vt -0.515000 -3.515000
vt -0.515000 -4.485000
vt -1.485000 -4.485000
vt -1.485000 -3.515000
vt 0.485000 -3.515000
vt 0.485000 -4.485000
vt -0.485000 -4.485000
vt -0.485000 -3.515000
vt 1.485000 -3.515000
vt 1.485000 -4.485000
vt 0.515000 -4.485000
vt 0.515000 -3.515000
vt 2.485000 -3.515000
vt 2.485000 -4.485000
vt 1.515000 -4.485000
vt 1.515000 -3.515000
vt 3.485000 -3.515000
vt 3.485000 -4.485000
vt 2.515000 -4.485000
vt 2.515000 -3.515000
vt 4.485000 -3.515000
vt 4.485000 -4.485000
vt 3.515000 -4.485000
vt 3.515000 -3.515000
vt 5.485000 -3.515000
vt 5.485000 -4.485000
vt 4.515000 -4.485000
vt 4.515000 -3.515000
vt 5.485000 -0.020000
vt 4.515000 -0.020000
vt -4.515000 -2.515000
vt -4.515000 -3.485000
vt -5.485000 -3.485000
vt -5.485000 -2.515000
vt -3.515000 -2.515000
vt -3.515000 -3.485000
vt -4.485000 -3.485000
vt -4.485000 -2.515000
vt -2.515000 -2.515000
vt -2.515000 -3.485000
vt -3.485000 -3.485000
vt -3.485000 -2.515000
vt -2.515000 -0.026000
vt -3.485000 -0.026000
vt -1.515000 -2.515000
vt -1.515000 -3.485000
vt -2.485000 -3.485000
vt -2.485000 -2.515000
vt -0.515000 -2.515000
vt -0.515000 -3.485000
vt -1.485000 -3.485000
vt -1.485000 -2.515000
vt -0.515000 -0.026000
vt -1.485000 -0.026000
vt 0.485000 -2.515000
vt 0.485000 -3.485000
vt -0.485000 -3.485000
vt -0.485000 -2.515000
vt 1.485000 -2.515000
vt 1.485000 -3.485000
vt 0.515000 -3.485000
vt 0.515000 -2.515000
vt 1.485000 -0.026000
vt 0.515000 -0.026000
vt 2.485000 -2.515000
vt 2.485000 -3.485000
vt 1.515000 -3.485000
vt 1.515000 -2.515000
vt 3.485000 -2.515000
vt 3.485000 -3.485000
vt 2.515000 -3.485000
vt 2.515000 -2.515000
vt 4.485000 -2.515000
vt 4.485000 -3.485000
vt 3.515000 -3.485000
vt 3.515000 -2.515000
vt 4.485000 -0.020000
vt 3.515000 -0.020000
vt 5.485000 -2.515000
vt 5.485000 -3.485000
vt 4.515000 -3.485000
vt 4.515000 -2.515000
vt -4.515000 -1.515000
vt -4.515000 -2.485000
vt -5.485000 -2.485000
vt -5.485000 -1.515000
vt -3.515000 -1.515000
vt -3.515000 -2.485000
vt -4.485000 -2.485000
vt -4.485000 -1.515000
vt -2.515000 -1.515000
vt -2.515000 -2.485000
vt -3.485000 -2.485000
vt -3.485000 -1.515000
vt -1.515000 -1.515000
vt -1.515000 -2.485000
vt -2.485000 -2.485000
vt -2.485000 -1.515000
vt -1.515000 -0.026000
vt -2.485000 -0.026000
vt -0.515000 -1.515000
vt -0.515000 -2.485000
vt -1.485000 -2.485000
vt -1.485000 -1.515000
vt 0.485000 -1.515000
vt 0.485000 -2.485000
vt -0.485000 -2.485000
vt -0.485000 -1.515000
vt 1.485000 -1.515000
vt 1.485000 -2.485000
vt 0.515000 -2.485000
vt 0.515000 -1.515000
vt 2.485000 -1.515000
vt 2.485000 -2.485000
vt 1.515000 -2.485000
vt 1.515000 -1.515000
vt 2.485000 -0.020000
vt 1.515000 -0.020000
vt 3.485000 -1.515000
vt 3.485000 -2.485000
vt 2.515000 -2.485000
vt 2.515000 -1.515000
vt 4.485000 -1.515000
vt 4.485000 -2.485000
vt 3.515000 -2.485000
vt 3.515000 -1.515000
vt 5.485000 -1.515000
vt 5.485000 -2.485000
vt 4.515000 -2.485000
vt 4.515000 -1.515000
vt -4.515000 -0.515000
vt -4.515000 -1.485000
vt -5.485000 -1.485000
vt -5.485000 -0.515000
vt -3.515000 -0.515000
vt -3.515000 -1.485000
vt -4.485000 -1.485000
vt -4.485000 -0.515000
vt -2.515000 -0.515000
vt -2.515000 -1.485000
vt -3.485000 -1.485000
vt -3.485000 -0.515000
vt -1.515000 -0.515000
vt -1.515000 -1.485000
vt -2.485000 -1.485000
vt -2.485000 -0.515000
vt -0.515000 -0.515000
vt -0.515000 -1.485000
vt -1.485000 -1.485000
vt -1.485000 -0.515000
vt 0.485000 -0.515000
vt 0.485000 -1.485000
vt -0.485000 -1.485000
vt -0.485000 -0.515000
vt 0.485000 -0.026000
vt -0.485000 -0.026000
vt 1.485000 -0.515000
vt 1.485000 -1.485000
vt 0.515000 -1.485000
vt 0.515000 -0.515000
vt 2.485000 -0.515000
vt 2.485000 -1.485000
vt 1.515000 -1.485000
vt 1.515000 -0.515000
vt 3.485000 -0.515000
vt 3.485000 -1.485000
vt 2.515000 -1.485000
vt 2.515000 -0.515000
vt 4.485000 -0.515000
vt 4.485000 -1.485000
vt 3.515000 -1.485000
vt 3.515000 -0.515000
vt 5.485000 -0.515000
vt 5.485000 -1.485000
vt 4.515000 -1.485000
vt 4.515000 -0.515000
vt -4.515000 0.485000
vt -4.515000 -0.485000
vt -5.485000 -0.485000
vt -5.485000 0.485000
vt -3.515000 0.485000
vt -3.515000 -0.485000
vt -4.485000 -0.485000
vt -4.485000 0.485000
vt -2.515000 0.485000
vt -2.515000 -0.485000
vt -3.485000 -0.485000
vt -3.485000 0.485000
vt -1.515000 0.485000
vt -1.515000 -0.485000
vt -2.485000 -0.485000
vt -2.485000 0.485000
vt -0.515000 0.485000
vt -0.515000 -0.485000
vt -1.485000 -0.485000
vt -1.485000 0.485000
vt 0.485000 0.485000
vt 0.485000 -0.485000
vt -0.485000 -0.485000
vt -0.485000 0.485000
vt 1.485000 0.485000
vt 1.485000 -0.485000
vt 0.515000 -0.485000
vt 0.515000 0.485000
vt 2.485000 0.485000
vt 2.485000 -0.485000
vt 1.515000 -0.485000
vt 1.515000 0.485000
vt 3.485000 0.485000
vt 3.485000 -0.485000
vt 2.515000 -0.485000
vt 2.515000 0.485000
vt 4.485000 0.485000
vt 4.485000 -0.485000
vt 3.515000 -0.485000
vt 3.515000 0.485000
vt 5.485000 0.485000
vt 5.485000 -0.485000
vt 4.515000 -0.485000
vt 4.515000 0.485000
vt -4.515000 1.485000
vt -4.515000 0.515000
vt -5.485000 0.515000
vt -5.485000 1.485000
vt -3.515000 1.485000
vt -3.515000 0.515000
vt -4.485000 0.515000
vt -4.485000 1.485000
vt -2.515000 1.485000
vt -2.515000 0.515000
vt -3.485000 0.515000
vt -3.485000 1.485000
vt -1.515000 1.485000
vt -1.515000 0.515000
vt -2.485000 0.515000
vt -2.485000 1.485000
vt -0.515000 1.485000
vt -0.515000 0.515000
vt -1.485000 0.515000
vt -1.485000 1.485000
vt 0.485000 1.485000
vt 0.485000 0.515000
vt -0.485000 0.515000
vt -0.485000 1.485000
vt 1.485000 1.485000
vt 1.485000 0.515000
vt 0.515000 0.515000
vt 0.515000 1.485000
vt 2.485000 1.485000
vt 2.485000 0.515000
vt 1.515000 0.515000
vt 1.515000 1.485000
vt 3.485000 1.485000
vt 3.485000 0.515000
vt 2.515000 0.515000
vt 2.515000 1.485000
vt 4.485000 1.485000
vt 4.485000 0.515000
vt 3.515000 0.515000
vt 3.515000 1.485000
vt 5.485000 1.485000
vt 5.485000 0.515000
vt 4.515000 0.515000
vt 4.515000 1.485000
vt -4.515000 2.485000
vt -4.515000 1.515000
vt -5.485000 1.515000
vt -5.485000 2.485000
vt -3.515000 2.485000
vt -3.515000 1.515000
vt -4.485000 1.515000
vt -4.485000 2.485000
vt -2.515000 2.485000
vt -2.515000 1.515000
vt -3.485000 1.515000
vt -3.485000 2.485000
vt -1.515000 2.485000
vt -1.515000 1.515000
vt -2.485000 1.515000
vt -2.485000 2.485000
vt -0.515000 2.485000
vt -0.515000 1.515000
vt -1.485000 1.515000
vt -1.485000 2.485000
vt 0.485000 2.485000
vt 0.485000 1.515000
vt -0.485000 1.515000
vt -0.485000 2.485000
vt 1.485000 2.485000
vt 1.485000 1.515000
vt 0.515000 1.515000
vt 0.515000 2.485000
vt 2.485000 2.485000
vt 2.485000 1.515000
vt 1.515000 1.515000
vt 1.515000 2.485000
vt 3.485000 2.485000
vt 3.485000 1.515000
vt 2.515000 1.515000
vt 2.515000 2.485000
vt 4.485000 2.485000
vt 4.485000 1.515000
vt 3.515000 1.515000
vt 3.515000 2.485000
vt 5.485000 2.485000
vt 5.485000 1.515000
vt 4.515000 1.515000
vt 4.515000 2.485000
vt -4.515000 3.485000
vt -4.515000 2.515000
vt -5.485000 2.515000
vt -5.485000 3.485000
vt -3.515000 3.485000
vt -3.515000 2.515000
vt -4.485000 2.515000
vt -4.485000 3.485000
vt -2.515000 3.485000
vt -2.515000 2.515000
vt -3.485000 2.515000
vt -3.485000 3.485000
vt -1.515000 3.485000
vt -1.515000 2.515000
vt -2.485000 2.515000
vt -2.485000 3.485000
vt -0.515000 3.485000
vt -0.515000 2.515000
vt -1.485000 2.515000
vt -1.485000 3.485000
vt 0.485000 3.485000
vt 0.485000 2.515000
vt -0.485000 2.515000
vt -0.485000 3.485000
vt 2.515000 -0.026000
vt 3.485000 -0.026000
vt 1.485000 3.485000
vt 1.485000 2.515000
vt 0.515000 2.515000
vt 0.515000 3.485000
vt 2.485000 3.485000
vt 2.485000 2.515000
vt 1.515000 2.515000
vt 1.515000 3.485000
vt 3.485000 3.485000
vt 3.485000 2.515000
vt 2.515000 2.515000
vt 2.515000 3.485000
vt 4.485000 3.485000
vt 4.485000 2.515000
vt 3.515000 2.515000
vt 3.515000 3.485000
vt 5.485000 3.485000
vt 5.485000 2.515000
vt 4.515000 2.515000
vt 4.515000 3.485000
vt -4.515000 4.485000
vt -4.515000 3.515000
vt -5.485000 3.515000
vt -5.485000 4.485000
vt -3.515000 4.485000
vt -3.515000 3.515000
vt -4.485000 3.515000
vt -4.485000 4.485000
vt -2.515000 4.485000
vt -2.515000 3.515000
vt -3.485000 3.515000
vt -3.485000 4.485000
vt -1.515000 4.485000
vt -1.515000 3.515000
vt -2.485000 3.515000
vt -2.485000 4.485000
vt -0.515000 4.485000
vt -0.515000 3.515000
vt -1.485000 3.515000
vt -1.485000 4.485000
vt 0.485000 4.485000
vt 0.485000 3.515000
vt -0.485000 3.515000
vt -0.485000 4.485000
vt 1.485000 4.485000
vt 1.485000 3.515000
vt 0.515000 3.515000
vt 0.515000 4.485000
vt 2.485000 4.485000
vt 2.485000 3.515000
vt 1.515000 3.515000
vt 1.515000 4.485000
vt 3.485000 4.485000
vt 3.485000 3.515000
vt 2.515000 3.515000
vt 2.515000 4.485000
vt 4.485000 4.485000
vt 4.485000 3.515000
vt 3.515000 3.515000
vt 3.515000 4.485000
vt 5.485000 4.485000
vt 5.485000 3.515000
vt 4.515000 3.515000
vt 4.515000 4.485000
vt -4.515000 5.485000
vt -4.515000 4.515000
vt -5.485000 4.515000
vt -5.485000 5.485000
vt -3.515000 5.485000
vt -3.515000 4.515000
vt -4.485000 4.515000
vt -4.485000 5.485000
vt -2.515000 5.485000
vt -2.515000 4.515000
vt -3.485000 4.515000
vt -3.485000 5.485000
vt -1.515000 5.485000
vt -1.515000 4.515000
vt -2.485000 4.515000
vt -2.485000 5.485000
vt -0.515000 5.485000
vt -0.515000 4.515000
vt -1.485000 4.515000
vt -1.485000 5.485000
vt 0.485000 5.485000
vt 0.485000 4.515000
vt -0.485000 4.515000
vt -0.485000 5.485000
vt 1.485000 5.485000
vt 1.485000 4.515000
vt 0.515000 4.515000
vt 0.515000 5.485000
vt 2.485000 5.485000
vt 2.485000 4.515000
vt 1.515000 4.515000
vt 1.515000 5.485000
vt 3.485000 5.485000
vt 3.485000 4.515000
vt 2.515000 4.515000
vt 2.515000 5.485000
vt 4.485000 5.485000
vt 4.485000 4.515000
vt 3.515000 4.515000
vt 3.515000 5.485000
vt 5.485000 5.485000
vt 5.485000 4.515000
vt 4.515000 4.515000
vt 4.515000 5.485000
vt 5.500000 -3.345000
vt 5.500000 -3.655000
vt -5.500000 -3.655000
vt -5.500000 -3.345000
vt 5.500000 -0.080000
vt 5.500000 -0.020000
vt -5.500000 -0.020000
vt -5.500000 -0.080000
vt -3.655000 -0.080000
vt -3.655000 -0.020000
vt -3.345000 -0.020000
vt -3.345000 -0.080000
vt -5.165000 -3.350000
vt -5.165000 -3.650000
vt -5.335000 -3.650000
vt -5.335000 -3.350000
vt -5.165000 -0.018000
vt -5.165000 0.000000
vt -5.335000 0.000000
vt -5.335000 -0.018000
vt -3.650000 -0.018000
vt -3.650000 0.000000
vt -3.350000 0.000000
vt -3.350000 -0.018000
vt -4.665000 -3.350000
vt -4.665000 -3.650000
vt -4.835000 -3.650000
vt -4.835000 -3.350000
vt -4.665000 -0.018000
vt -4.665000 0.000000
vt -4.835000 0.000000
vt -4.835000 -0.018000
vt -4.165000 -3.350000
vt -4.165000 -3.650000
vt -4.335000 -3.650000
vt -4.335000 -3.350000
vt -4.165000 -0.018000
vt -4.165000 0.000000
vt -4.335000 0.000000
vt -4.335000 -0.018000
vt -3.665000 -3.350000
vt -3.665000 -3.650000
vt -3.835000 -3.650000
vt -3.835000 -3.350000
vt -3.665000 -0.018000
vt -3.665000 0.000000
vt -3.835000 0.000000
vt -3.835000 -0.018000
vt -3.165000 -3.350000
vt -3.165000 -3.650000
vt -3.335000 -3.650000
vt -3.335000 -3.350000
vt -3.165000 -0.018000
vt -3.165000 0.000000
vt -3.335000 0.000000
vt -3.335000 -0.018000
vt -2.665000 -3.350000
vt -2.665000 -3.650000
vt -2.835000 -3.650000
vt -2.835000 -3.350000
vt -2.665000 -0.018000
vt -2.665000 0.000000
vt -2.835000 0.000000
vt -2.835000 -0.018000
vt -2.165000 -3.350000
vt -2.165000 -3.650000
vt -2.335000 -3.650000
vt -2.335000 -3.350000
vt -2.165000 -0.018000
vt -2.165000 0.000000
vt -2.335000 0.000000
vt -2.335000 -0.018000
vt -1.665000 -3.350000
vt -1.665000 -3.650000
vt -1.835000 -3.650000
vt -1.835000 -3.350000
vt -1.665000 -0.018000
vt -1.665000 0.000000
vt -1.835000 0.000000
vt -1.835000 -0.018000
vt -1.165000 -3.350000
vt -1.165000 -3.650000
vt -1.335000 -3.650000
vt -1.335000 -3.350000
vt -1.165000 -0.018000
vt -1.165000 0.000000
vt -1.335000 0.000000
vt -1.335000 -0.018000
vt -0.665000 -3.350000
vt -0.665000 -3.650000
vt -0.835000 -3.650000
vt -0.835000 -3.350000
vt -0.665000 -0.018000
vt -0.665000 0.000000
vt -0.835000 0.000000
vt -0.835000 -0.018000
vt -0.165000 -3.350000
vt -0.165000 -3.650000
vt -0.335000 -3.650000
vt -0.335000 -3.350000
vt -0.165000 -0.018000
vt -0.165000 0.000000
vt -0.335000 0.000000
vt -0.335000 -0.018000
vt 0.335000 -3.350000
vt 0.335000 -3.650000
vt 0.165000 -3.650000
vt 0.165000 -3.350000
vt 0.335000 -0.018000
vt 0.335000 0.000000
vt 0.165000 0.000000
vt 0.165000 -0.018000
vt 0.835000 -3.350000
vt 0.835000 -3.650000
vt 0.665000 -3.650000
vt 0.665000 -3.350000
vt 0.835000 -0.018000
vt 0.835000 0.000000
vt 0.665000 0.000000
vt 0.665000 -0.018000
vt 1.335000 -3.350000
vt 1.335000 -3.650000
vt 1.165000 -3.650000
vt 1.165000 -3.350000
vt 1.335000 -0.018000
vt 1.335000 0.000000
vt 1.165000 0.000000
vt 1.165000 -0.018000
vt 1.835000 -3.350000
vt 1.835000 -3.650000
vt 1.665000 -3.650000
vt 1.665000 -3.350000
vt 1.835000 -0.018000
vt 1.835000 0.000000
vt 1.665000 0.000000
vt 1.665000 -0.018000
vt 2.335000 -3.350000
vt 2.335000 -3.650000
vt 2.165000 -3.650000
vt 2.165000 -3.350000
vt 2.335000 -0.018000
vt 2.335000 0.000000
vt 2.165000 0.000000
vt 2.165000 -0.018000
vt 2.835000 -3.350000
vt 2.835000 -3.650000
vt 2.665000 -3.650000
vt 2.665000 -3.350000
vt 2.835000 -0.018000
vt 2.835000 0.000000
vt 2.665000 0.000000
vt 2.665000 -0.018000
vt 3.335000 -3.350000
vt 3.335000 -3.650000
vt 3.165000 -3.650000
vt 3.165000 -3.350000
vt 3.335000 -0.018000
vt 3.335000 0.000000
vt 3.165000 0.000000
vt 3.165000 -0.018000
vt 3.835000 -3.350000
vt 3.835000 -3.650000
vt 3.665000 -3.650000
vt 3.665000 -3.350000
vt 3.835000 -0.018000
vt 3.835000 0.000000
vt 3.665000 0.000000
vt 3.665000 -0.018000
vt 4.335000 -3.350000
vt 4.335000 -3.650000
vt 4.165000 -3.650000
vt 4.165000 -3.350000
vt 4.335000 -0.018000
vt 4.335000 0.000000
vt 4.165000 0.000000
vt 4.165000 -0.018000
vt 4.835000 -3.350000
vt 4.835000 -3.650000
vt 4.665000 -3.650000
vt 4.665000 -3.350000
vt 4.835000 -0.018000
vt 4.835000 0.000000
vt 4.665000 0.000000
vt 4.665000 -0.018000
vt 5.335000 -3.350000
vt 5.335000 -3.650000
vt 5.165000 -3.650000
vt 5.165000 -3.350000
vt 5.335000 -0.018000
vt 5.335000 0.000000
vt 5.165000 0.000000
vt 5.165000 -0.018000
vt 5.500000 3.655000
vt 5.500000 3.345000
vt -5.500000 3.345000
vt -5.500000 3.655000
vt 3.345000 -0.080000
vt 3.345000 -0.020000
vt 3.655000 -0.020000
vt 3.655000 -0.080000
vt -5.165000 3.650000
vt -5.165000 3.350000
vt -5.335000 3.350000
vt -5.335000 3.650000
vt 3.350000 -0.018000
vt 3.350000 0.000000
vt 3.650000 0.000000
vt 3.650000 -0.018000
vt -4.665000 3.650000
vt -4.665000 3.350000
vt -4.835000 3.350000
vt -4.835000 3.650000
vt -4.165000 3.650000
vt -4.165000 3.350000
vt -4.335000 3.350000
vt -4.335000 3.650000
vt -3.665000 3.650000
vt -3.665000 3.350000
vt -3.835000 3.350000
vt -3.835000 3.650000
vt -3.165000 3.650000
vt -3.165000 3.350000
vt -3.335000 3.350000
vt -3.335000 3.650000
vt -2.665000 3.650000
vt -2.665000 3.350000
vt -2.835000 3.350000
vt -2.835000 3.650000
vt -2.165000 3.650000
vt -2.165000 3.350000
vt -2.335000 3.350000
vt -2.335000 3.650000
vt -1.665000 3.650000
vt -1.665000 3.350000
vt -1.835000 3.350000
vt -1.835000 3.650000
vt -1.165000 3.650000
vt -1.165000 3.350000
vt -1.335000 3.350000
vt -1.335000 3.650000
vt -0.665000 3.650000
vt -0.665000 3.350000
vt -0.835000 3.350000
vt -0.835000 3.650000
vt -0.165000 3.650000
vt -0.165000 3.350000
vt -0.335000 3.350000
vt -0.335000 3.650000
vt 0.335000 3.650000
vt 0.335000 3.350000
vt 0.165000 3.350000
vt 0.165000 3.650000
vt 0.835000 3.650000
vt 0.835000 3.350000
vt 0.665000 3.350000
vt 0.665000 3.650000
vt 1.335000 3.650000
vt 1.335000 3.350000
vt 1.165000 3.350000
vt 1.165000 3.650000
vt 1.835000 3.650000
vt 1.835000 3.350000
vt 1.665000 3.350000
vt 1.665000 3.650000
vt 2.335000 3.650000
vt 2.335000 3.350000
vt 2.165000 3.350000
vt 2.165000 3.650000
vt 2.835000 3.650000
vt 2.835000 3.350000
vt 2.665000 3.350000
vt 2.665000 3.650000
vt 3.335000 3.650000
vt 3.335000 3.350000
vt 3.165000 3.350000
vt 3.165000 3.650000
vt 3.835000 3.650000
vt 3.835000 3.350000
vt 3.665000 3.350000
vt 3.665000 3.650000
vt 4.335000 3.650000
vt 4.335000 3.350000
vt 4.165000 3.350000
vt 4.165000 3.650000
vt 4.835000 3.650000
vt 4.835000 3.350000
vt 4.665000 3.350000
vt 4.665000 3.650000
vt 5.335000 3.650000
vt 5.335000 3.350000
vt 5.165000 3.350000
vt 5.165000 3.650000
vt -4.345000 5.500000
vt -4.345000 -5.500000
vt -4.655000 -5.500000
vt -4.655000 5.500000
vt -4.345000 -0.080000
vt -4.345000 -0.020000
vt -4.655000 -0.020000
vt -4.655000 -0.080000
vt -4.350000 -5.165000
vt -4.350000 -5.335000
vt -4.650000 -5.335000
vt -4.650000 -5.165000
vt -4.350000 -0.018000
vt -4.350000 0.000000
vt -4.650000 0.000000
vt -4.650000 -0.018000
vt -4.350000 -4.665000
vt -4.350000 -4.835000
vt -4.650000 -4.835000
vt -4.650000 -4.665000
vt -4.350000 -4.165000
vt -4.350000 -4.335000
vt -4.650000 -4.335000
vt -4.650000 -4.165000
vt -4.350000 -3.665000
vt -4.350000 -3.835000
vt -4.650000 -3.835000
vt -4.650000 -3.665000
vt -4.350000 -3.165000
vt -4.350000 -3.335000
vt -4.650000 -3.335000
vt -4.650000 -3.165000
vt -4.350000 -2.665000
vt -4.350000 -2.835000
vt -4.650000 -2.835000
vt -4.650000 -2.665000
vt -4.350000 -2.165000
vt -4.350000 -2.335000
vt -4.650000 -2.335000
vt -4.650000 -2.165000
vt -4.350000 -1.665000
vt -4.350000 -1.835000
vt -4.650000 -1.835000
vt -4.650000 -1.665000
vt -4.350000 -1.165000
vt -4.350000 -1.335000
vt -4.650000 -1.335000
vt -4.650000 -1.165000
vt -4.350000 -0.665000
vt -4.350000 -0.835000
vt -4.650000 -0.835000
vt -4.650000 -0.665000
vt -4.350000 -0.165000
vt -4.350000 -0.335000
vt -4.650000 -0.335000
vt -4.650000 -0.165000
vt -4.350000 0.335000
vt -4.350000 0.165000
vt -4.650000 0.165000
vt -4.650000 0.335000
vt -4.350000 0.835000
vt -4.350000 0.665000
vt -4.650000 0.665000
vt -4.650000 0.835000
vt -4.350000 1.335000
vt -4.350000 1.165000
vt -4.650000 1.165000
vt -4.650000 1.335000
vt -4.350000 1.835000
vt -4.350000 1.665000
vt -4.650000 1.665000
vt -4.650000 1.835000
vt -4.350000 2.335000
vt -4.350000 2.165000
vt -4.650000 2.165000
vt -4.650000 2.335000
vt -4.350000 2.835000
vt -4.350000 2.665000
vt -4.650000 2.665000
vt -4.650000 2.835000
vt -4.350000 3.335000
vt -4.350000 3.165000
vt -4.650000 3.165000
vt -4.650000 3.335000
vt -4.350000 3.835000
vt -4.350000 3.665000
vt -4.650000 3.665000
vt -4.650000 3.835000
vt -4.350000 4.335000
vt -4.350000 4.165000
vt -4.650000 4.165000
vt -4.650000 4.335000
vt -4.350000 4.835000
vt -4.350000 4.665000
vt -4.650000 4.665000
vt -4.650000 4.835000
vt -4.350000 5.335000
vt -4.350000 5.165000
vt -4.650000 5.165000
vt -4.650000 5.335000
vt 4.655000 5.500000
vt 4.655000 -5.500000
vt 4.345000 -5.500000
vt 4.345000 5.500000
vt 4.655000 -0.080000
vt 4.655000 -0.020000
vt 4.345000 -0.020000
vt 4.345000 -0.080000
vt 4.650000 -5.165000
vt 4.650000 -5.335000
vt 4.350000 -5.335000
vt 4.350000 -5.165000
vt 4.650000 -0.018000
vt 4.650000 0.000000
vt 4.350000 0.000000
vt 4.350000 -0.018000
vt 4.650000 -4.665000
vt 4.650000 -4.835000
vt 4.350000 -4.835000
vt 4.350000 -4.665000
vt 4.650000 -4.165000
vt 4.650000 -4.335000
vt 4.350000 -4.335000
vt 4.350000 -4.165000
vt 4.650000 -3.665000
vt 4.650000 -3.835000
vt 4.350000 -3.835000
vt 4.350000 -3.665000
vt 4.650000 -3.165000
vt 4.650000 -3.335000
vt 4.350000 -3.335000
vt 4.350000 -3.165000
vt 4.650000 -2.665000
vt 4.650000 -2.835000
vt 4.350000 -2.835000
vt 4.350000 -2.665000
vt 4.650000 -2.165000
vt 4.650000 -2.335000
vt 4.350000 -2.335000
vt 4.350000 -2.165000
vt 4.650000 -1.665000
vt 4.650000 -1.835000
vt 4.350000 -1.835000
vt 4.350000 -1.665000
vt 4.650000 -1.165000
vt 4.650000 -1.335000
vt 4.350000 -1.335000
vt 4.350000 -1.165000
vt 4.650000 -0.665000
vt 4.650000 -0.835000
vt 4.350000 -0.835000
vt 4.350000 -0.665000
vt 4.650000 -0.165000
vt 4.650000 -0.335000
vt 4.350000 -0.335000
vt 4.350000 -0.165000
vt 4.650000 0.335000
vt 4.650000 0.165000
vt 4.350000 0.165000
vt 4.350000 0.335000
vt 4.650000 0.835000
vt 4.650000 0.665000
vt 4.350000 0.665000
vt 4.350000 0.835000
vt 4.650000 1.335000
vt 4.650000 1.165000
vt 4.350000 1.165000
vt 4.350000 1.335000
vt 4.650000 1.835000
vt 4.650000 1.665000
vt 4.350000 1.665000
vt 4.350000 1.835000
vt 4.650000 2.335000
vt 4.650000 2.165000
vt 4.350000 2.165000
vt 4.350000 2.335000
vt 4.650000 2.835000
vt 4.650000 2.665000
vt 4.350000 2.665000
vt 4.350000 2.835000
vt 4.650000 3.335000
vt 4.650000 3.165000
vt 4.350000 3.165000
vt 4.350000 3.335000
vt 4.650000 3.835000
vt 4.650000 3.665000
vt 4.350000 3.665000
vt 4.350000 3.835000
vt 4.650000 4.335000
vt 4.650000 4.165000
vt 4.350000 4.165000
vt 4.350000 4.335000
vt 4.650000 4.835000
vt 4.650000 4.665000
vt 4.350000 4.665000
vt 4.350000 4.835000
vt 4.650000 5.335000
vt 4.650000 5.165000
vt 4.350000 5.165000
vt 4.350000 5.335000
vt -3.015000 3.985000
vt -3.015000 3.015000
vt -3.985000 3.015000
vt -3.985000 3.985000
vt -3.015000 -0.050000
vt -3.015000 0.000000
vt -3.985000 0.000000
vt -3.985000 -0.050000
vt 3.015000 -0.050000
vt 3.015000 0.000000
vt 3.985000 0.000000
vt 3.985000 -0.050000
vt -3.085000 3.915000
vt -3.085000 3.085000
vt -3.915000 3.085000
vt -3.915000 3.915000
vt -3.085000 -0.015000
vt -3.085000 0.000000
vt -3.915000 0.000000
vt -3.915000 -0.015000
vt 3.085000 -0.015000
vt 3.085000 0.000000
vt 3.915000 0.000000
vt 3.915000 -0.015000
vt 3.095000 0.000000
vt 3.118816 0.000000
vt 3.118816 0.014000
vt 3.095000 0.014000
vt -3.891250 0.000000
vt -3.918750 0.000000
vt -3.918750 0.014000
vt -3.891250 0.014000
vt 3.071184 0.000000
vt 3.071184 0.014000
vt -3.877500 3.095000
vt -3.891250 3.118816
vt -3.918750 3.118816
vt -3.932500 3.095000
vt -3.918750 3.071184
vt -3.891250 3.071184
vt 3.905000 0.000000
vt 3.928816 0.000000
vt 3.928816 0.014000
vt 3.905000 0.014000
vt 3.881184 0.000000
vt 3.881184 0.014000
vt -3.877500 3.905000
vt -3.891250 3.928816
vt -3.918750 3.928816
vt -3.932500 3.905000
vt -3.918750 3.881184
vt -3.891250 3.881184
vt -3.081250 0.000000
vt -3.108750 0.000000
vt -3.108750 0.014000
vt -3.081250 0.014000
vt -3.067500 3.095000
vt -3.081250 3.118816
vt -3.108750 3.118816
vt -3.122500 3.095000
vt -3.108750 3.071184
vt -3.081250 3.071184
vt -3.067500 3.905000
vt -3.081250 3.928816
vt -3.108750 3.928816
vt -3.122500 3.905000
vt -3.108750 3.881184
vt -3.081250 3.881184
vt -2.015000 -2.015000
vt -2.015000 -2.985000
vt -2.985000 -2.985000
vt -2.985000 -2.015000
vt -2.015000 -0.050000
vt -2.015000 0.000000
vt -2.985000 0.000000
vt -2.985000 -0.050000
vt -2.085000 -2.085000
vt -2.085000 -2.915000
vt -2.915000 -2.915000
vt -2.915000 -2.085000
vt -2.085000 -0.015000
vt -2.085000 0.000000
vt -2.915000 0.000000
vt -2.915000 -0.015000
vt -2.905000 0.000000
vt -2.881184 0.000000
vt -2.881184 0.014000
vt -2.905000 0.014000
vt -2.891250 0.000000
vt -2.918750 0.000000
vt -2.918750 0.014000
vt -2.891250 0.014000
vt -2.928816 0.000000
vt -2.928816 0.014000
vt -2.877500 -2.905000
vt -2.891250 -2.881184
vt -2.918750 -2.881184
vt -2.932500 -2.905000
vt -2.918750 -2.928816
vt -2.891250 -2.928816
vt -2.095000 0.000000
vt -2.071184 0.000000
vt -2.071184 0.014000
vt -2.095000 0.014000
vt -2.118816 0.000000
vt -2.118816 0.014000
vt -2.877500 -2.095000
vt -2.891250 -2.071184
vt -2.918750 -2.071184
vt -2.932500 -2.095000
vt -2.918750 -2.118816
vt -2.891250 -2.118816
vt -2.081250 0.000000
vt -2.108750 0.000000
vt -2.108750 0.014000
vt -2.081250 0.014000
vt -2.067500 -2.905000
vt -2.081250 -2.881184
vt -2.108750 -2.881184
vt -2.122500 -2.905000
vt -2.108750 -2.928816
vt -2.081250 -2.928816
vt -2.067500 -2.095000
vt -2.081250 -2.071184
vt -2.108750 -2.071184
vt -2.122500 -2.095000
vt -2.108750 -2.118816
vt -2.081250 -2.118816
vt 1.985000 -4.015000
vt 1.985000 -4.985000
vt 1.015000 -4.985000
vt 1.015000 -4.015000
vt 1.985000 -0.050000
vt 1.985000 0.000000
vt 1.015000 0.000000
vt 1.015000 -0.050000
vt -4.985000 -0.050000
vt -4.985000 0.000000
vt -4.015000 0.000000
vt -4.015000 -0.050000
vt 1.915000 -4.085000
vt 1.915000 -4.915000
vt 1.085000 -4.915000
vt 1.085000 -4.085000
vt 1.915000 -0.015000
vt 1.915000 0.000000
vt 1.085000 0.000000
vt 1.085000 -0.015000
vt -4.915000 -0.015000
vt -4.915000 0.000000
vt -4.085000 0.000000
vt -4.085000 -0.015000
vt -4.905000 0.000000
vt -4.881184 0.000000
vt -4.881184 0.014000
vt -4.905000 0.014000
vt 1.108750 0.000000
vt 1.081250 0.000000
vt 1.081250 0.014000
vt 1.108750 0.014000
vt -4.928816 0.000000
vt -4.928816 0.014000
vt 1.122500 -4.905000
vt 1.108750 -4.881184
vt 1.081250 -4.881184
vt 1.067500 -4.905000
vt 1.081250 -4.928816
vt 1.108750 -4.928816
vt -4.095000 0.000000
vt -4.071184 0.000000
vt -4.071184 0.014000
vt -4.095000 0.014000
vt -4.118816 0.000000
vt -4.118816 0.014000
vt 1.122500 -4.095000
vt 1.108750 -4.071184
vt 1.081250 -4.071184
vt 1.067500 -4.095000
vt 1.081250 -4.118816
vt 1.108750 -4.118816
vt 1.918750 0.000000
vt 1.891250 0.000000
vt 1.891250 0.014000
vt 1.918750 0.014000
vt 1.932500 -4.905000
vt 1.918750 -4.881184
vt 1.891250 -4.881184
vt 1.877500 -4.905000
vt 1.891250 -4.928816
vt 1.918750 -4.928816
vt 1.932500 -4.095000
vt 1.918750 -4.071184
vt 1.891250 -4.071184
vt 1.877500 -4.095000
vt 1.891250 -4.118816
vt 1.918750 -4.118816
vt 3.985000 1.985000
vt 3.985000 1.015000
vt 3.015000 1.015000
vt 3.015000 1.985000
vt 3.915000 1.915000
vt 3.915000 1.085000
vt 3.085000 1.085000
vt 3.085000 1.915000
vt 1.095000 0.000000
vt 1.118816 0.000000
vt 1.118816 0.014000
vt 1.095000 0.014000
vt 3.108750 0.000000
vt 3.081250 0.000000
vt 3.081250 0.014000
vt 3.108750 0.014000
vt 1.071184 0.000000
vt 1.071184 0.014000
vt 3.122500 1.095000
vt 3.108750 1.118816
vt 3.081250 1.118816
vt 3.067500 1.095000
vt 3.081250 1.071184
vt 3.108750 1.071184
vt 1.905000 0.000000
vt 1.928816 0.000000
vt 1.928816 0.014000
vt 1.905000 0.014000
vt 1.881184 0.000000
vt 1.881184 0.014000
vt 3.122500 1.905000
vt 3.108750 1.928816
vt 3.081250 1.928816
vt 3.067500 1.905000
vt 3.081250 1.881184
vt 3.108750 1.881184
vt 3.918750 0.000000
vt 3.891250 0.000000
vt 3.891250 0.014000
vt 3.918750 0.014000
vt 3.932500 1.095000
vt 3.918750 1.118816
vt 3.891250 1.118816
vt 3.877500 1.095000
vt 3.891250 1.071184
vt 3.918750 1.071184
vt 3.932500 1.905000
vt 3.918750 1.928816
vt 3.891250 1.928816
vt 3.877500 1.905000
vt 3.891250 1.881184
vt 3.918750 1.881184
vt 2.800000 4.550000
vt 2.800000 3.950000
vt -2.800000 3.950000
vt -2.800000 4.550000
vt 2.800000 -0.010000
vt 2.800000 0.006000
vt -2.800000 0.006000
vt -2.800000 -0.010000
vt 3.950000 -0.010000
vt 3.950000 0.006000
vt 4.550000 0.006000
vt 4.550000 -0.010000
vt 3.100000 -1.600000
vt 3.100000 -2.000000
vt 1.900000 -2.000000
vt 1.900000 -1.600000
vt 3.100000 -0.010000
vt 3.100000 0.006000
vt 1.900000 0.006000
vt 1.900000 -0.010000
vt -2.000000 -0.010000
vt -2.000000 0.006000
vt -1.600000 0.006000
vt -1.600000 -0.010000
vt 1.500000 -4.550000
vt 1.500000 -5.050000
vt -1.500000 -5.050000
vt -1.500000 -4.550000
vt 1.500000 -0.010000
vt 1.500000 0.006000
vt -1.500000 0.006000
vt -1.500000 -0.010000
vt -5.050000 -0.010000
vt -5.050000 0.006000
vt -4.550000 0.006000
vt -4.550000 -0.010000
vt 5.875000 -5.500000
vt 5.875000 -5.875000
vt -5.875000 -5.875000
vt -5.875000 -5.500000
vt 5.875000 -0.040000
vt 5.875000 0.000000
vt -5.875000 0.000000
vt -5.875000 -0.040000
vt -5.500000 0.000000
vt -5.500000 -0.040000
vt -5.500000 5.500000
vt -5.500000 -5.500000
vt -5.875000 5.500000
vt 5.500000 0.000000
vt 5.500000 -0.040000
vt 5.875000 5.875000
vt 5.875000 5.500000
vt -5.875000 5.875000
vt 5.500000 -5.500000
vt 5.500000 5.500000
vt 5.500000 -5.560000
vt -5.500000 -5.560000
vt 5.500000 -0.060000
vt -5.500000 -0.060000
vt -5.560000 -0.060000
vt -5.560000 0.000000
vt -5.560000 -5.500000
vt -5.560000 5.500000
vt 5.500000 5.560000
vt -5.500000 5.560000
vt 5.560000 0.000000
vt 5.560000 -0.060000
vt 5.560000 5.500000
vt 5.560000 -5.500000
vt -5.687500 0.000000
vt -5.657189 0.000000
vt -5.657189 0.017500
vt -5.687500 0.017500
vt -5.670000 0.000000
vt -5.705000 0.000000
vt -5.705000 0.017500
vt -5.670000 0.017500
vt -5.717811 0.000000
vt -5.717811 0.017500
vt -5.652500 -5.687500
vt -5.670000 -5.657189
vt -5.705000 -5.657189
vt -5.722500 -5.687500
vt -5.705000 -5.717811
vt -5.670000 -5.717811
vt 5.687500 0.000000
vt 5.717811 0.000000
vt 5.717811 0.017500
vt 5.687500 0.017500
vt 5.657189 0.000000
vt 5.657189 0.017500
vt -5.652500 5.687500
vt -5.670000 5.717811
vt -5.705000 5.717811
vt -5.722500 5.687500
vt -5.705000 5.657189
vt -5.670000 5.657189
vt 5.705000 0.000000
vt 5.670000 0.000000
vt 5.670000 0.017500
vt 5.705000 0.017500
vt 5.722500 -5.687500
vt 5.705000 -5.657189
vt 5.670000 -5.657189
vt 5.652500 -5.687500
vt 5.670000 -5.717811
vt 5.705000 -5.717811
vt 5.722500 5.687500
vt 5.705000 5.717811
vt 5.670000 5.717811
vt 5.652500 5.687500
vt 5.670000 5.657189
vt 5.705000 5.657189
vn 0.000000 0.000000 -1.000000
vn 0.000000 0.000000 1.000000
vn 0.000000 -1.000000 0.000000
vn 0.000000 1.000000 0.000000
vn -1.000000 0.000000 0.000000
vn 1.000000 0.000000 0.000000
vn 0.866025 0.500000 0.000000
vn -0.866025 0.500000 0.000000
vn -0.866025 -0.500000 0.000000
vn 0.866025 -0.500000 0.000000
g deck_substrate
f 1/1/1 2/2/1 3/3/1 4/4/1
f 5/2/2 6/1/2 7/4/2 8/3/2
f 2/5/3 5/6/3 8/7/3 3/8/3
f 4/8/4 7/7/4 6/6/4 1/5/4
f 3/8/5 8/7/5 7/6/5 4/5/5
f 1/5/6 6/6/6 5/7/6 2/8/6
g deck_plates
f 9/9/1 10/10/1 11/11/1 12/12/1
f 13/10/2 14/9/2 15/12/2 16/11/2
f 10/13/3 13/14/3 16/15/3 11/16/3
f 12/16/4 15/15/4 14/14/4 9/13/4
f 11/16/5 16/15/5 15/14/5 12/13/5
f 9/13/6 14/14/6 13/15/6 10/16/6
f 17/17/1 18/18/1 19/19/1 20/20/1
f 21/18/2 22/17/2 23/20/2 24/19/2
f 18/21/3 21/22/3 24/23/3 19/24/3
f 20/24/4 23/23/4 22/22/4 17/21/4
f 19/25/5 24/15/5 23/14/5 20/26/5
f 17/26/6 22/14/6 21/15/6 18/25/6
f 25/27/1 26/28/1 27/29/1 28/30/1
f 29/28/2 30/27/2 31/30/2 32/29/2
f 26/31/3 29/32/3 32/33/3 27/34/3
f 28/34/4 31/33/4 30/32/4 25/31/4
f 27/16/5 32/15/5 31/14/5 28/13/5
f 25/13/6 30/14/6 29/15/6 26/16/6
f 33/35/1 34/36/1 35/37/1 36/38/1
f 37/36/2 38/35/2 39/38/2 40/37/2
f 34/39/3 37/40/3 40/41/3 35/42/3
f 36/42/4 39/41/4 38/40/4 33/39/4
f 35/16/5 40/15/5 39/14/5 36/13/5
f 33/13/6 38/14/6 37/15/6 34/16/6
f 41/43/1 42/44/1 43/45/1 44/46/1
f 45/44/2 46/43/2 47/46/2 48/45/2
f 42/47/3 45/48/3 48/49/3 43/50/3
f 44/50/4 47/49/4 46/48/4 41/47/4
f 43/16/5 48/15/5 47/14/5 44/13/5
f 41/13/6 46/14/6 45/15/6 42/16/6
f 49/51/1 50/52/1 51/53/1 52/54/1
f 53/52/2 54/51/2 55/54/2 56/53/2
f 50/55/3 53/56/3 56/57/3 51/58/3
f 52/58/4 55/57/4 54/56/4 49/55/4
f 51/16/5 56/15/5 55/14/5 52/13/5
f 49/13/6 54/14/6 53/15/6 50/16/6
f 57/59/1 58/60/1 59/61/1 60/62/1
f 61/60/2 62/59/2 63/62/2 64/61/2
f 58/63/3 61/64/3 64/65/3 59/66/3
f 60/66/4 63/65/4 62/64/4 57/63/4
f 59/16/5 64/15/5 63/14/5 60/13/5
f 57/13/6 62/14/6 61/15/6 58/16/6
f 65/67/1 66/68/1 67/69/1 68/70/1
f 69/68/2 70/67/2 71/70/2 72/69/2
f 66/71/3 69/72/3 72/73/3 67/74/3
f 68/74/4 71/73/4 70/72/4 65/71/4
f 67/25/5 72/15/5 71/14/5 68/26/5
f 65/26/6 70/14/6 69/15/6 66/25/6
f 73/75/1 74/76/1 75/77/1 76/78/1
f 77/76/2 78/75/2 79/78/2 80/77/2
f 74/79/3 77/80/3 80/81/3 75/82/3
f 76/82/4 79/81/4 78/80/4 73/79/4
f 75/16/5 80/15/5 79/14/5 76/13/5
f 73/13/6 78/14/6 77/15/6 74/16/6
f 81/83/1 82/84/1 83/85/1 84/86/1
f 85/84/2 86/83/2 87/86/2 88/85/2
f 82/87/3 85/88/3 88/89/3 83/90/3
f 84/90/4 87/89/4 86/88/4 81/87/4
f 83/25/5 88/15/5 87/14/5 84/26/5
f 81/26/6 86/14/6 85/15/6 82/25/6
f 89/91/1 90/92/1 91/93/1 92/94/1
f 93/92/2 94/91/2 95/94/2 96/93/2
f 90/95/3 93/96/3 96/97/3 91/98/3
f 92/98/4 95/97/4 94/96/4 89/95/4
f 91/25/5 96/15/5 95/14/5 92/26/5
f 89/26/6 94/14/6 93/15/6 90/25/6
f 97/99/1 98/100/1 99/101/1 100/102/1
f 101/100/2 102/99/2 103/102/2 104/101/2
f 98/26/3 101/14/3 104/15/3 99/25/3
f 100/25/4 103/15/4 102/14/4 97/26/4
f 99/24/5 104/23/5 103/22/5 100/21/5
f 97/21/6 102/22/6 101/23/6 98/24/6
f 105/103/1 106/104/1 107/105/1 108/106/1
f 109/104/2 110/103/2 111/106/2 112/105/2
f 106/107/3 109/22/3 112/23/3 107/108/3
f 108/108/4 111/23/4 110/22/4 105/107/4
f 107/108/5 112/23/5 111/22/5 108/107/5
f 105/107/6 110/22/6 109/23/6 106/108/6
f 113/109/1 114/110/1 115/111/1 116/112/1
f 117/110/2 118/109/2 119/112/2 120/111/2
f 114/31/3 117/32/3 120/33/3 115/34/3
f 116/34/4 119/33/4 118/32/4 113/31/4
f 115/108/5 120/23/5 119/22/5 116/107/5
f 113/107/6 118/22/6 117/23/6 114/108/6
f 121/113/1 122/114/1 123/115/1 124/116/1
f 125/114/2 126/113/2 127/116/2 128/115/2
f 122/39/3 125/40/3 128/41/3 123/42/3
f 124/42/4 127/41/4 126/40/4 121/39/4
f 123/108/5 128/23/5 127/22/5 124/107/5
f 121/107/6 126/22/6 125/23/6 122/108/6
f 129/117/1 130/118/1 131/119/1 132/120/1
f 133/118/2 134/117/2 135/120/2 136/119/2
f 130/47/3 133/48/3 136/49/3 131/50/3
f 132/50/4 135/49/4 134/48/4 129/47/4
f 131/108/5 136/23/5 135/22/5 132/107/5
f 129/107/6 134/22/6 133/23/6 130/108/6
f 137/121/1 138/122/1 139/123/1 140/124/1
f 141/122/2 142/121/2 143/124/2 144/123/2
f 138/55/3 141/56/3 144/57/3 139/58/3
f 140/58/4 143/57/4 142/56/4 137/55/4
f 139/108/5 144/23/5 143/22/5 140/107/5
f 137/107/6 142/22/6 141/23/6 138/108/6
f 145/125/1 146/126/1 147/127/1 148/128/1
f 149/126/2 150/125/2 151/128/2 152/127/2
f 146/63/3 149/64/3 152/65/3 147/66/3
f 148/66/4 151/65/4 150/64/4 145/63/4
f 147/108/5 152/23/5 151/22/5 148/107/5
f 145/107/6 150/22/6 149/23/6 146/108/6
f 153/129/1 154/130/1 155/131/1 156/132/1
f 157/130/2 158/129/2 159/132/2 160/131/2
f 154/71/3 157/72/3 160/73/3 155/74/3
f 156/74/4 159/73/4 158/72/4 153/71/4
f 155/24/5 160/23/5 159/22/5 156/21/5
f 153/21/6 158/22/6 157/23/6 154/24/6
f 161/133/1 162/134/1 163/135/1 164/136/1
f 165/134/2 166/133/2 167/136/2 168/135/2
f 162/79/3 165/80/3 168/81/3 163/82/3
f 164/82/4 167/81/4 166/80/4 161/79/4
f 163/108/5 168/23/5 167/22/5 164/107/5
f 161/107/6 166/22/6 165/23/6 162/108/6
f 169/137/1 170/138/1 171/139/1 172/140/1
f 173/138/2 174/137/2 175/140/2 176/139/2
f 170/87/3 173/88/3 176/89/3 171/90/3
f 172/90/4 175/89/4 174/88/4 169/87/4
f 171/24/5 176/23/5 175/22/5 172/21/5
f 169/21/6 174/22/6 173/23/6 170/24/6
f 177/141/1 178/142/1 179/143/1 180/144/1
f 181/142/2 182/141/2 183/144/2 184/143/2
f 178/145/3 181/96/3 184/97/3 179/146/3
f 180/146/4 183/97/4 182/96/4 177/145/4
f 179/108/5 184/23/5 183/22/5 180/107/5
f 177/107/6 182/22/6 181/23/6 178/108/6
f 185/147/1 186/148/1 187/149/1 188/150/1
f 189/148/2 190/147/2 191/150/2 192/149/2
f 186/13/3 189/14/3 192/15/3 187/16/3
f 188/16/4 191/15/4 190/14/4 185/13/4
f 187/34/5 192/33/5 191/32/5 188/31/5
f 185/31/6 190/32/6 189/33/6 186/34/6
f 193/151/1 194/152/1 195/153/1 196/154/1
f 197/152/2 198/151/2 199/154/2 200/153/2
f 194/107/3 197/22/3 200/23/3 195/108/3
f 196/108/4 199/23/4 198/22/4 193/107/4
f 195/34/5 200/33/5 199/32/5 196/31/5
f 193/31/6 198/32/6 197/33/6 194/34/6
f 201/155/1 202/156/1 203/157/1 204/158/1
f 205/156/2 206/155/2 207/158/2 208/157/2
f 202/159/3 205/32/3 208/33/3 203/160/3
f 204/160/4 207/33/4 206/32/4 201/159/4
f 203/160/5 208/33/5 207/32/5 204/159/5
f 201/159/6 206/32/6 205/33/6 202/160/6
f 209/161/1 210/162/1 211/163/1 212/164/1
f 213/162/2 214/161/2 215/164/2 216/163/2
f 210/39/3 213/40/3 216/41/3 211/42/3
f 212/42/4 215/41/4 214/40/4 209/39/4
f 211/34/5 216/33/5 215/32/5 212/31/5
f 209/31/6 214/32/6 213/33/6 210/34/6
f 217/165/1 218/166/1 219/167/1 220/168/1
f 221/166/2 222/165/2 223/168/2 224/167/2
f 218/169/3 221/48/3 224/49/3 219/170/3
f 220/170/4 223/49/4 222/48/4 217/169/4
f 219/160/5 224/33/5 223/32/5 220/159/5
f 217/159/6 222/32/6 221/33/6 218/160/6
f 225/171/1 226/172/1 227/173/1 228/174/1
f 229/172/2 230/171/2 231/174/2 232/173/2
f 226/55/3 229/56/3 232/57/3 227/58/3
f 228/58/4 231/57/4 230/56/4 225/55/4
f 227/34/5 232/33/5 231/32/5 228/31/5
f 225/31/6 230/32/6 229/33/6 226/34/6
f 233/175/1 234/176/1 235/177/1 236/178/1
f 237/176/2 238/175/2 239/178/2 240/177/2
f 234/179/3 237/64/3 240/65/3 235/180/3
f 236/180/4 239/65/4 238/64/4 233/179/4
f 235/160/5 240/33/5 239/32/5 236/159/5
f 233/159/6 238/32/6 237/33/6 234/160/6
f 241/181/1 242/182/1 243/183/1 244/184/1
f 245/182/2 246/181/2 247/184/2 248/183/2
f 242/71/3 245/72/3 248/73/3 243/74/3
f 244/74/4 247/73/4 246/72/4 241/71/4
f 243/160/5 248/33/5 247/32/5 244/159/5
f 241/159/6 246/32/6 245/33/6 242/160/6
f 249/185/1 250/186/1 251/187/1 252/188/1
f 253/186/2 254/185/2 255/188/2 256/187/2
f 250/79/3 253/80/3 256/81/3 251/82/3
f 252/82/4 255/81/4 254/80/4 249/79/4
f 251/34/5 256/33/5 255/32/5 252/31/5
f 249/31/6 254/32/6 253/33/6 250/34/6
f 257/189/1 258/190/1 259/191/1 260/192/1
f 261/190/2 262/189/2 263/192/2 264/191/2
f 258/193/3 261/88/3 264/89/3 259/194/3
f 260/194/4 263/89/4 262/88/4 257/193/4
f 259/34/5 264/33/5 263/32/5 260/31/5
f 257/31/6 262/32/6 261/33/6 258/34/6
f 265/195/1 266/196/1 267/197/1 268/198/1
f 269/196/2 270/195/2 271/198/2 272/197/2
f 266/145/3 269/96/3 272/97/3 267/146/3
f 268/146/4 271/97/4 270/96/4 265/145/4
f 267/34/5 272/33/5 271/32/5 268/31/5
f 265/31/6 270/32/6 269/33/6 266/34/6
f 273/199/1 274/200/1 275/201/1 276/202/1
f 277/200/2 278/199/2 279/202/2 280/201/2
f 274/13/3 277/14/3 280/15/3 275/16/3
f 276/16/4 279/15/4 278/14/4 273/13/4
f 275/42/5 280/41/5 279/40/5 276/39/5
f 273/39/6 278/40/6 277/41/6 274/42/6
f 281/203/1 282/204/1 283/205/1 284/206/1
f 285/204/2 286/203/2 287/206/2 288/205/2
f 282/107/3 285/22/3 288/23/3 283/108/3
f 284/108/4 287/23/4 286/22/4 281/107/4
f 283/42/5 288/41/5 287/40/5 284/39/5
f 281/39/6 286/40/6 285/41/6 282/42/6
f 289/207/1 290/208/1 291/209/1 292/210/1
f 293/208/2 294/207/2 295/210/2 296/209/2
f 290/31/3 293/32/3 296/33/3 291/34/3
f 292/34/4 295/33/4 294/32/4 289/31/4
f 291/42/5 296/41/5 295/40/5 292/39/5
f 289/39/6 294/40/6 293/41/6 290/42/6
f 297/211/1 298/212/1 299/213/1 300/214/1
f 301/212/2 302/211/2 303/214/2 304/213/2
f 298/215/3 301/40/3 304/41/3 299/216/3
f 300/216/4 303/41/4 302/40/4 297/215/4
f 299/216/5 304/41/5 303/40/5 300/215/5
f 297/215/6 302/40/6 301/41/6 298/216/6
f 305/217/1 306/218/1 307/219/1 308/220/1
f 309/218/2 310/217/2 311/220/2 312/219/2
f 306/169/3 309/48/3 312/49/3 307/170/3
f 308/170/4 311/49/4 310/48/4 305/169/4
f 307/216/5 312/41/5 311/40/5 308/215/5
f 305/215/6 310/40/6 309/41/6 306/216/6
f 313/221/1 314/222/1 315/223/1 316/224/1
f 317/222/2 318/221/2 319/224/2 320/223/2
f 314/55/3 317/56/3 320/57/3 315/58/3
f 316/58/4 319/57/4 318/56/4 313/55/4
f 315/42/5 320/41/5 319/40/5 316/39/5
f 313/39/6 318/40/6 317/41/6 314/42/6
f 321/225/1 322/226/1 323/227/1 324/228/1
f 325/226/2 326/225/2 327/228/2 328/227/2
f 322/63/3 325/64/3 328/65/3 323/66/3
f 324/66/4 327/65/4 326/64/4 321/63/4
f 323/42/5 328/41/5 327/40/5 324/39/5
f 321/39/6 326/40/6 325/41/6 322/42/6
f 329/229/1 330/230/1 331/231/1 332/232/1
f 333/230/2 334/229/2 335/232/2 336/231/2
f 330/233/3 333/72/3 336/73/3 331/234/3
f 332/234/4 335/73/4 334/72/4 329/233/4
f 331/42/5 336/41/5 335/40/5 332/39/5
f 329/39/6 334/40/6 333/41/6 330/42/6
f 337/235/1 338/236/1 339/237/1 340/238/1
f 341/236/2 342/235/2 343/238/2 344/237/2
f 338/79/3 341/80/3 344/81/3 339/82/3
f 340/82/4 343/81/4 342/80/4 337/79/4
f 339/42/5 344/41/5 343/40/5 340/39/5
f 337/39/6 342/40/6 341/41/6 338/42/6
f 345/239/1 346/240/1 347/241/1 348/242/1
f 349/240/2 350/239/2 351/242/2 352/241/2
f 346/87/3 349/88/3 352/89/3 347/90/3
f 348/90/4 351/89/4 350/88/4 345/87/4
f 347/216/5 352/41/5 351/40/5 348/215/5
f 345/215/6 350/40/6 349/41/6 346/216/6
f 353/243/1 354/244/1 355/245/1 356/246/1
f 357/244/2 358/243/2 359/246/2 360/245/2
f 354/145/3 357/96/3 360/97/3 355/146/3
f 356/146/4 359/97/4 358/96/4 353/145/4
f 355/42/5 360/41/5 359/40/5 356/39/5
f 353/39/6 358/40/6 357/41/6 354/42/6
f 361/247/1 362/248/1 363/249/1 364/250/1
f 365/248/2 366/247/2 367/250/2 368/249/2
f 362/13/3 365/14/3 368/15/3 363/16/3
f 364/16/4 367/15/4 366/14/4 361/13/4
f 363/50/5 368/49/5 367/48/5 364/47/5
f 361/47/6 366/48/6 365/49/6 362/50/6
f 369/251/1 370/252/1 371/253/1 372/254/1
f 373/252/2 374/251/2 375/254/2 376/253/2
f 370/107/3 373/22/3 376/23/3 371/108/3
f 372/108/4 375/23/4 374/22/4 369/107/4
f 371/50/5 376/49/5 375/48/5 372/47/5
f 369/47/6 374/48/6 373/49/6 370/50/6
f 377/255/1 378/256/1 379/257/1 380/258/1
f 381/256/2 382/255/2 383/258/2 384/257/2
f 378/31/3 381/32/3 384/33/3 379/34/3
f 380/34/4 383/33/4 382/32/4 377/31/4
f 379/50/5 384/49/5 383/48/5 380/47/5
f 377/47/6 382/48/6 381/49/6 378/50/6
f 385/259/1 386/260/1 387/261/1 388/262/1
f 389/260/2 390/259/2 391/262/2 392/261/2
f 386/39/3 389/40/3 392/41/3 387/42/3
f 388/42/4 391/41/4 390/40/4 385/39/4
f 387/50/5 392/49/5 391/48/5 388/47/5
f 385/47/6 390/48/6 389/49/6 386/50/6
f 393/263/1 394/264/1 395/265/1 396/266/1
f 397/264/2 398/263/2 399/266/2 400/265/2
f 394/47/3 397/48/3 400/49/3 395/50/3
f 396/50/4 399/49/4 398/48/4 393/47/4
f 395/50/5 400/49/5 399/48/5 396/47/5
f 393/47/6 398/48/6 397/49/6 394/50/6
f 401/267/1 402/268/1 403/269/1 404/270/1
f 405/268/2 406/267/2 407/270/2 408/269/2
f 402/271/3 405/56/3 408/57/3 403/272/3
f 404/272/4 407/57/4 406/56/4 401/271/4
f 403/170/5 408/49/5 407/48/5 404/169/5
f 401/169/6 406/48/6 405/49/6 402/170/6
f 409/273/1 410/274/1 411/275/1 412/276/1
f 413/274/2 414/273/2 415/276/2 416/275/2
f 410/179/3 413/64/3 416/65/3 411/180/3
f 412/180/4 415/65/4 414/64/4 409/179/4
f 411/170/5 416/49/5 415/48/5 412/169/5
f 409/169/6 414/48/6 413/49/6 410/170/6
f 417/277/1 418/278/1 419/279/1 420/280/1
f 421/278/2 422/277/2 423/280/2 424/279/2
f 418/233/3 421/72/3 424/73/3 419/234/3
f 420/234/4 423/73/4 422/72/4 417/233/4
f 419/50/5 424/49/5 423/48/5 420/47/5
f 417/47/6 422/48/6 421/49/6 418/50/6
f 425/281/1 426/282/1 427/283/1 428/284/1
f 429/282/2 430/281/2 431/284/2 432/283/2
f 426/79/3 429/80/3 432/81/3 427/82/3
f 428/82/4 431/81/4 430/80/4 425/79/4
f 427/50/5 432/49/5 431/48/5 428/47/5
f 425/47/6 430/48/6 429/49/6 426/50/6
f 433/285/1 434/286/1 435/287/1 436/288/1
f 437/286/2 438/285/2 439/288/2 440/287/2
f 434/193/3 437/88/3 440/89/3 435/194/3
f 436/194/4 439/89/4 438/88/4 433/193/4
f 435/50/5 440/49/5 439/48/5 436/47/5
f 433/47/6 438/48/6 437/49/6 434/50/6
f 441/289/1 442/290/1 443/291/1 444/292/1
f 445/290/2 446/289/2 447/292/2 448/291/2
f 442/145/3 445/96/3 448/97/3 443/146/3
f 444/146/4 447/97/4 446/96/4 441/145/4
f 443/50/5 448/49/5 447/48/5 444/47/5
f 441/47/6 446/48/6 445/49/6 442/50/6
f 449/293/1 450/294/1 451/295/1 452/296/1
f 453/294/2 454/293/2 455/296/2 456/295/2
f 450/13/3 453/14/3 456/15/3 451/16/3
f 452/16/4 455/15/4 454/14/4 449/13/4
f 451/58/5 456/57/5 455/56/5 452/55/5
f 449/55/6 454/56/6 453/57/6 450/58/6
f 457/297/1 458/298/1 459/299/1 460/300/1
f 461/298/2 462/297/2 463/300/2 464/299/2
f 458/107/3 461/22/3 464/23/3 459/108/3
f 460/108/4 463/23/4 462/22/4 457/107/4
f 459/58/5 464/57/5 463/56/5 460/55/5
f 457/55/6 462/56/6 461/57/6 458/58/6
f 465/301/1 466/302/1 467/303/1 468/304/1
f 469/302/2 470/301/2 471/304/2 472/303/2
f 466/31/3 469/32/3 472/33/3 467/34/3
f 468/34/4 471/33/4 470/32/4 465/31/4
f 467/58/5 472/57/5 471/56/5 468/55/5
f 465/55/6 470/56/6 469/57/6 466/58/6
f 473/305/1 474/306/1 475/307/1 476/308/1
f 477/306/2 478/305/2 479/308/2 480/307/2
f 474/215/3 477/40/3 480/41/3 475/216/3
f 476/216/4 479/41/4 478/40/4 473/215/4
f 475/272/5 480/57/5 479/56/5 476/271/5
f 473/271/6 478/56/6 477/57/6 474/272/6
f 481/309/1 482/310/1 483/311/1 484/312/1
f 485/310/2 486/309/2 487/312/2 488/311/2
f 482/47/3 485/48/3 488/49/3 483/50/3
f 484/50/4 487/49/4 486/48/4 481/47/4
f 483/58/5 488/57/5 487/56/5 484/55/5
f 481/55/6 486/56/6 485/57/6 482/58/6
f 489/313/1 490/314/1 491/315/1 492/316/1
f 493/314/2 494/313/2 495/316/2 496/315/2
f 490/55/3 493/56/3 496/57/3 491/58/3
f 492/58/4 495/57/4 494/56/4 489/55/4
f 491/58/5 496/57/5 495/56/5 492/55/5
f 489/55/6 494/56/6 493/57/6 490/58/6
f 497/317/1 498/318/1 499/319/1 500/320/1
f 501/318/2 502/317/2 503/320/2 504/319/2
f 498/63/3 501/64/3 504/65/3 499/66/3
f 500/66/4 503/65/4 502/64/4 497/63/4
f 499/58/5 504/57/5 503/56/5 500/55/5
f 497/55/6 502/56/6 501/57/6 498/58/6
f 505/321/1 506/322/1 507/323/1 508/324/1
f 509/322/2 510/321/2 511/324/2 512/323/2
f 506/233/3 509/72/3 512/73/3 507/234/3
f 508/234/4 511/73/4 510/72/4 505/233/4
f 507/58/5 512/57/5 511/56/5 508/55/5
f 505/55/6 510/56/6 509/57/6 506/58/6
f 513/325/1 514/326/1 515/327/1 516/328/1
f 517/326/2 518/325/2 519/328/2 520/327/2
f 514/79/3 517/80/3 520/81/3 515/82/3
f 516/82/4 519/81/4 518/80/4 513/79/4
f 515/58/5 520/57/5 519/56/5 516/55/5
f 513/55/6 518/56/6 517/57/6 514/58/6
f 521/329/1 522/330/1 523/331/1 524/332/1
f 525/330/2 526/329/2 527/332/2 528/331/2
f 522/193/3 525/88/3 528/89/3 523/194/3
f 524/194/4 527/89/4 526/88/4 521/193/4
f 523/58/5 528/57/5 527/56/5 524/55/5
f 521/55/6 526/56/6 525/57/6 522/58/6
f 529/333/1 530/334/1 531/335/1 532/336/1
f 533/334/2 534/333/2 535/336/2 536/335/2
f 530/145/3 533/96/3 536/97/3 531/146/3
f 532/146/4 535/97/4 534/96/4 529/145/4
f 531/58/5 536/57/5 535/56/5 532/55/5
f 529/55/6 534/56/6 533/57/6 530/58/6
f 537/337/1 538/338/1 539/339/1 540/340/1
f 541/338/2 542/337/2 543/340/2 544/339/2
f 538/13/3 541/14/3 544/15/3 539/16/3
f 540/16/4 543/15/4 542/14/4 537/13/4
f 539/66/5 544/65/5 543/64/5 540/63/5
f 537/63/6 542/64/6 541/65/6 538/66/6
f 545/341/1 546/342/1 547/343/1 548/344/1
f 549/342/2 550/341/2 551/344/2 552/343/2
f 546/107/3 549/22/3 552/23/3 547/108/3
f 548/108/4 551/23/4 550/22/4 545/107/4
f 547/66/5 552/65/5 551/64/5 548/63/5
f 545/63/6 550/64/6 549/65/6 546/66/6
f 553/345/1 554/346/1 555/347/1 556/348/1
f 557/346/2 558/345/2 559/348/2 560/347/2
f 554/159/3 557/32/3 560/33/3 555/160/3
f 556/160/4 559/33/4 558/32/4 553/159/4
f 555/180/5 560/65/5 559/64/5 556/179/5
f 553/179/6 558/64/6 557/65/6 554/180/6
f 561/349/1 562/350/1 563/351/1 564/352/1
f 565/350/2 566/349/2 567/352/2 568/351/2
f 562/215/3 565/40/3 568/41/3 563/216/3
f 564/216/4 567/41/4 566/40/4 561/215/4
f 563/180/5 568/65/5 567/64/5 564/179/5
f 561/179/6 566/64/6 565/65/6 562/180/6
f 569/353/1 570/354/1 571/355/1 572/356/1
f 573/354/2 574/353/2 575/356/2 576/355/2
f 570/47/3 573/48/3 576/49/3 571/50/3
f 572/50/4 575/49/4 574/48/4 569/47/4
f 571/66/5 576/65/5 575/64/5 572/63/5
f 569/63/6 574/64/6 573/65/6 570/66/6
f 577/357/1 578/358/1 579/359/1 580/360/1
f 581/358/2 582/357/2 583/360/2 584/359/2
f 578/55/3 581/56/3 584/57/3 579/58/3
f 580/58/4 583/57/4 582/56/4 577/55/4
f 579/66/5 584/65/5 583/64/5 580/63/5
f 577/63/6 582/64/6 581/65/6 578/66/6
f 585/361/1 586/362/1 587/363/1 588/364/1
f 589/362/2 590/361/2 591/364/2 592/363/2
f 586/63/3 589/64/3 592/65/3 587/66/3
f 588/66/4 591/65/4 590/64/4 585/63/4
f 587/66/5 592/65/5 591/64/5 588/63/5
f 585/63/6 590/64/6 589/65/6 586/66/6
f 593/365/1 594/366/1 595/367/1 596/368/1
f 597/366/2 598/365/2 599/368/2 600/367/2
f 594/233/3 597/72/3 600/73/3 595/234/3
f 596/234/4 599/73/4 598/72/4 593/233/4
f 595/66/5 600/65/5 599/64/5 596/63/5
f 593/63/6 598/64/6 597/65/6 594/66/6
f 601/369/1 602/370/1 603/371/1 604/372/1
f 605/370/2 606/369/2 607/372/2 608/371/2
f 602/79/3 605/80/3 608/81/3 603/82/3
f 604/82/4 607/81/4 606/80/4 601/79/4
f 603/66/5 608/65/5 607/64/5 604/63/5
f 601/63/6 606/64/6 605/65/6 602/66/6
f 609/373/1 610/374/1 611/375/1 612/376/1
f 613/374/2 614/373/2 615/376/2 616/375/2
f 610/193/3 613/88/3 616/89/3 611/194/3
f 612/194/4 615/89/4 614/88/4 609/193/4
f 611/66/5 616/65/5 615/64/5 612/63/5
f 609/63/6 614/64/6 613/65/6 610/66/6
f 617/377/1 618/378/1 619/379/1 620/380/1
f 621/378/2 622/377/2 623/380/2 624/379/2
f 618/95/3 621/96/3 624/97/3 619/98/3
f 620/98/4 623/97/4 622/96/4 617/95/4
f 619/180/5 624/65/5 623/64/5 620/179/5
f 617/179/6 622/64/6 621/65/6 618/180/6
f 625/381/1 626/382/1 627/383/1 628/384/1
f 629/382/2 630/381/2 631/384/2 632/383/2
f 626/13/3 629/14/3 632/15/3 627/16/3
f 628/16/4 631/15/4 630/14/4 625/13/4
f 627/234/5 632/73/5 631/72/5 628/233/5
f 625/233/6 630/72/6 629/73/6 626/234/6
f 633/385/1 634/386/1 635/387/1 636/388/1
f 637/386/2 638/385/2 639/388/2 640/387/2
f 634/107/3 637/22/3 640/23/3 635/108/3
f 636/108/4 639/23/4 638/22/4 633/107/4
f 635/234/5 640/73/5 639/72/5 636/233/5
f 633/233/6 638/72/6 637/73/6 634/234/6
f 641/389/1 642/390/1 643/391/1 644/392/1
f 645/390/2 646/389/2 647/392/2 648/391/2
f 642/159/3 645/32/3 648/33/3 643/160/3
f 644/160/4 647/33/4 646/32/4 641/159/4
f 643/74/5 648/73/5 647/72/5 644/71/5
f 641/71/6 646/72/6 645/73/6 642/74/6
f 649/393/1 650/394/1 651/395/1 652/396/1
f 653/394/2 654/393/2 655/396/2 656/395/2
f 650/39/3 653/40/3 656/41/3 651/42/3
f 652/42/4 655/41/4 654/40/4 649/39/4
f 651/234/5 656/73/5 655/72/5 652/233/5
f 649/233/6 654/72/6 653/73/6 650/234/6
f 657/397/1 658/398/1 659/399/1 660/400/1
f 661/398/2 662/397/2 663/400/2 664/399/2
f 658/47/3 661/48/3 664/49/3 659/50/3
f 660/50/4 663/49/4 662/48/4 657/47/4
f 659/234/5 664/73/5 663/72/5 660/233/5
f 657/233/6 662/72/6 661/73/6 658/234/6
f 665/401/1 666/402/1 667/403/1 668/404/1
f 669/402/2 670/401/2 671/404/2 672/403/2
f 666/55/3 669/56/3 672/57/3 667/58/3
f 668/58/4 671/57/4 670/56/4 665/55/4
f 667/234/5 672/73/5 671/72/5 668/233/5
f 665/233/6 670/72/6 669/73/6 666/234/6
f 673/405/1 674/406/1 675/407/1 676/408/1
f 677/406/2 678/405/2 679/408/2 680/407/2
f 674/179/3 677/64/3 680/65/3 675/180/3
f 676/180/4 679/65/4 678/64/4 673/179/4
f 675/74/5 680/73/5 679/72/5 676/71/5
f 673/71/6 678/72/6 677/73/6 674/74/6
f 681/409/1 682/410/1 683/411/1 684/412/1
f 685/410/2 686/409/2 687/412/2 688/411/2
f 682/71/3 685/72/3 688/73/3 683/74/3
f 684/74/4 687/73/4 686/72/4 681/71/4
f 683/74/5 688/73/5 687/72/5 684/71/5
f 681/71/6 686/72/6 685/73/6 682/74/6
f 689/413/1 690/414/1 691/415/1 692/416/1
f 693/414/2 694/413/2 695/416/2 696/415/2
f 690/79/3 693/80/3 696/81/3 691/82/3
f 692/82/4 695/81/4 694/80/4 689/79/4
f 691/234/5 696/73/5 695/72/5 692/233/5
f 689/233/6 694/72/6 693/73/6 690/234/6
f 697/417/1 698/418/1 699/419/1 700/420/1
f 701/418/2 702/417/2 703/420/2 704/419/2
f 698/193/3 701/88/3 704/89/3 699/194/3
f 700/194/4 703/89/4 702/88/4 697/193/4
f 699/234/5 704/73/5 703/72/5 700/233/5
f 697/233/6 702/72/6 701/73/6 698/234/6
f 705/421/1 706/422/1 707/423/1 708/424/1
f 709/422/2 710/421/2 711/424/2 712/423/2
f 706/95/3 709/96/3 712/97/3 707/98/3
f 708/98/4 711/97/4 710/96/4 705/95/4
f 707/74/5 712/73/5 711/72/5 708/71/5
f 705/71/6 710/72/6 709/73/6 706/74/6
f 713/425/1 714/426/1 715/427/1 716/428/1
f 717/426/2 718/425/2 719/428/2 720/427/2
f 714/13/3 717/14/3 720/15/3 715/16/3
f 716/16/4 719/15/4 718/14/4 713/13/4
f 715/82/5 720/81/5 719/80/5 716/79/5
f 713/79/6 718/80/6 717/81/6 714/82/6
f 721/429/1 722/430/1 723/431/1 724/432/1
f 725/430/2 726/429/2 727/432/2 728/431/2
f 722/107/3 725/22/3 728/23/3 723/108/3
f 724/108/4 727/23/4 726/22/4 721/107/4
f 723/82/5 728/81/5 727/80/5 724/79/5
f 721/79/6 726/80/6 725/81/6 722/82/6
f 729/433/1 730/434/1 731/435/1 732/436/1
f 733/434/2 734/433/2 735/436/2 736/435/2
f 730/31/3 733/32/3 736/33/3 731/34/3
f 732/34/4 735/33/4 734/32/4 729/31/4
f 731/82/5 736/81/5 735/80/5 732/79/5
f 729/79/6 734/80/6 733/81/6 730/82/6
f 737/437/1 738/438/1 739/439/1 740/440/1
f 741/438/2 742/437/2 743/440/2 744/439/2
f 738/39/3 741/40/3 744/41/3 739/42/3
f 740/42/4 743/41/4 742/40/4 737/39/4
f 739/82/5 744/81/5 743/80/5 740/79/5
f 737/79/6 742/80/6 741/81/6 738/82/6
f 745/441/1 746/442/1 747/443/1 748/444/1
f 749/442/2 750/441/2 751/444/2 752/443/2
f 746/47/3 749/48/3 752/49/3 747/50/3
f 748/50/4 751/49/4 750/48/4 745/47/4
f 747/82/5 752/81/5 751/80/5 748/79/5
f 745/79/6 750/80/6 749/81/6 746/82/6
f 753/445/1 754/446/1 755/447/1 756/448/1
f 757/446/2 758/445/2 759/448/2 760/447/2
f 754/271/3 757/56/3 760/57/3 755/272/3
f 756/272/4 759/57/4 758/56/4 753/271/4
f 755/449/5 760/81/5 759/80/5 756/450/5
f 753/450/6 758/80/6 757/81/6 754/449/6
f 761/451/1 762/452/1 763/453/1 764/454/1
f 765/452/2 766/451/2 767/454/2 768/453/2
f 762/63/3 765/64/3 768/65/3 763/66/3
f 764/66/4 767/65/4 766/64/4 761/63/4
f 763/82/5 768/81/5 767/80/5 764/79/5
f 761/79/6 766/80/6 765/81/6 762/82/6
f 769/455/1 770/456/1 771/457/1 772/458/1
f 773/456/2 774/455/2 775/458/2 776/457/2
f 770/233/3 773/72/3 776/73/3 771/234/3
f 772/234/4 775/73/4 774/72/4 769/233/4
f 771/82/5 776/81/5 775/80/5 772/79/5
f 769/79/6 774/80/6 773/81/6 770/82/6
f 777/459/1 778/460/1 779/461/1 780/462/1
f 781/460/2 782/459/2 783/462/2 784/461/2
f 778/79/3 781/80/3 784/81/3 779/82/3
f 780/82/4 783/81/4 782/80/4 777/79/4
f 779/82/5 784/81/5 783/80/5 780/79/5
f 777/79/6 782/80/6 781/81/6 778/82/6
f 785/463/1 786/464/1 787/465/1 788/466/1
f 789/464/2 790/463/2 791/466/2 792/465/2
f 786/87/3 789/88/3 792/89/3 787/90/3
f 788/90/4 791/89/4 790/88/4 785/87/4
f 787/449/5 792/81/5 791/80/5 788/450/5
f 785/450/6 790/80/6 789/81/6 786/449/6
f 793/467/1 794/468/1 795/469/1 796/470/1
f 797/468/2 798/467/2 799/470/2 800/469/2
f 794/145/3 797/96/3 800/97/3 795/146/3
f 796/146/4 799/97/4 798/96/4 793/145/4
f 795/82/5 800/81/5 799/80/5 796/79/5
f 793/79/6 798/80/6 797/81/6 794/82/6
f 801/471/1 802/472/1 803/473/1 804/474/1
f 805/472/2 806/471/2 807/474/2 808/473/2
f 802/13/3 805/14/3 808/15/3 803/16/3
f 804/16/4 807/15/4 806/14/4 801/13/4
f 803/194/5 808/89/5 807/88/5 804/193/5
f 801/193/6 806/88/6 805/89/6 802/194/6
f 809/475/1 810/476/1 811/477/1 812/478/1
f 813/476/2 814/475/2 815/478/2 816/477/2
f 810/107/3 813/22/3 816/23/3 811/108/3
f 812/108/4 815/23/4 814/22/4 809/107/4
f 811/194/5 816/89/5 815/88/5 812/193/5
f 809/193/6 814/88/6 813/89/6 810/194/6
f 817/479/1 818/480/1 819/481/1 820/482/1
f 821/480/2 822/479/2 823/482/2 824/481/2
f 818/31/3 821/32/3 824/33/3 819/34/3
f 820/34/4 823/33/4 822/32/4 817/31/4
f 819/194/5 824/89/5 823/88/5 820/193/5
f 817/193/6 822/88/6 821/89/6 818/194/6
f 825/483/1 826/484/1 827/485/1 828/486/1
f 829/484/2 830/483/2 831/486/2 832/485/2
f 826/39/3 829/40/3 832/41/3 827/42/3
f 828/42/4 831/41/4 830/40/4 825/39/4
f 827/194/5 832/89/5 831/88/5 828/193/5
f 825/193/6 830/88/6 829/89/6 826/194/6
f 833/487/1 834/488/1 835/489/1 836/490/1
f 837/488/2 838/487/2 839/490/2 840/489/2
f 834/47/3 837/48/3 840/49/3 835/50/3
f 836/50/4 839/49/4 838/48/4 833/47/4
f 835/194/5 840/89/5 839/88/5 836/193/5
f 833/193/6 838/88/6 837/89/6 834/194/6
f 841/491/1 842/492/1 843/493/1 844/494/1
f 845/492/2 846/491/2 847/494/2 848/493/2
f 842/271/3 845/56/3 848/57/3 843/272/3
f 844/272/4 847/57/4 846/56/4 841/271/4
f 843/90/5 848/89/5 847/88/5 844/87/5
f 841/87/6 846/88/6 845/89/6 842/90/6
f 849/495/1 850/496/1 851/497/1 852/498/1
f 853/496/2 854/495/2 855/498/2 856/497/2
f 850/63/3 853/64/3 856/65/3 851/66/3
f 852/66/4 855/65/4 854/64/4 849/63/4
f 851/194/5 856/89/5 855/88/5 852/193/5
f 849/193/6 854/88/6 853/89/6 850/194/6
f 857/499/1 858/500/1 859/501/1 860/502/1
f 861/500/2 862/499/2 863/502/2 864/501/2
f 858/233/3 861/72/3 864/73/3 859/234/3
f 860/234/4 863/73/4 862/72/4 857/233/4
f 859/194/5 864/89/5 863/88/5 860/193/5
f 857/193/6 862/88/6 861/89/6 858/194/6
f 865/503/1 866/504/1 867/505/1 868/506/1
f 869/504/2 870/503/2 871/506/2 872/505/2
f 866/79/3 869/80/3 872/81/3 867/82/3
f 868/82/4 871/81/4 870/80/4 865/79/4
f 867/194/5 872/89/5 871/88/5 868/193/5
f 865/193/6 870/88/6 869/89/6 866/194/6
f 873/507/1 874/508/1 875/509/1 876/510/1
f 877/508/2 878/507/2 879/510/2 880/509/2
f 874/193/3 877/88/3 880/89/3 875/194/3
f 876/194/4 879/89/4 878/88/4 873/193/4
f 875/194/5 880/89/5 879/88/5 876/193/5
f 873/193/6 878/88/6 877/89/6 874/194/6
f 881/511/1 882/512/1 883/513/1 884/514/1
f 885/512/2 886/511/2 887/514/2 888/513/2
f 882/95/3 885/96/3 888/97/3 883/98/3
f 884/98/4 887/97/4 886/96/4 881/95/4
f 883/90/5 888/89/5 887/88/5 884/87/5
f 881/87/6 886/88/6 885/89/6 882/90/6
f 889/515/1 890/516/1 891/517/1 892/518/1
f 893/516/2 894/515/2 895/518/2 896/517/2
f 890/13/3 893/14/3 896/15/3 891/16/3
f 892/16/4 895/15/4 894/14/4 889/13/4
f 891/146/5 896/97/5 895/96/5 892/145/5
f 889/145/6 894/96/6 893/97/6 890/146/6
f 897/519/1 898/520/1 899/521/1 900/522/1
f 901/520/2 902/519/2 903/522/2 904/521/2
f 898/107/3 901/22/3 904/23/3 899/108/3
f 900/108/4 903/23/4 902/22/4 897/107/4
f 899/146/5 904/97/5 903/96/5 900/145/5
f 897/145/6 902/96/6 901/97/6 898/146/6
f 905/523/1 906/524/1 907/525/1 908/526/1
f 909/524/2 910/523/2 911/526/2 912/525/2
f 906/31/3 909/32/3 912/33/3 907/34/3
f 908/34/4 911/33/4 910/32/4 905/31/4
f 907/146/5 912/97/5 911/96/5 908/145/5
f 905/145/6 910/96/6 909/97/6 906/146/6
f 913/527/1 914/528/1 915/529/1 916/530/1
f 917/528/2 918/527/2 919/530/2 920/529/2
f 914/215/3 917/40/3 920/41/3 915/216/3
f 916/216/4 919/41/4 918/40/4 913/215/4
f 915/98/5 920/97/5 919/96/5 916/95/5
f 913/95/6 918/96/6 917/97/6 914/98/6
f 921/531/1 922/532/1 923/533/1 924/534/1
f 925/532/2 926/531/2 927/534/2 928/533/2
f 922/47/3 925/48/3 928/49/3 923/50/3
f 924/50/4 927/49/4 926/48/4 921/47/4
f 923/146/5 928/97/5 927/96/5 924/145/5
f 921/145/6 926/96/6 925/97/6 922/146/6
f 929/535/1 930/536/1 931/537/1 932/538/1
f 933/536/2 934/535/2 935/538/2 936/537/2
f 930/55/3 933/56/3 936/57/3 931/58/3
f 932/58/4 935/57/4 934/56/4 929/55/4
f 931/146/5 936/97/5 935/96/5 932/145/5
f 929/145/6 934/96/6 933/97/6 930/146/6
f 937/539/1 938/540/1 939/541/1 940/542/1
f 941/540/2 942/539/2 943/542/2 944/541/2
f 938/63/3 941/64/3 944/65/3 939/66/3
f 940/66/4 943/65/4 942/64/4 937/63/4
f 939/146/5 944/97/5 943/96/5 940/145/5
f 937/145/6 942/96/6 941/97/6 938/146/6
f 945/543/1 946/544/1 947/545/1 948/546/1
f 949/544/2 950/543/2 951/546/2 952/545/2
f 946/71/3 949/72/3 952/73/3 947/74/3
f 948/74/4 951/73/4 950/72/4 945/71/4
f 947/98/5 952/97/5 951/96/5 948/95/5
f 945/95/6 950/96/6 949/97/6 946/98/6
f 953/547/1 954/548/1 955/549/1 956/550/1
f 957/548/2 958/547/2 959/550/2 960/549/2
f 954/79/3 957/80/3 960/81/3 955/82/3
f 956/82/4 959/81/4 958/80/4 953/79/4
f 955/146/5 960/97/5 959/96/5 956/145/5
f 953/145/6 958/96/6 957/97/6 954/146/6
f 961/551/1 962/552/1 963/553/1 964/554/1
f 965/552/2 966/551/2 967/554/2 968/553/2
f 962/87/3 965/88/3 968/89/3 963/90/3
f 964/90/4 967/89/4 966/88/4 961/87/4
f 963/98/5 968/97/5 967/96/5 964/95/5
f 961/95/6 966/96/6 965/97/6 962/98/6
f 969/555/1 970/556/1 971/557/1 972/558/1
f 973/556/2 974/555/2 975/558/2 976/557/2
f 970/95/3 973/96/3 976/97/3 971/98/3
f 972/98/4 975/97/4 974/96/4 969/95/4
f 971/98/5 976/97/5 975/96/5 972/95/5
f 969/95/6 974/96/6 973/97/6 970/98/6
g deck_service_channels
f 977/559/1 978/560/1 979/561/1 980/562/1
f 981/560/2 982/559/2 983/562/2 984/561/2
f 978/563/3 981/564/3 984/565/3 979/566/3
f 980/566/4 983/565/4 982/564/4 977/563/4
f 979/567/5 984/568/5 983/569/5 980/570/5
f 977/570/6 982/569/6 981/568/6 978/567/6
f 985/571/1 986/572/1 987/573/1 988/574/1
f 989/572/2 990/571/2 991/574/2 992/573/2
f 986/575/3 989/576/3 992/577/3 987/578/3
f 988/578/4 991/577/4 990/576/4 985/575/4
f 987/579/5 992/580/5 991/581/5 988/582/5
f 985/582/6 990/581/6 989/580/6 986/579/6
f 993/583/1 994/584/1 995/585/1 996/586/1
f 997/584/2 998/583/2 999/586/2 1000/585/2
f 994/587/3 997/588/3 1000/589/3 995/590/3
f 996/590/4 999/589/4 998/588/4 993/587/4
f 995/579/5 1000/580/5 999/581/5 996/582/5
f 993/582/6 998/581/6 997/580/6 994/579/6
f 1001/591/1 1002/592/1 1003/593/1 1004/594/1
f 1005/592/2 1006/591/2 1007/594/2 1008/593/2
f 1002/595/3 1005/596/3 1008/597/3 1003/598/3
f 1004/598/4 1007/597/4 1006/596/4 1001/595/4
f 1003/579/5 1008/580/5 1007/581/5 1004/582/5
f 1001/582/6 1006/581/6 1005/580/6 1002/579/6
f 1009/599/1 1010/600/1 1011/601/1 1012/602/1
f 1013/600/2 1014/599/2 1015/602/2 1016/601/2
f 1010/603/3 1013/604/3 1016/605/3 1011/606/3
f 1012/606/4 1015/605/4 1014/604/4 1009/603/4
f 1011/579/5 1016/580/5 1015/581/5 1012/582/5
f 1009/582/6 1014/581/6 1013/580/6 1010/579/6
f 1017/607/1 1018/608/1 1019/609/1 1020/610/1
f 1021/608/2 1022/607/2 1023/610/2 1024/609/2
f 1018/611/3 1021/612/3 1024/613/3 1019/614/3
f 1020/614/4 1023/613/4 1022/612/4 1017/611/4
f 1019/579/5 1024/580/5 1023/581/5 1020/582/5
f 1017/582/6 1022/581/6 1021/580/6 1018/579/6
f 1025/615/1 1026/616/1 1027/617/1 1028/618/1
f 1029/616/2 1030/615/2 1031/618/2 1032/617/2
f 1026/619/3 1029/620/3 1032/621/3 1027/622/3
f 1028/622/4 1031/621/4 1030/620/4 1025/619/4
f 1027/579/5 1032/580/5 1031/581/5 1028/582/5
f 1025/582/6 1030/581/6 1029/580/6 1026/579/6
f 1033/623/1 1034/624/1 1035/625/1 1036/626/1
f 1037/624/2 1038/623/2 1039/626/2 1040/625/2
f 1034/627/3 1037/628/3 1040/629/3 1035/630/3
f 1036/630/4 1039/629/4 1038/628/4 1033/627/4
f 1035/579/5 1040/580/5 1039/581/5 1036/582/5
f 1033/582/6 1038/581/6 1037/580/6 1034/579/6
f 1041/631/1 1042/632/1 1043/633/1 1044/634/1
f 1045/632/2 1046/631/2 1047/634/2 1048/633/2
f 1042/635/3 1045/636/3 1048/637/3 1043/638/3
f 1044/638/4 1047/637/4 1046/636/4 1041/635/4
f 1043/579/5 1048/580/5 1047/581/5 1044/582/5
f 1041/582/6 1046/581/6 1045/580/6 1042/579/6
f 1049/639/1 1050/640/1 1051/641/1 1052/642/1
f 1053/640/2 1054/639/2 1055/642/2 1056/641/2
f 1050/643/3 1053/644/3 1056/645/3 1051/646/3
f 1052/646/4 1055/645/4 1054/644/4 1049/643/4
f 1051/579/5 1056/580/5 1055/581/5 1052/582/5
f 1049/582/6 1054/581/6 1053/580/6 1050/579/6
f 1057/647/1 1058/648/1 1059/649/1 1060/650/1
f 1061/648/2 1062/647/2 1063/650/2 1064/649/2
f 1058/651/3 1061/652/3 1064/653/3 1059/654/3
f 1060/654/4 1063/653/4 1062/652/4 1057/651/4
f 1059/579/5 1064/580/5 1063/581/5 1060/582/5
f 1057/582/6 1062/581/6 1061/580/6 1058/579/6
f 1065/655/1 1066/656/1 1067/657/1 1068/658/1
f 1069/656/2 1070/655/2 1071/658/2 1072/657/2
f 1066/659/3 1069/660/3 1072/661/3 1067/662/3
f 1068/662/4 1071/661/4 1070/660/4 1065/659/4
f 1067/579/5 1072/580/5 1071/581/5 1068/582/5
f 1065/582/6 1070/581/6 1069/580/6 1066/579/6
f 1073/663/1 1074/664/1 1075/665/1 1076/666/1
f 1077/664/2 1078/663/2 1079/666/2 1080/665/2
f 1074/667/3 1077/668/3 1080/669/3 1075/670/3
f 1076/670/4 1079/669/4 1078/668/4 1073/667/4
f 1075/579/5 1080/580/5 1079/581/5 1076/582/5
f 1073/582/6 1078/581/6 1077/580/6 1074/579/6
f 1081/671/1 1082/672/1 1083/673/1 1084/674/1
f 1085/672/2 1086/671/2 1087/674/2 1088/673/2
f 1082/675/3 1085/676/3 1088/677/3 1083/678/3
f 1084/678/4 1087/677/4 1086/676/4 1081/675/4
f 1083/579/5 1088/580/5 1087/581/5 1084/582/5
f 1081/582/6 1086/581/6 1085/580/6 1082/579/6
f 1089/679/1 1090/680/1 1091/681/1 1092/682/1
f 1093/680/2 1094/679/2 1095/682/2 1096/681/2
f 1090/683/3 1093/684/3 1096/685/3 1091/686/3
f 1092/686/4 1095/685/4 1094/684/4 1089/683/4
f 1091/579/5 1096/580/5 1095/581/5 1092/582/5
f 1089/582/6 1094/581/6 1093/580/6 1090/579/6
f 1097/687/1 1098/688/1 1099/689/1 1100/690/1
f 1101/688/2 1102/687/2 1103/690/2 1104/689/2
f 1098/691/3 1101/692/3 1104/693/3 1099/694/3
f 1100/694/4 1103/693/4 1102/692/4 1097/691/4
f 1099/579/5 1104/580/5 1103/581/5 1100/582/5
f 1097/582/6 1102/581/6 1101/580/6 1098/579/6
f 1105/695/1 1106/696/1 1107/697/1 1108/698/1
f 1109/696/2 1110/695/2 1111/698/2 1112/697/2
f 1106/699/3 1109/700/3 1112/701/3 1107/702/3
f 1108/702/4 1111/701/4 1110/700/4 1105/699/4
f 1107/579/5 1112/580/5 1111/581/5 1108/582/5
f 1105/582/6 1110/581/6 1109/580/6 1106/579/6
f 1113/703/1 1114/704/1 1115/705/1 1116/706/1
f 1117/704/2 1118/703/2 1119/706/2 1120/705/2
f 1114/707/3 1117/708/3 1120/709/3 1115/710/3
f 1116/710/4 1119/709/4 1118/708/4 1113/707/4
f 1115/579/5 1120/580/5 1119/581/5 1116/582/5
f 1113/582/6 1118/581/6 1117/580/6 1114/579/6
f 1121/711/1 1122/712/1 1123/713/1 1124/714/1
f 1125/712/2 1126/711/2 1127/714/2 1128/713/2
f 1122/715/3 1125/716/3 1128/717/3 1123/718/3
f 1124/718/4 1127/717/4 1126/716/4 1121/715/4
f 1123/579/5 1128/580/5 1127/581/5 1124/582/5
f 1121/582/6 1126/581/6 1125/580/6 1122/579/6
f 1129/719/1 1130/720/1 1131/721/1 1132/722/1
f 1133/720/2 1134/719/2 1135/722/2 1136/721/2
f 1130/723/3 1133/724/3 1136/725/3 1131/726/3
f 1132/726/4 1135/725/4 1134/724/4 1129/723/4
f 1131/579/5 1136/580/5 1135/581/5 1132/582/5
f 1129/582/6 1134/581/6 1133/580/6 1130/579/6
f 1137/727/1 1138/728/1 1139/729/1 1140/730/1
f 1141/728/2 1142/727/2 1143/730/2 1144/729/2
f 1138/731/3 1141/732/3 1144/733/3 1139/734/3
f 1140/734/4 1143/733/4 1142/732/4 1137/731/4
f 1139/579/5 1144/580/5 1143/581/5 1140/582/5
f 1137/582/6 1142/581/6 1141/580/6 1138/579/6
f 1145/735/1 1146/736/1 1147/737/1 1148/738/1
f 1149/736/2 1150/735/2 1151/738/2 1152/737/2
f 1146/739/3 1149/740/3 1152/741/3 1147/742/3
f 1148/742/4 1151/741/4 1150/740/4 1145/739/4
f 1147/579/5 1152/580/5 1151/581/5 1148/582/5
f 1145/582/6 1150/581/6 1149/580/6 1146/579/6
f 1153/743/1 1154/744/1 1155/745/1 1156/746/1
f 1157/744/2 1158/743/2 1159/746/2 1160/745/2
f 1154/747/3 1157/748/3 1160/749/3 1155/750/3
f 1156/750/4 1159/749/4 1158/748/4 1153/747/4
f 1155/579/5 1160/580/5 1159/581/5 1156/582/5
f 1153/582/6 1158/581/6 1157/580/6 1154/579/6
f 1161/751/1 1162/752/1 1163/753/1 1164/754/1
f 1165/752/2 1166/751/2 1167/754/2 1168/753/2
f 1162/563/3 1165/564/3 1168/565/3 1163/566/3
f 1164/566/4 1167/565/4 1166/564/4 1161/563/4
f 1163/755/5 1168/756/5 1167/757/5 1164/758/5
f 1161/758/6 1166/757/6 1165/756/6 1162/755/6
f 1169/759/1 1170/760/1 1171/761/1 1172/762/1
f 1173/760/2 1174/759/2 1175/762/2 1176/761/2
f 1170/575/3 1173/576/3 1176/577/3 1171/578/3
f 1172/578/4 1175/577/4 1174/576/4 1169/575/4
f 1171/763/5 1176/764/5 1175/765/5 1172/766/5
f 1169/766/6 1174/765/6 1173/764/6 1170/763/6
f 1177/767/1 1178/768/1 1179/769/1 1180/770/1
f 1181/768/2 1182/767/2 1183/770/2 1184/769/2
f 1178/587/3 1181/588/3 1184/589/3 1179/590/3
f 1180/590/4 1183/589/4 1182/588/4 1177/587/4
f 1179/763/5 1184/764/5 1183/765/5 1180/766/5
f 1177/766/6 1182/765/6 1181/764/6 1178/763/6
f 1185/771/1 1186/772/1 1187/773/1 1188/774/1
f 1189/772/2 1190/771/2 1191/774/2 1192/773/2
f 1186/595/3 1189/596/3 1192/597/3 1187/598/3
f 1188/598/4 1191/597/4 1190/596/4 1185/595/4
f 1187/763/5 1192/764/5 1191/765/5 1188/766/5
f 1185/766/6 1190/765/6 1189/764/6 1186/763/6
f 1193/775/1 1194/776/1 1195/777/1 1196/778/1
f 1197/776/2 1198/775/2 1199/778/2 1200/777/2
f 1194/603/3 1197/604/3 1200/605/3 1195/606/3
f 1196/606/4 1199/605/4 1198/604/4 1193/603/4
f 1195/763/5 1200/764/5 1199/765/5 1196/766/5
f 1193/766/6 1198/765/6 1197/764/6 1194/763/6
f 1201/779/1 1202/780/1 1203/781/1 1204/782/1
f 1205/780/2 1206/779/2 1207/782/2 1208/781/2
f 1202/611/3 1205/612/3 1208/613/3 1203/614/3
f 1204/614/4 1207/613/4 1206/612/4 1201/611/4
f 1203/763/5 1208/764/5 1207/765/5 1204/766/5
f 1201/766/6 1206/765/6 1205/764/6 1202/763/6
f 1209/783/1 1210/784/1 1211/785/1 1212/786/1
f 1213/784/2 1214/783/2 1215/786/2 1216/785/2
f 1210/619/3 1213/620/3 1216/621/3 1211/622/3
f 1212/622/4 1215/621/4 1214/620/4 1209/619/4
f 1211/763/5 1216/764/5 1215/765/5 1212/766/5
f 1209/766/6 1214/765/6 1213/764/6 1210/763/6
f 1217/787/1 1218/788/1 1219/789/1 1220/790/1
f 1221/788/2 1222/787/2 1223/790/2 1224/789/2
f 1218/627/3 1221/628/3 1224/629/3 1219/630/3
f 1220/630/4 1223/629/4 1222/628/4 1217/627/4
f 1219/763/5 1224/764/5 1223/765/5 1220/766/5
f 1217/766/6 1222/765/6 1221/764/6 1218/763/6
f 1225/791/1 1226/792/1 1227/793/1 1228/794/1
f 1229/792/2 1230/791/2 1231/794/2 1232/793/2
f 1226/635/3 1229/636/3 1232/637/3 1227/638/3
f 1228/638/4 1231/637/4 1230/636/4 1225/635/4
f 1227/763/5 1232/764/5 1231/765/5 1228/766/5
f 1225/766/6 1230/765/6 1229/764/6 1226/763/6
f 1233/795/1 1234/796/1 1235/797/1 1236/798/1
f 1237/796/2 1238/795/2 1239/798/2 1240/797/2
f 1234/643/3 1237/644/3 1240/645/3 1235/646/3
f 1236/646/4 1239/645/4 1238/644/4 1233/643/4
f 1235/763/5 1240/764/5 1239/765/5 1236/766/5
f 1233/766/6 1238/765/6 1237/764/6 1234/763/6
f 1241/799/1 1242/800/1 1243/801/1 1244/802/1
f 1245/800/2 1246/799/2 1247/802/2 1248/801/2
f 1242/651/3 1245/652/3 1248/653/3 1243/654/3
f 1244/654/4 1247/653/4 1246/652/4 1241/651/4
f 1243/763/5 1248/764/5 1247/765/5 1244/766/5
f 1241/766/6 1246/765/6 1245/764/6 1242/763/6
f 1249/803/1 1250/804/1 1251/805/1 1252/806/1
f 1253/804/2 1254/803/2 1255/806/2 1256/805/2
f 1250/659/3 1253/660/3 1256/661/3 1251/662/3
f 1252/662/4 1255/661/4 1254/660/4 1249/659/4
f 1251/763/5 1256/764/5 1255/765/5 1252/766/5
f 1249/766/6 1254/765/6 1253/764/6 1250/763/6
f 1257/807/1 1258/808/1 1259/809/1 1260/810/1
f 1261/808/2 1262/807/2 1263/810/2 1264/809/2
f 1258/667/3 1261/668/3 1264/669/3 1259/670/3
f 1260/670/4 1263/669/4 1262/668/4 1257/667/4
f 1259/763/5 1264/764/5 1263/765/5 1260/766/5
f 1257/766/6 1262/765/6 1261/764/6 1258/763/6
f 1265/811/1 1266/812/1 1267/813/1 1268/814/1
f 1269/812/2 1270/811/2 1271/814/2 1272/813/2
f 1266/675/3 1269/676/3 1272/677/3 1267/678/3
f 1268/678/4 1271/677/4 1270/676/4 1265/675/4
f 1267/763/5 1272/764/5 1271/765/5 1268/766/5
f 1265/766/6 1270/765/6 1269/764/6 1266/763/6
f 1273/815/1 1274/816/1 1275/817/1 1276/818/1
f 1277/816/2 1278/815/2 1279/818/2 1280/817/2
f 1274/683/3 1277/684/3 1280/685/3 1275/686/3
f 1276/686/4 1279/685/4 1278/684/4 1273/683/4
f 1275/763/5 1280/764/5 1279/765/5 1276/766/5
f 1273/766/6 1278/765/6 1277/764/6 1274/763/6
f 1281/819/1 1282/820/1 1283/821/1 1284/822/1
f 1285/820/2 1286/819/2 1287/822/2 1288/821/2
f 1282/691/3 1285/692/3 1288/693/3 1283/694/3
f 1284/694/4 1287/693/4 1286/692/4 1281/691/4
f 1283/763/5 1288/764/5 1287/765/5 1284/766/5
f 1281/766/6 1286/765/6 1285/764/6 1282/763/6
f 1289/823/1 1290/824/1 1291/825/1 1292/826/1
f 1293/824/2 1294/823/2 1295/826/2 1296/825/2
f 1290/699/3 1293/700/3 1296/701/3 1291/702/3
f 1292/702/4 1295/701/4 1294/700/4 1289/699/4
f 1291/763/5 1296/764/5 1295/765/5 1292/766/5
f 1289/766/6 1294/765/6 1293/764/6 1290/763/6
f 1297/827/1 1298/828/1 1299/829/1 1300/830/1
f 1301/828/2 1302/827/2 1303/830/2 1304/829/2
f 1298/707/3 1301/708/3 1304/709/3 1299/710/3
f 1300/710/4 1303/709/4 1302/708/4 1297/707/4
f 1299/763/5 1304/764/5 1303/765/5 1300/766/5
f 1297/766/6 1302/765/6 1301/764/6 1298/763/6
f 1305/831/1 1306/832/1 1307/833/1 1308/834/1
f 1309/832/2 1310/831/2 1311/834/2 1312/833/2
f 1306/715/3 1309/716/3 1312/717/3 1307/718/3
f 1308/718/4 1311/717/4 1310/716/4 1305/715/4
f 1307/763/5 1312/764/5 1311/765/5 1308/766/5
f 1305/766/6 1310/765/6 1309/764/6 1306/763/6
f 1313/835/1 1314/836/1 1315/837/1 1316/838/1
f 1317/836/2 1318/835/2 1319/838/2 1320/837/2
f 1314/723/3 1317/724/3 1320/725/3 1315/726/3
f 1316/726/4 1319/725/4 1318/724/4 1313/723/4
f 1315/763/5 1320/764/5 1319/765/5 1316/766/5
f 1313/766/6 1318/765/6 1317/764/6 1314/763/6
f 1321/839/1 1322/840/1 1323/841/1 1324/842/1
f 1325/840/2 1326/839/2 1327/842/2 1328/841/2
f 1322/731/3 1325/732/3 1328/733/3 1323/734/3
f 1324/734/4 1327/733/4 1326/732/4 1321/731/4
f 1323/763/5 1328/764/5 1327/765/5 1324/766/5
f 1321/766/6 1326/765/6 1325/764/6 1322/763/6
f 1329/843/1 1330/844/1 1331/845/1 1332/846/1
f 1333/844/2 1334/843/2 1335/846/2 1336/845/2
f 1330/739/3 1333/740/3 1336/741/3 1331/742/3
f 1332/742/4 1335/741/4 1334/740/4 1329/739/4
f 1331/763/5 1336/764/5 1335/765/5 1332/766/5
f 1329/766/6 1334/765/6 1333/764/6 1330/763/6
f 1337/847/1 1338/848/1 1339/849/1 1340/850/1
f 1341/848/2 1342/847/2 1343/850/2 1344/849/2
f 1338/747/3 1341/748/3 1344/749/3 1339/750/3
f 1340/750/4 1343/749/4 1342/748/4 1337/747/4
f 1339/763/5 1344/764/5 1343/765/5 1340/766/5
f 1337/766/6 1342/765/6 1341/764/6 1338/763/6
f 1345/851/1 1346/852/1 1347/853/1 1348/854/1
f 1349/852/2 1350/851/2 1351/854/2 1352/853/2
f 1346/855/3 1349/856/3 1352/857/3 1347/858/3
f 1348/858/4 1351/857/4 1350/856/4 1345/855/4
f 1347/566/5 1352/565/5 1351/564/5 1348/563/5
f 1345/563/6 1350/564/6 1349/565/6 1346/566/6
f 1353/859/1 1354/860/1 1355/861/1 1356/862/1
f 1357/860/2 1358/859/2 1359/862/2 1360/861/2
f 1354/863/3 1357/864/3 1360/865/3 1355/866/3
f 1356/866/4 1359/865/4 1358/864/4 1353/863/4
f 1355/578/5 1360/577/5 1359/576/5 1356/575/5
f 1353/575/6 1358/576/6 1357/577/6 1354/578/6
f 1361/867/1 1362/868/1 1363/869/1 1364/870/1
f 1365/868/2 1366/867/2 1367/870/2 1368/869/2
f 1362/863/3 1365/864/3 1368/865/3 1363/866/3
f 1364/866/4 1367/865/4 1366/864/4 1361/863/4
f 1363/590/5 1368/589/5 1367/588/5 1364/587/5
f 1361/587/6 1366/588/6 1365/589/6 1362/590/6
f 1369/871/1 1370/872/1 1371/873/1 1372/874/1
f 1373/872/2 1374/871/2 1375/874/2 1376/873/2
f 1370/863/3 1373/864/3 1376/865/3 1371/866/3
f 1372/866/4 1375/865/4 1374/864/4 1369/863/4
f 1371/598/5 1376/597/5 1375/596/5 1372/595/5
f 1369/595/6 1374/596/6 1373/597/6 1370/598/6
f 1377/875/1 1378/876/1 1379/877/1 1380/878/1
f 1381/876/2 1382/875/2 1383/878/2 1384/877/2
f 1378/863/3 1381/864/3 1384/865/3 1379/866/3
f 1380/866/4 1383/865/4 1382/864/4 1377/863/4
f 1379/606/5 1384/605/5 1383/604/5 1380/603/5
f 1377/603/6 1382/604/6 1381/605/6 1378/606/6
f 1385/879/1 1386/880/1 1387/881/1 1388/882/1
f 1389/880/2 1390/879/2 1391/882/2 1392/881/2
f 1386/863/3 1389/864/3 1392/865/3 1387/866/3
f 1388/866/4 1391/865/4 1390/864/4 1385/863/4
f 1387/614/5 1392/613/5 1391/612/5 1388/611/5
f 1385/611/6 1390/612/6 1389/613/6 1386/614/6
f 1393/883/1 1394/884/1 1395/885/1 1396/886/1
f 1397/884/2 1398/883/2 1399/886/2 1400/885/2
f 1394/863/3 1397/864/3 1400/865/3 1395/866/3
f 1396/866/4 1399/865/4 1398/864/4 1393/863/4
f 1395/622/5 1400/621/5 1399/620/5 1396/619/5
f 1393/619/6 1398/620/6 1397/621/6 1394/622/6
f 1401/887/1 1402/888/1 1403/889/1 1404/890/1
f 1405/888/2 1406/887/2 1407/890/2 1408/889/2
f 1402/863/3 1405/864/3 1408/865/3 1403/866/3
f 1404/866/4 1407/865/4 1406/864/4 1401/863/4
f 1403/630/5 1408/629/5 1407/628/5 1404/627/5
f 1401/627/6 1406/628/6 1405/629/6 1402/630/6
f 1409/891/1 1410/892/1 1411/893/1 1412/894/1
f 1413/892/2 1414/891/2 1415/894/2 1416/893/2
f 1410/863/3 1413/864/3 1416/865/3 1411/866/3
f 1412/866/4 1415/865/4 1414/864/4 1409/863/4
f 1411/638/5 1416/637/5 1415/636/5 1412/635/5
f 1409/635/6 1414/636/6 1413/637/6 1410/638/6
f 1417/895/1 1418/896/1 1419/897/1 1420/898/1
f 1421/896/2 1422/895/2 1423/898/2 1424/897/2
f 1418/863/3 1421/864/3 1424/865/3 1419/866/3
f 1420/866/4 1423/865/4 1422/864/4 1417/863/4
f 1419/646/5 1424/645/5 1423/644/5 1420/643/5
f 1417/643/6 1422/644/6 1421/645/6 1418/646/6
f 1425/899/1 1426/900/1 1427/901/1 1428/902/1
f 1429/900/2 1430/899/2 1431/902/2 1432/901/2
f 1426/863/3 1429/864/3 1432/865/3 1427/866/3
f 1428/866/4 1431/865/4 1430/864/4 1425/863/4
f 1427/654/5 1432/653/5 1431/652/5 1428/651/5
f 1425/651/6 1430/652/6 1429/653/6 1426/654/6
f 1433/903/1 1434/904/1 1435/905/1 1436/906/1
f 1437/904/2 1438/903/2 1439/906/2 1440/905/2
f 1434/863/3 1437/864/3 1440/865/3 1435/866/3
f 1436/866/4 1439/865/4 1438/864/4 1433/863/4
f 1435/662/5 1440/661/5 1439/660/5 1436/659/5
f 1433/659/6 1438/660/6 1437/661/6 1434/662/6
f 1441/907/1 1442/908/1 1443/909/1 1444/910/1
f 1445/908/2 1446/907/2 1447/910/2 1448/909/2
f 1442/863/3 1445/864/3 1448/865/3 1443/866/3
f 1444/866/4 1447/865/4 1446/864/4 1441/863/4
f 1443/670/5 1448/669/5 1447/668/5 1444/667/5
f 1441/667/6 1446/668/6 1445/669/6 1442/670/6
f 1449/911/1 1450/912/1 1451/913/1 1452/914/1
f 1453/912/2 1454/911/2 1455/914/2 1456/913/2
f 1450/863/3 1453/864/3 1456/865/3 1451/866/3
f 1452/866/4 1455/865/4 1454/864/4 1449/863/4
f 1451/678/5 1456/677/5 1455/676/5 1452/675/5
f 1449/675/6 1454/676/6 1453/677/6 1450/678/6
f 1457/915/1 1458/916/1 1459/917/1 1460/918/1
f 1461/916/2 1462/915/2 1463/918/2 1464/917/2
f 1458/863/3 1461/864/3 1464/865/3 1459/866/3
f 1460/866/4 1463/865/4 1462/864/4 1457/863/4
f 1459/686/5 1464/685/5 1463/684/5 1460/683/5
f 1457/683/6 1462/684/6 1461/685/6 1458/686/6
f 1465/919/1 1466/920/1 1467/921/1 1468/922/1
f 1469/920/2 1470/919/2 1471/922/2 1472/921/2
f 1466/863/3 1469/864/3 1472/865/3 1467/866/3
f 1468/866/4 1471/865/4 1470/864/4 1465/863/4
f 1467/694/5 1472/693/5 1471/692/5 1468/691/5
f 1465/691/6 1470/692/6 1469/693/6 1466/694/6
f 1473/923/1 1474/924/1 1475/925/1 1476/926/1
f 1477/924/2 1478/923/2 1479/926/2 1480/925/2
f 1474/863/3 1477/864/3 1480/865/3 1475/866/3
f 1476/866/4 1479/865/4 1478/864/4 1473/863/4
f 1475/702/5 1480/701/5 1479/700/5 1476/699/5
f 1473/699/6 1478/700/6 1477/701/6 1474/702/6
f 1481/927/1 1482/928/1 1483/929/1 1484/930/1
f 1485/928/2 1486/927/2 1487/930/2 1488/929/2
f 1482/863/3 1485/864/3 1488/865/3 1483/866/3
f 1484/866/4 1487/865/4 1486/864/4 1481/863/4
f 1483/710/5 1488/709/5 1487/708/5 1484/707/5
f 1481/707/6 1486/708/6 1485/709/6 1482/710/6
f 1489/931/1 1490/932/1 1491/933/1 1492/934/1
f 1493/932/2 1494/931/2 1495/934/2 1496/933/2
f 1490/863/3 1493/864/3 1496/865/3 1491/866/3
f 1492/866/4 1495/865/4 1494/864/4 1489/863/4
f 1491/718/5 1496/717/5 1495/716/5 1492/715/5
f 1489/715/6 1494/716/6 1493/717/6 1490/718/6
f 1497/935/1 1498/936/1 1499/937/1 1500/938/1
f 1501/936/2 1502/935/2 1503/938/2 1504/937/2
f 1498/863/3 1501/864/3 1504/865/3 1499/866/3
f 1500/866/4 1503/865/4 1502/864/4 1497/863/4
f 1499/726/5 1504/725/5 1503/724/5 1500/723/5
f 1497/723/6 1502/724/6 1501/725/6 1498/726/6
f 1505/939/1 1506/940/1 1507/941/1 1508/942/1
f 1509/940/2 1510/939/2 1511/942/2 1512/941/2
f 1506/863/3 1509/864/3 1512/865/3 1507/866/3
f 1508/866/4 1511/865/4 1510/864/4 1505/863/4
f 1507/734/5 1512/733/5 1511/732/5 1508/731/5
f 1505/731/6 1510/732/6 1509/733/6 1506/734/6
f 1513/943/1 1514/944/1 1515/945/1 1516/946/1
f 1517/944/2 1518/943/2 1519/946/2 1520/945/2
f 1514/863/3 1517/864/3 1520/865/3 1515/866/3
f 1516/866/4 1519/865/4 1518/864/4 1513/863/4
f 1515/742/5 1520/741/5 1519/740/5 1516/739/5
f 1513/739/6 1518/740/6 1517/741/6 1514/742/6
f 1521/947/1 1522/948/1 1523/949/1 1524/950/1
f 1525/948/2 1526/947/2 1527/950/2 1528/949/2
f 1522/863/3 1525/864/3 1528/865/3 1523/866/3
f 1524/866/4 1527/865/4 1526/864/4 1521/863/4
f 1523/750/5 1528/749/5 1527/748/5 1524/747/5
f 1521/747/6 1526/748/6 1525/749/6 1522/750/6
f 1529/951/1 1530/952/1 1531/953/1 1532/954/1
f 1533/952/2 1534/951/2 1535/954/2 1536/953/2
f 1530/955/3 1533/956/3 1536/957/3 1531/958/3
f 1532/958/4 1535/957/4 1534/956/4 1529/955/4
f 1531/566/5 1536/565/5 1535/564/5 1532/563/5
f 1529/563/6 1534/564/6 1533/565/6 1530/566/6
f 1537/959/1 1538/960/1 1539/961/1 1540/962/1
f 1541/960/2 1542/959/2 1543/962/2 1544/961/2
f 1538/963/3 1541/964/3 1544/965/3 1539/966/3
f 1540/966/4 1543/965/4 1542/964/4 1537/963/4
f 1539/578/5 1544/577/5 1543/576/5 1540/575/5
f 1537/575/6 1542/576/6 1541/577/6 1538/578/6
f 1545/967/1 1546/968/1 1547/969/1 1548/970/1
f 1549/968/2 1550/967/2 1551/970/2 1552/969/2
f 1546/963/3 1549/964/3 1552/965/3 1547/966/3
f 1548/966/4 1551/965/4 1550/964/4 1545/963/4
f 1547/590/5 1552/589/5 1551/588/5 1548/587/5
f 1545/587/6 1550/588/6 1549/589/6 1546/590/6
f 1553/971/1 1554/972/1 1555/973/1 1556/974/1
f 1557/972/2 1558/971/2 1559/974/2 1560/973/2
f 1554/963/3 1557/964/3 1560/965/3 1555/966/3
f 1556/966/4 1559/965/4 1558/964/4 1553/963/4
f 1555/598/5 1560/597/5 1559/596/5 1556/595/5
f 1553/595/6 1558/596/6 1557/597/6 1554/598/6
f 1561/975/1 1562/976/1 1563/977/1 1564/978/1
f 1565/976/2 1566/975/2 1567/978/2 1568/977/2
f 1562/963/3 1565/964/3 1568/965/3 1563/966/3
f 1564/966/4 1567/965/4 1566/964/4 1561/963/4
f 1563/606/5 1568/605/5 1567/604/5 1564/603/5
f 1561/603/6 1566/604/6 1565/605/6 1562/606/6
f 1569/979/1 1570/980/1 1571/981/1 1572/982/1
f 1573/980/2 1574/979/2 1575/982/2 1576/981/2
f 1570/963/3 1573/964/3 1576/965/3 1571/966/3
f 1572/966/4 1575/965/4 1574/964/4 1569/963/4
f 1571/614/5 1576/613/5 1575/612/5 1572/611/5
f 1569/611/6 1574/612/6 1573/613/6 1570/614/6
f 1577/983/1 1578/984/1 1579/985/1 1580/986/1
f 1581/984/2 1582/983/2 1583/986/2 1584/985/2
f 1578/963/3 1581/964/3 1584/965/3 1579/966/3
f 1580/966/4 1583/965/4 1582/964/4 1577/963/4
f 1579/622/5 1584/621/5 1583/620/5 1580/619/5
f 1577/619/6 1582/620/6 1581/621/6 1578/622/6
f 1585/987/1 1586/988/1 1587/989/1 1588/990/1
f 1589/988/2 1590/987/2 1591/990/2 1592/989/2
f 1586/963/3 1589/964/3 1592/965/3 1587/966/3
f 1588/966/4 1591/965/4 1590/964/4 1585/963/4
f 1587/630/5 1592/629/5 1591/628/5 1588/627/5
f 1585/627/6 1590/628/6 1589/629/6 1586/630/6
f 1593/991/1 1594/992/1 1595/993/1 1596/994/1
f 1597/992/2 1598/991/2 1599/994/2 1600/993/2
f 1594/963/3 1597/964/3 1600/965/3 1595/966/3
f 1596/966/4 1599/965/4 1598/964/4 1593/963/4
f 1595/638/5 1600/637/5 1599/636/5 1596/635/5
f 1593/635/6 1598/636/6 1597/637/6 1594/638/6
f 1601/995/1 1602/996/1 1603/997/1 1604/998/1
f 1605/996/2 1606/995/2 1607/998/2 1608/997/2
f 1602/963/3 1605/964/3 1608/965/3 1603/966/3
f 1604/966/4 1607/965/4 1606/964/4 1601/963/4
f 1603/646/5 1608/645/5 1607/644/5 1604/643/5
f 1601/643/6 1606/644/6 1605/645/6 1602/646/6
f 1609/999/1 1610/1000/1 1611/1001/1 1612/1002/1
f 1613/1000/2 1614/999/2 1615/1002/2 1616/1001/2
f 1610/963/3 1613/964/3 1616/965/3 1611/966/3
f 1612/966/4 1615/965/4 1614/964/4 1609/963/4
f 1611/654/5 1616/653/5 1615/652/5 1612/651/5
f 1609/651/6 1614/652/6 1613/653/6 1610/654/6
f 1617/1003/1 1618/1004/1 1619/1005/1 1620/1006/1
f 1621/1004/2 1622/1003/2 1623/1006/2 1624/1005/2
f 1618/963/3 1621/964/3 1624/965/3 1619/966/3
f 1620/966/4 1623/965/4 1622/964/4 1617/963/4
f 1619/662/5 1624/661/5 1623/660/5 1620/659/5
f 1617/659/6 1622/660/6 1621/661/6 1618/662/6
f 1625/1007/1 1626/1008/1 1627/1009/1 1628/1010/1
f 1629/1008/2 1630/1007/2 1631/1010/2 1632/1009/2
f 1626/963/3 1629/964/3 1632/965/3 1627/966/3
f 1628/966/4 1631/965/4 1630/964/4 1625/963/4
f 1627/670/5 1632/669/5 1631/668/5 1628/667/5
f 1625/667/6 1630/668/6 1629/669/6 1626/670/6
f 1633/1011/1 1634/1012/1 1635/1013/1 1636/1014/1
f 1637/1012/2 1638/1011/2 1639/1014/2 1640/1013/2
f 1634/963/3 1637/964/3 1640/965/3 1635/966/3
f 1636/966/4 1639/965/4 1638/964/4 1633/963/4
f 1635/678/5 1640/677/5 1639/676/5 1636/675/5
f 1633/675/6 1638/676/6 1637/677/6 1634/678/6
f 1641/1015/1 1642/1016/1 1643/1017/1 1644/1018/1
f 1645/1016/2 1646/1015/2 1647/1018/2 1648/1017/2
f 1642/963/3 1645/964/3 1648/965/3 1643/966/3
f 1644/966/4 1647/965/4 1646/964/4 1641/963/4
f 1643/686/5 1648/685/5 1647/684/5 1644/683/5
f 1641/683/6 1646/684/6 1645/685/6 1642/686/6
f 1649/1019/1 1650/1020/1 1651/1021/1 1652/1022/1
f 1653/1020/2 1654/1019/2 1655/1022/2 1656/1021/2
f 1650/963/3 1653/964/3 1656/965/3 1651/966/3
f 1652/966/4 1655/965/4 1654/964/4 1649/963/4
f 1651/694/5 1656/693/5 1655/692/5 1652/691/5
f 1649/691/6 1654/692/6 1653/693/6 1650/694/6
f 1657/1023/1 1658/1024/1 1659/1025/1 1660/1026/1
f 1661/1024/2 1662/1023/2 1663/1026/2 1664/1025/2
f 1658/963/3 1661/964/3 1664/965/3 1659/966/3
f 1660/966/4 1663/965/4 1662/964/4 1657/963/4
f 1659/702/5 1664/701/5 1663/700/5 1660/699/5
f 1657/699/6 1662/700/6 1661/701/6 1658/702/6
f 1665/1027/1 1666/1028/1 1667/1029/1 1668/1030/1
f 1669/1028/2 1670/1027/2 1671/1030/2 1672/1029/2
f 1666/963/3 1669/964/3 1672/965/3 1667/966/3
f 1668/966/4 1671/965/4 1670/964/4 1665/963/4
f 1667/710/5 1672/709/5 1671/708/5 1668/707/5
f 1665/707/6 1670/708/6 1669/709/6 1666/710/6
f 1673/1031/1 1674/1032/1 1675/1033/1 1676/1034/1
f 1677/1032/2 1678/1031/2 1679/1034/2 1680/1033/2
f 1674/963/3 1677/964/3 1680/965/3 1675/966/3
f 1676/966/4 1679/965/4 1678/964/4 1673/963/4
f 1675/718/5 1680/717/5 1679/716/5 1676/715/5
f 1673/715/6 1678/716/6 1677/717/6 1674/718/6
f 1681/1035/1 1682/1036/1 1683/1037/1 1684/1038/1
f 1685/1036/2 1686/1035/2 1687/1038/2 1688/1037/2
f 1682/963/3 1685/964/3 1688/965/3 1683/966/3
f 1684/966/4 1687/965/4 1686/964/4 1681/963/4
f 1683/726/5 1688/725/5 1687/724/5 1684/723/5
f 1681/723/6 1686/724/6 1685/725/6 1682/726/6
f 1689/1039/1 1690/1040/1 1691/1041/1 1692/1042/1
f 1693/1040/2 1694/1039/2 1695/1042/2 1696/1041/2
f 1690/963/3 1693/964/3 1696/965/3 1691/966/3
f 1692/966/4 1695/965/4 1694/964/4 1689/963/4
f 1691/734/5 1696/733/5 1695/732/5 1692/731/5
f 1689/731/6 1694/732/6 1693/733/6 1690/734/6
f 1697/1043/1 1698/1044/1 1699/1045/1 1700/1046/1
f 1701/1044/2 1702/1043/2 1703/1046/2 1704/1045/2
f 1698/963/3 1701/964/3 1704/965/3 1699/966/3
f 1700/966/4 1703/965/4 1702/964/4 1697/963/4
f 1699/742/5 1704/741/5 1703/740/5 1700/739/5
f 1697/739/6 1702/740/6 1701/741/6 1698/742/6
f 1705/1047/1 1706/1048/1 1707/1049/1 1708/1050/1
f 1709/1048/2 1710/1047/2 1711/1050/2 1712/1049/2
f 1706/963/3 1709/964/3 1712/965/3 1707/966/3
f 1708/966/4 1711/965/4 1710/964/4 1705/963/4
f 1707/750/5 1712/749/5 1711/748/5 1708/747/5
f 1705/747/6 1710/748/6 1709/749/6 1706/750/6
g deck_maintenance_hatches
f 1713/1051/1 1714/1052/1 1715/1053/1 1716/1054/1
f 1717/1052/2 1718/1051/2 1719/1054/2 1720/1053/2
f 1714/1055/3 1717/1056/3 1720/1057/3 1715/1058/3
f 1716/1058/4 1719/1057/4 1718/1056/4 1713/1055/4
f 1715/1059/5 1720/1060/5 1719/1061/5 1716/1062/5
f 1713/1062/6 1718/1061/6 1717/1060/6 1714/1059/6
f 1721/1063/1 1722/1064/1 1723/1065/1 1724/1066/1
f 1725/1064/2 1726/1063/2 1727/1066/2 1728/1065/2
f 1722/1067/3 1725/1068/3 1728/1069/3 1723/1070/3
f 1724/1070/4 1727/1069/4 1726/1068/4 1721/1067/4
f 1723/1071/5 1728/1072/5 1727/1073/5 1724/1074/5
f 1721/1074/6 1726/1073/6 1725/1072/6 1722/1071/6
f 1729/1075/7 1730/1076/7 1731/1077/7 1732/1078/7
f 1730/1079/4 1733/1080/4 1734/1081/4 1731/1082/4
f 1733/1076/8 1735/1075/8 1736/1078/8 1734/1077/8
f 1735/1075/9 1737/1083/9 1738/1084/9 1736/1078/9
f 1737/1080/3 1739/1079/3 1740/1082/3 1738/1081/3
f 1739/1083/10 1729/1075/10 1732/1078/10 1740/1084/10
f 1732/1085/2 1731/1086/2 1734/1087/2 1736/1088/2 1738/1089/2 1740/1090/2
f 1741/1091/7 1742/1092/7 1743/1093/7 1744/1094/7
f 1742/1079/4 1745/1080/4 1746/1081/4 1743/1082/4
f 1745/1092/8 1747/1091/8 1748/1094/8 1746/1093/8
f 1747/1091/9 1749/1095/9 1750/1096/9 1748/1094/9
f 1749/1080/3 1751/1079/3 1752/1082/3 1750/1081/3
f 1751/1095/10 1741/1091/10 1744/1094/10 1752/1096/10
f 1744/1097/2 1743/1098/2 1746/1099/2 1748/1100/2 1750/1101/2 1752/1102/2
f 1753/1075/7 1754/1076/7 1755/1077/7 1756/1078/7
f 1754/1103/4 1757/1104/4 1758/1105/4 1755/1106/4
f 1757/1076/8 1759/1075/8 1760/1078/8 1758/1077/8
f 1759/1075/9 1761/1083/9 1762/1084/9 1760/1078/9
f 1761/1104/3 1763/1103/3 1764/1106/3 1762/1105/3
f 1763/1083/10 1753/1075/10 1756/1078/10 1764/1084/10
f 1756/1107/2 1755/1108/2 1758/1109/2 1760/1110/2 1762/1111/2 1764/1112/2
f 1765/1091/7 1766/1092/7 1767/1093/7 1768/1094/7
f 1766/1103/4 1769/1104/4 1770/1105/4 1767/1106/4
f 1769/1092/8 1771/1091/8 1772/1094/8 1770/1093/8
f 1771/1091/9 1773/1095/9 1774/1096/9 1772/1094/9
f 1773/1104/3 1775/1103/3 1776/1106/3 1774/1105/3
f 1775/1095/10 1765/1091/10 1768/1094/10 1776/1096/10
f 1768/1113/2 1767/1114/2 1770/1115/2 1772/1116/2 1774/1117/2 1776/1118/2
f 1777/1119/1 1778/1120/1 1779/1121/1 1780/1122/1
f 1781/1120/2 1782/1119/2 1783/1122/2 1784/1121/2
f 1778/1123/3 1781/1124/3 1784/1125/3 1779/1126/3
f 1780/1126/4 1783/1125/4 1782/1124/4 1777/1123/4
f 1779/1126/5 1784/1125/5 1783/1124/5 1780/1123/5
f 1777/1123/6 1782/1124/6 1781/1125/6 1778/1126/6
f 1785/1127/1 1786/1128/1 1787/1129/1 1788/1130/1
f 1789/1128/2 1790/1127/2 1791/1130/2 1792/1129/2
f 1786/1131/3 1789/1132/3 1792/1133/3 1787/1134/3
f 1788/1134/4 1791/1133/4 1790/1132/4 1785/1131/4
f 1787/1134/5 1792/1133/5 1791/1132/5 1788/1131/5
f 1785/1131/6 1790/1132/6 1789/1133/6 1786/1134/6
f 1793/1135/7 1794/1136/7 1795/1137/7 1796/1138/7
f 1794/1139/4 1797/1140/4 1798/1141/4 1795/1142/4
f 1797/1136/8 1799/1135/8 1800/1138/8 1798/1137/8
f 1799/1135/9 1801/1143/9 1802/1144/9 1800/1138/9
f 1801/1140/3 1803/1139/3 1804/1142/3 1802/1141/3
f 1803/1143/10 1793/1135/10 1796/1138/10 1804/1144/10
f 1796/1145/2 1795/1146/2 1798/1147/2 1800/1148/2 1802/1149/2 1804/1150/2
f 1805/1151/7 1806/1152/7 1807/1153/7 1808/1154/7
f 1806/1139/4 1809/1140/4 1810/1141/4 1807/1142/4
f 1809/1152/8 1811/1151/8 1812/1154/8 1810/1153/8
f 1811/1151/9 1813/1155/9 1814/1156/9 1812/1154/9
f 1813/1140/3 1815/1139/3 1816/1142/3 1814/1141/3
f 1815/1155/10 1805/1151/10 1808/1154/10 1816/1156/10
f 1808/1157/2 1807/1158/2 1810/1159/2 1812/1160/2 1814/1161/2 1816/1162/2
f 1817/1135/7 1818/1136/7 1819/1137/7 1820/1138/7
f 1818/1163/4 1821/1164/4 1822/1165/4 1819/1166/4
f 1821/1136/8 1823/1135/8 1824/1138/8 1822/1137/8
f 1823/1135/9 1825/1143/9 1826/1144/9 1824/1138/9
f 1825/1164/3 1827/1163/3 1828/1166/3 1826/1165/3
f 1827/1143/10 1817/1135/10 1820/1138/10 1828/1144/10
f 1820/1167/2 1819/1168/2 1822/1169/2 1824/1170/2 1826/1171/2 1828/1172/2
f 1829/1151/7 1830/1152/7 1831/1153/7 1832/1154/7
f 1830/1163/4 1833/1164/4 1834/1165/4 1831/1166/4
f 1833/1152/8 1835/1151/8 1836/1154/8 1834/1153/8
f 1835/1151/9 1837/1155/9 1838/1156/9 1836/1154/9
f 1837/1164/3 1839/1163/3 1840/1166/3 1838/1165/3
f 1839/1155/10 1829/1151/10 1832/1154/10 1840/1156/10
f 1832/1173/2 1831/1174/2 1834/1175/2 1836/1176/2 1838/1177/2 1840/1178/2
f 1841/1179/1 1842/1180/1 1843/1181/1 1844/1182/1
f 1845/1180/2 1846/1179/2 1847/1182/2 1848/1181/2
f 1842/1183/3 1845/1184/3 1848/1185/3 1843/1186/3
f 1844/1186/4 1847/1185/4 1846/1184/4 1841/1183/4
f 1843/1187/5 1848/1188/5 1847/1189/5 1844/1190/5
f 1841/1190/6 1846/1189/6 1845/1188/6 1842/1187/6
f 1849/1191/1 1850/1192/1 1851/1193/1 1852/1194/1
f 1853/1192/2 1854/1191/2 1855/1194/2 1856/1193/2
f 1850/1195/3 1853/1196/3 1856/1197/3 1851/1198/3
f 1852/1198/4 1855/1197/4 1854/1196/4 1849/1195/4
f 1851/1199/5 1856/1200/5 1855/1201/5 1852/1202/5
f 1849/1202/6 1854/1201/6 1853/1200/6 1850/1199/6
f 1857/1203/7 1858/1204/7 1859/1205/7 1860/1206/7
f 1858/1207/4 1861/1208/4 1862/1209/4 1859/1210/4
f 1861/1204/8 1863/1203/8 1864/1206/8 1862/1205/8
f 1863/1203/9 1865/1211/9 1866/1212/9 1864/1206/9
f 1865/1208/3 1867/1207/3 1868/1210/3 1866/1209/3
f 1867/1211/10 1857/1203/10 1860/1206/10 1868/1212/10
f 1860/1213/2 1859/1214/2 1862/1215/2 1864/1216/2 1866/1217/2 1868/1218/2
f 1869/1219/7 1870/1220/7 1871/1221/7 1872/1222/7
f 1870/1207/4 1873/1208/4 1874/1209/4 1871/1210/4
f 1873/1220/8 1875/1219/8 1876/1222/8 1874/1221/8
f 1875/1219/9 1877/1223/9 1878/1224/9 1876/1222/9
f 1877/1208/3 1879/1207/3 1880/1210/3 1878/1209/3
f 1879/1223/10 1869/1219/10 1872/1222/10 1880/1224/10
f 1872/1225/2 1871/1226/2 1874/1227/2 1876/1228/2 1878/1229/2 1880/1230/2
f 1881/1203/7 1882/1204/7 1883/1205/7 1884/1206/7
f 1882/1231/4 1885/1232/4 1886/1233/4 1883/1234/4
f 1885/1204/8 1887/1203/8 1888/1206/8 1886/1205/8
f 1887/1203/9 1889/1211/9 1890/1212/9 1888/1206/9
f 1889/1232/3 1891/1231/3 1892/1234/3 1890/1233/3
f 1891/1211/10 1881/1203/10 1884/1206/10 1892/1212/10
f 1884/1235/2 1883/1236/2 1886/1237/2 1888/1238/2 1890/1239/2 1892/1240/2
f 1893/1219/7 1894/1220/7 1895/1221/7 1896/1222/7
f 1894/1231/4 1897/1232/4 1898/1233/4 1895/1234/4
f 1897/1220/8 1899/1219/8 1900/1222/8 1898/1221/8
f 1899/1219/9 1901/1223/9 1902/1224/9 1900/1222/9
f 1901/1232/3 1903/1231/3 1904/1234/3 1902/1233/3
f 1903/1223/10 1893/1219/10 1896/1222/10 1904/1224/10
f 1896/1241/2 1895/1242/2 1898/1243/2 1900/1244/2 1902/1245/2 1904/1246/2
f 1905/1247/1 1906/1248/1 1907/1249/1 1908/1250/1
f 1909/1248/2 1910/1247/2 1911/1250/2 1912/1249/2
f 1906/1062/3 1909/1061/3 1912/1060/3 1907/1059/3
f 1908/1059/4 1911/1060/4 1910/1061/4 1905/1062/4
f 1907/1186/5 1912/1185/5 1911/1184/5 1908/1183/5
f 1905/1183/6 1910/1184/6 1909/1185/6 1906/1186/6
f 1913/1251/1 1914/1252/1 1915/1253/1 1916/1254/1
f 1917/1252/2 1918/1251/2 1919/1254/2 1920/1253/2
f 1914/1074/3 1917/1073/3 1920/1072/3 1915/1071/3
f 1916/1071/4 1919/1072/4 1918/1073/4 1913/1074/4
f 1915/1198/5 1920/1197/5 1919/1196/5 1916/1195/5
f 1913/1195/6 1918/1196/6 1917/1197/6 1914/1198/6
f 1921/1255/7 1922/1256/7 1923/1257/7 1924/1258/7
f 1922/1259/4 1925/1260/4 1926/1261/4 1923/1262/4
f 1925/1256/8 1927/1255/8 1928/1258/8 1926/1257/8
f 1927/1255/9 1929/1263/9 1930/1264/9 1928/1258/9
f 1929/1260/3 1931/1259/3 1932/1262/3 1930/1261/3
f 1931/1263/10 1921/1255/10 1924/1258/10 1932/1264/10
f 1924/1265/2 1923/1266/2 1926/1267/2 1928/1268/2 1930/1269/2 1932/1270/2
f 1933/1271/7 1934/1272/7 1935/1273/7 1936/1274/7
f 1934/1259/4 1937/1260/4 1938/1261/4 1935/1262/4
f 1937/1272/8 1939/1271/8 1940/1274/8 1938/1273/8
f 1939/1271/9 1941/1275/9 1942/1276/9 1940/1274/9
f 1941/1260/3 1943/1259/3 1944/1262/3 1942/1261/3
f 1943/1275/10 1933/1271/10 1936/1274/10 1944/1276/10
f 1936/1277/2 1935/1278/2 1938/1279/2 1940/1280/2 1942/1281/2 1944/1282/2
f 1945/1255/7 1946/1256/7 1947/1257/7 1948/1258/7
f 1946/1283/4 1949/1284/4 1950/1285/4 1947/1286/4
f 1949/1256/8 1951/1255/8 1952/1258/8 1950/1257/8
f 1951/1255/9 1953/1263/9 1954/1264/9 1952/1258/9
f 1953/1284/3 1955/1283/3 1956/1286/3 1954/1285/3
f 1955/1263/10 1945/1255/10 1948/1258/10 1956/1264/10
f 1948/1287/2 1947/1288/2 1950/1289/2 1952/1290/2 1954/1291/2 1956/1292/2
f 1957/1271/7 1958/1272/7 1959/1273/7 1960/1274/7
f 1958/1283/4 1961/1284/4 1962/1285/4 1959/1286/4
f 1961/1272/8 1963/1271/8 1964/1274/8 1962/1273/8
f 1963/1271/9 1965/1275/9 1966/1276/9 1964/1274/9
f 1965/1284/3 1967/1283/3 1968/1286/3 1966/1285/3
f 1967/1275/10 1957/1271/10 1960/1274/10 1968/1276/10
f 1960/1293/2 1959/1294/2 1962/1295/2 1964/1296/2 1966/1297/2 1968/1298/2
g deck_transition_plates
f 1969/1299/1 1970/1300/1 1971/1301/1 1972/1302/1
f 1973/1300/2 1974/1299/2 1975/1302/2 1976/1301/2
f 1970/1303/3 1973/1304/3 1976/1305/3 1971/1306/3
f 1972/1306/4 1975/1305/4 1974/1304/4 1969/1303/4
f 1971/1307/5 1976/1308/5 1975/1309/5 1972/1310/5
f 1969/1310/6 1974/1309/6 1973/1308/6 1970/1307/6
f 1977/1311/1 1978/1312/1 1979/1313/1 1980/1314/1
f 1981/1312/2 1982/1311/2 1983/1314/2 1984/1313/2
f 1978/1315/3 1981/1316/3 1984/1317/3 1979/1318/3
f 1980/1318/4 1983/1317/4 1982/1316/4 1977/1315/4
f 1979/1319/5 1984/1320/5 1983/1321/5 1980/1322/5
f 1977/1322/6 1982/1321/6 1981/1320/6 1978/1319/6
f 1985/1323/1 1986/1324/1 1987/1325/1 1988/1326/1
f 1989/1324/2 1990/1323/2 1991/1326/2 1992/1325/2
f 1986/1327/3 1989/1328/3 1992/1329/3 1987/1330/3
f 1988/1330/4 1991/1329/4 1990/1328/4 1985/1327/4
f 1987/1331/5 1992/1332/5 1991/1333/5 1988/1334/5
f 1985/1334/6 1990/1333/6 1989/1332/6 1986/1331/6
g deck_perimeter_frame
f 1993/1335/1 1994/1336/1 1995/1337/1 1996/1338/1
f 1997/1336/2 1998/1335/2 1999/1338/2 2000/1337/2
f 1994/1339/3 1997/1340/3 2000/1341/3 1995/1342/3
f 1996/1342/4 1999/1341/4 1998/1340/4 1993/1339/4
f 1995/1342/5 2000/1341/5 1999/1343/5 1996/1344/5
f 1993/1344/6 1998/1343/6 1997/1341/6 1994/1342/6
f 2001/1345/1 2002/1346/1 1996/1338/1 2003/1347/1
f 2004/1346/2 2005/1345/2 2006/1347/2 1999/1338/2
f 2002/1344/3 2004/1343/3 1999/1341/3 1996/1342/3
f 2003/1342/4 2006/1341/4 2005/1343/4 2001/1344/4
f 1996/1344/5 1999/1343/5 2006/1348/5 2003/1349/5
f 2001/1349/6 2005/1348/6 2004/1343/6 2002/1344/6
f 2007/1350/1 2008/1351/1 2003/1347/1 2009/1352/1
f 2010/1351/2 2011/1350/2 2012/1352/2 2006/1347/2
f 2008/1339/3 2010/1340/3 2006/1341/3 2003/1342/3
f 2009/1342/4 2012/1341/4 2011/1340/4 2007/1339/4
f 2003/1349/5 2006/1348/5 2012/1340/5 2009/1339/5
f 2007/1339/6 2011/1340/6 2010/1348/6 2008/1349/6
f 2008/1351/1 1993/1335/1 2013/1353/1 2014/1354/1
f 1998/1335/2 2010/1351/2 2015/1354/2 2016/1353/2
f 1993/1339/3 1998/1340/3 2016/1348/3 2013/1349/3
f 2014/1349/4 2015/1348/4 2010/1340/4 2008/1339/4
f 2013/1344/5 2016/1343/5 2015/1348/5 2014/1349/5
f 2008/1349/6 2010/1348/6 1998/1343/6 1993/1344/6
f 2017/1353/1 2018/1355/1 2019/1356/1 2020/1346/1
f 2021/1355/2 2016/1353/2 2004/1346/2 2022/1356/2
f 2018/1357/3 2021/1348/3 2022/1343/3 2019/1358/3
f 2020/1358/4 2004/1343/4 2016/1348/4 2017/1357/4
f 2019/1359/5 2022/1360/5 2004/1343/5 2020/1358/5
f 2017/1358/6 2016/1343/6 2021/1360/6 2018/1359/6
f 2023/1345/1 2020/1346/1 2024/1361/1 2025/1362/1
f 2004/1346/2 2005/1345/2 2026/1362/2 2027/1361/2
f 2020/1358/3 2004/1343/3 2027/1360/3 2024/1359/3
f 2025/1359/4 2026/1360/4 2005/1343/4 2023/1358/4
f 2024/1358/5 2027/1343/5 2026/1348/5 2025/1357/5
f 2023/1357/6 2005/1348/6 2004/1343/6 2020/1358/6
f 2028/1363/1 2029/1354/1 2023/1345/1 2030/1364/1
f 2015/1354/2 2031/1363/2 2032/1364/2 2005/1345/2
f 2029/1357/3 2015/1348/3 2005/1343/3 2023/1358/3
f 2030/1358/4 2032/1343/4 2031/1348/4 2028/1357/4
f 2023/1357/5 2005/1348/5 2032/1365/5 2030/1366/5
f 2028/1366/6 2031/1365/6 2015/1348/6 2029/1357/6
f 2033/1367/1 2034/1368/1 2017/1353/1 2029/1354/1
f 2035/1368/2 2036/1367/2 2015/1354/2 2016/1353/2
f 2034/1366/3 2035/1365/3 2016/1348/3 2017/1357/3
f 2029/1357/4 2015/1348/4 2036/1365/4 2033/1366/4
f 2017/1358/5 2016/1343/5 2015/1348/5 2029/1357/5
f 2033/1357/6 2036/1348/6 2035/1343/6 2034/1358/6
f 2037/1369/7 2038/1370/7 2039/1371/7 2040/1372/7
f 2038/1373/4 2041/1374/4 2042/1375/4 2039/1376/4
f 2041/1370/8 2043/1369/8 2044/1372/8 2042/1371/8
f 2043/1369/9 2045/1377/9 2046/1378/9 2044/1372/9
f 2045/1374/3 2047/1373/3 2048/1376/3 2046/1375/3
f 2047/1377/10 2037/1369/10 2040/1372/10 2048/1378/10
f 2040/1379/2 2039/1380/2 2042/1381/2 2044/1382/2 2046/1383/2 2048/1384/2
f 2049/1385/7 2050/1386/7 2051/1387/7 2052/1388/7
f 2050/1373/4 2053/1374/4 2054/1375/4 2051/1376/4
f 2053/1386/8 2055/1385/8 2056/1388/8 2054/1387/8
f 2055/1385/9 2057/1389/9 2058/1390/9 2056/1388/9
f 2057/1374/3 2059/1373/3 2060/1376/3 2058/1375/3
f 2059/1389/10 2049/1385/10 2052/1388/10 2060/1390/10
f 2052/1391/2 2051/1392/2 2054/1393/2 2056/1394/2 2058/1395/2 2060/1396/2
f 2061/1369/7 2062/1370/7 2063/1371/7 2064/1372/7
f 2062/1397/4 2065/1398/4 2066/1399/4 2063/1400/4
f 2065/1370/8 2067/1369/8 2068/1372/8 2066/1371/8
f 2067/1369/9 2069/1377/9 2070/1378/9 2068/1372/9
f 2069/1398/3 2071/1397/3 2072/1400/3 2070/1399/3
f 2071/1377/10 2061/1369/10 2064/1372/10 2072/1378/10
f 2064/1401/2 2063/1402/2 2066/1403/2 2068/1404/2 2070/1405/2 2072/1406/2
f 2073/1385/7 2074/1386/7 2075/1387/7 2076/1388/7
f 2074/1397/4 2077/1398/4 2078/1399/4 2075/1400/4
f 2077/1386/8 2079/1385/8 2080/1388/8 2078/1387/8
f 2079/1385/9 2081/1389/9 2082/1390/9 2080/1388/9
f 2081/1398/3 2083/1397/3 2084/1400/3 2082/1399/3
f 2083/1389/10 2073/1385/10 2076/1388/10 2084/1390/10
f 2076/1407/2 2075/1408/2 2078/1409/2 2080/1410/2 2082/1411/2 2084/1412/2
