# STW_ARENA_STRUCT_01 - original STW production arena kit geometry
# Generated deterministically by tools/assets/generate_stw_arena_kit.py
# Axis convention: raw Z-up, +Y forward, metres, unrotated. O3DE imports OBJ
# vertices as (-x, z, y) and the runtime applies the compensating rotation
# Matrix3x3::CreateFromColumns(-X, Z, Y) at bind time.
# UVs are world-planar, scaled to 1.00 m per tile.
# No mtllib / usemtl: the runtime binds one Atom StandardPBR material through
# the mesh feature processor's default custom material slot.
o STW_ARENA_STRUCT_01
v -12.190000 -6.650000 0.000000
v -11.920000 -6.650000 0.000000
v -11.920000 -6.650000 0.180000
v -12.190000 -6.650000 0.180000
v -11.760000 -6.490000 0.000000
v -11.760000 -6.490000 0.180000
v -11.760000 -5.510000 0.000000
v -11.760000 -5.510000 0.180000
v -11.920000 -5.350000 0.000000
v -11.920000 -5.350000 0.180000
v -12.190000 -5.350000 0.000000
v -12.190000 -5.350000 0.180000
v -12.350000 -5.510000 0.000000
v -12.350000 -5.510000 0.180000
v -12.350000 -6.490000 0.000000
v -12.350000 -6.490000 0.180000
v -12.230000 -6.525000 0.170000
v -11.930000 -6.525000 0.170000
v -11.930000 -6.525000 0.430000
v -12.230000 -6.525000 0.430000
v -11.810000 -6.405000 0.170000
v -11.810000 -6.405000 0.430000
v -11.810000 -5.595000 0.170000
v -11.810000 -5.595000 0.430000
v -11.930000 -5.475000 0.170000
v -11.930000 -5.475000 0.430000
v -12.230000 -5.475000 0.170000
v -12.230000 -5.475000 0.430000
v -12.350000 -5.595000 0.170000
v -12.350000 -5.595000 0.430000
v -12.350000 -6.405000 0.170000
v -12.350000 -6.405000 0.430000
v -12.120000 -6.430000 0.800000
v -12.000000 -6.430000 0.800000
v -12.000000 -6.430000 6.200000
v -12.120000 -6.430000 6.200000
v -11.810000 -6.240000 0.800000
v -11.810000 -6.240000 6.200000
v -11.810000 -5.760000 0.800000
v -11.810000 -5.760000 6.200000
v -12.000000 -5.570000 0.800000
v -12.000000 -5.570000 6.200000
v -12.120000 -5.570000 0.800000
v -12.120000 -5.570000 6.200000
v -12.310000 -5.760000 0.800000
v -12.310000 -5.760000 6.200000
v -12.310000 -6.240000 0.800000
v -12.310000 -6.240000 6.200000
v -12.150000 -6.310000 0.550000
v -11.990000 -6.310000 0.550000
v -11.990000 -6.310000 6.450000
v -12.150000 -6.310000 6.450000
v -11.890000 -6.210000 0.550000
v -11.890000 -6.210000 6.450000
v -11.890000 -5.790000 0.550000
v -11.890000 -5.790000 6.450000
v -11.990000 -5.690000 0.550000
v -11.990000 -5.690000 6.450000
v -12.150000 -5.690000 0.550000
v -12.150000 -5.690000 6.450000
v -12.250000 -5.790000 0.550000
v -12.250000 -5.790000 6.450000
v -12.250000 -6.210000 0.550000
v -12.250000 -6.210000 6.450000
v -11.760000 -5.520000 1.000000
v -11.760000 -6.480000 1.000000
v -12.060000 -6.480000 1.000000
v -12.060000 -5.520000 1.000000
v -11.760000 -6.480000 1.300000
v -11.760000 -5.520000 1.300000
v -12.060000 -5.520000 1.300000
v -12.060000 -6.480000 1.300000
v -11.760000 -5.830000 1.000000
v -11.760000 -6.170000 1.000000
v -12.200000 -6.170000 1.000000
v -12.200000 -5.830000 1.000000
v -11.760000 -6.170000 1.300000
v -11.760000 -5.830000 1.300000
v -12.200000 -5.830000 1.300000
v -12.200000 -6.170000 1.300000
v -11.760000 -5.530000 1.800000
v -11.760000 -6.470000 1.800000
v -12.060000 -6.470000 1.800000
v -12.060000 -5.530000 1.800000
v -11.760000 -6.470000 2.100000
v -11.760000 -5.530000 2.100000
v -12.060000 -5.530000 2.100000
v -12.060000 -6.470000 2.100000
v -11.760000 -5.830000 1.800000
v -11.760000 -6.170000 1.800000
v -12.200000 -6.170000 1.800000
v -12.200000 -5.830000 1.800000
v -11.760000 -6.170000 2.100000
v -11.760000 -5.830000 2.100000
v -12.200000 -5.830000 2.100000
v -12.200000 -6.170000 2.100000
v -11.760000 -5.540000 2.600000
v -11.760000 -6.460000 2.600000
v -12.060000 -6.460000 2.600000
v -12.060000 -5.540000 2.600000
v -11.760000 -6.460000 2.900000
v -11.760000 -5.540000 2.900000
v -12.060000 -5.540000 2.900000
v -12.060000 -6.460000 2.900000
v -11.760000 -5.830000 2.600000
v -11.760000 -6.170000 2.600000
v -12.200000 -6.170000 2.600000
v -12.200000 -5.830000 2.600000
v -11.760000 -6.170000 2.900000
v -11.760000 -5.830000 2.900000
v -12.200000 -5.830000 2.900000
v -12.200000 -6.170000 2.900000
v -11.840000 -6.390000 5.440000
v -11.840000 -6.610000 5.440000
v -12.260000 -6.610000 5.440000
v -12.260000 -6.390000 5.440000
v -11.840000 -6.610000 5.860000
v -11.840000 -6.390000 5.860000
v -12.260000 -6.390000 5.860000
v -12.260000 -6.610000 5.860000
v -11.840000 -5.390000 5.440000
v -11.840000 -5.610000 5.440000
v -12.260000 -5.610000 5.440000
v -12.260000 -5.390000 5.440000
v -11.840000 -5.610000 5.860000
v -11.840000 -5.390000 5.860000
v -12.260000 -5.390000 5.860000
v -12.260000 -5.610000 5.860000
v -12.210000 -6.550000 5.920000
v -11.900000 -6.550000 5.920000
v -11.900000 -6.550000 6.200000
v -12.210000 -6.550000 6.200000
v -11.760000 -6.410000 5.920000
v -11.760000 -6.410000 6.200000
v -11.760000 -5.590000 5.920000
v -11.760000 -5.590000 6.200000
v -11.900000 -5.450000 5.920000
v -11.900000 -5.450000 6.200000
v -12.210000 -5.450000 5.920000
v -12.210000 -5.450000 6.200000
v -12.350000 -5.590000 5.920000
v -12.350000 -5.590000 6.200000
v -12.350000 -6.410000 5.920000
v -12.350000 -6.410000 6.200000
v -11.920000 -6.440000 0.180000
v -11.950000 -6.388038 0.180000
v -11.950000 -6.388038 0.210000
v -11.920000 -6.440000 0.210000
v -12.010000 -6.388038 0.180000
v -12.010000 -6.388038 0.210000
v -12.040000 -6.440000 0.180000
v -12.040000 -6.440000 0.210000
v -12.010000 -6.491962 0.180000
v -12.010000 -6.491962 0.210000
v -11.950000 -6.491962 0.180000
v -11.950000 -6.491962 0.210000
v -11.920000 -5.560000 0.180000
v -11.950000 -5.508038 0.180000
v -11.950000 -5.508038 0.210000
v -11.920000 -5.560000 0.210000
v -12.010000 -5.508038 0.180000
v -12.010000 -5.508038 0.210000
v -12.040000 -5.560000 0.180000
v -12.040000 -5.560000 0.210000
v -12.010000 -5.611962 0.180000
v -12.010000 -5.611962 0.210000
v -11.950000 -5.611962 0.180000
v -11.950000 -5.611962 0.210000
v 11.920000 -6.650000 0.000000
v 12.190000 -6.650000 0.000000
v 12.190000 -6.650000 0.180000
v 11.920000 -6.650000 0.180000
v 12.350000 -6.490000 0.000000
v 12.350000 -6.490000 0.180000
v 12.350000 -5.510000 0.000000
v 12.350000 -5.510000 0.180000
v 12.190000 -5.350000 0.000000
v 12.190000 -5.350000 0.180000
v 11.920000 -5.350000 0.000000
v 11.920000 -5.350000 0.180000
v 11.760000 -5.510000 0.000000
v 11.760000 -5.510000 0.180000
v 11.760000 -6.490000 0.000000
v 11.760000 -6.490000 0.180000
v 11.930000 -6.525000 0.170000
v 12.230000 -6.525000 0.170000
v 12.230000 -6.525000 0.430000
v 11.930000 -6.525000 0.430000
v 12.350000 -6.405000 0.170000
v 12.350000 -6.405000 0.430000
v 12.350000 -5.595000 0.170000
v 12.350000 -5.595000 0.430000
v 12.230000 -5.475000 0.170000
v 12.230000 -5.475000 0.430000
v 11.930000 -5.475000 0.170000
v 11.930000 -5.475000 0.430000
v 11.810000 -5.595000 0.170000
v 11.810000 -5.595000 0.430000
v 11.810000 -6.405000 0.170000
v 11.810000 -6.405000 0.430000
v 12.000000 -6.430000 0.800000
v 12.120000 -6.430000 0.800000
v 12.120000 -6.430000 6.200000
v 12.000000 -6.430000 6.200000
v 12.310000 -6.240000 0.800000
v 12.310000 -6.240000 6.200000
v 12.310000 -5.760000 0.800000
v 12.310000 -5.760000 6.200000
v 12.120000 -5.570000 0.800000
v 12.120000 -5.570000 6.200000
v 12.000000 -5.570000 0.800000
v 12.000000 -5.570000 6.200000
v 11.810000 -5.760000 0.800000
v 11.810000 -5.760000 6.200000
v 11.810000 -6.240000 0.800000
v 11.810000 -6.240000 6.200000
v 11.990000 -6.310000 0.550000
v 12.150000 -6.310000 0.550000
v 12.150000 -6.310000 6.450000
v 11.990000 -6.310000 6.450000
v 12.250000 -6.210000 0.550000
v 12.250000 -6.210000 6.450000
v 12.250000 -5.790000 0.550000
v 12.250000 -5.790000 6.450000
v 12.150000 -5.690000 0.550000
v 12.150000 -5.690000 6.450000
v 11.990000 -5.690000 0.550000
v 11.990000 -5.690000 6.450000
v 11.890000 -5.790000 0.550000
v 11.890000 -5.790000 6.450000
v 11.890000 -6.210000 0.550000
v 11.890000 -6.210000 6.450000
v 12.060000 -5.520000 1.000000
v 12.060000 -6.480000 1.000000
v 11.760000 -6.480000 1.000000
v 11.760000 -5.520000 1.000000
v 12.060000 -6.480000 1.300000
v 12.060000 -5.520000 1.300000
v 11.760000 -5.520000 1.300000
v 11.760000 -6.480000 1.300000
v 12.200000 -5.830000 1.000000
v 12.200000 -6.170000 1.000000
v 11.760000 -6.170000 1.000000
v 11.760000 -5.830000 1.000000
v 12.200000 -6.170000 1.300000
v 12.200000 -5.830000 1.300000
v 11.760000 -5.830000 1.300000
v 11.760000 -6.170000 1.300000
v 12.060000 -5.530000 1.800000
v 12.060000 -6.470000 1.800000
v 11.760000 -6.470000 1.800000
v 11.760000 -5.530000 1.800000
v 12.060000 -6.470000 2.100000
v 12.060000 -5.530000 2.100000
v 11.760000 -5.530000 2.100000
v 11.760000 -6.470000 2.100000
v 12.200000 -5.830000 1.800000
v 12.200000 -6.170000 1.800000
v 11.760000 -6.170000 1.800000
v 11.760000 -5.830000 1.800000
v 12.200000 -6.170000 2.100000
v 12.200000 -5.830000 2.100000
v 11.760000 -5.830000 2.100000
v 11.760000 -6.170000 2.100000
v 12.060000 -5.540000 2.600000
v 12.060000 -6.460000 2.600000
v 11.760000 -6.460000 2.600000
v 11.760000 -5.540000 2.600000
v 12.060000 -6.460000 2.900000
v 12.060000 -5.540000 2.900000
v 11.760000 -5.540000 2.900000
v 11.760000 -6.460000 2.900000
v 12.200000 -5.830000 2.600000
v 12.200000 -6.170000 2.600000
v 11.760000 -6.170000 2.600000
v 11.760000 -5.830000 2.600000
v 12.200000 -6.170000 2.900000
v 12.200000 -5.830000 2.900000
v 11.760000 -5.830000 2.900000
v 11.760000 -6.170000 2.900000
v 12.260000 -6.390000 5.440000
v 12.260000 -6.610000 5.440000
v 11.840000 -6.610000 5.440000
v 11.840000 -6.390000 5.440000
v 12.260000 -6.610000 5.860000
v 12.260000 -6.390000 5.860000
v 11.840000 -6.390000 5.860000
v 11.840000 -6.610000 5.860000
v 12.260000 -5.390000 5.440000
v 12.260000 -5.610000 5.440000
v 11.840000 -5.610000 5.440000
v 11.840000 -5.390000 5.440000
v 12.260000 -5.610000 5.860000
v 12.260000 -5.390000 5.860000
v 11.840000 -5.390000 5.860000
v 11.840000 -5.610000 5.860000
v 11.900000 -6.550000 5.920000
v 12.210000 -6.550000 5.920000
v 12.210000 -6.550000 6.200000
v 11.900000 -6.550000 6.200000
v 12.350000 -6.410000 5.920000
v 12.350000 -6.410000 6.200000
v 12.350000 -5.590000 5.920000
v 12.350000 -5.590000 6.200000
v 12.210000 -5.450000 5.920000
v 12.210000 -5.450000 6.200000
v 11.900000 -5.450000 5.920000
v 11.900000 -5.450000 6.200000
v 11.760000 -5.590000 5.920000
v 11.760000 -5.590000 6.200000
v 11.760000 -6.410000 5.920000
v 11.760000 -6.410000 6.200000
v 12.040000 -6.440000 0.180000
v 12.010000 -6.388038 0.180000
v 12.010000 -6.388038 0.210000
v 12.040000 -6.440000 0.210000
v 11.950000 -6.388038 0.180000
v 11.950000 -6.388038 0.210000
v 11.920000 -6.440000 0.180000
v 11.920000 -6.440000 0.210000
v 11.950000 -6.491962 0.180000
v 11.950000 -6.491962 0.210000
v 12.010000 -6.491962 0.180000
v 12.010000 -6.491962 0.210000
v 12.040000 -5.560000 0.180000
v 12.010000 -5.508038 0.180000
v 12.010000 -5.508038 0.210000
v 12.040000 -5.560000 0.210000
v 11.950000 -5.508038 0.180000
v 11.950000 -5.508038 0.210000
v 11.920000 -5.560000 0.180000
v 11.920000 -5.560000 0.210000
v 11.950000 -5.611962 0.180000
v 11.950000 -5.611962 0.210000
v 12.010000 -5.611962 0.180000
v 12.010000 -5.611962 0.210000
v -12.190000 -0.650000 0.000000
v -11.920000 -0.650000 0.000000
v -11.920000 -0.650000 0.180000
v -12.190000 -0.650000 0.180000
v -11.760000 -0.490000 0.000000
v -11.760000 -0.490000 0.180000
v -11.760000 0.490000 0.000000
v -11.760000 0.490000 0.180000
v -11.920000 0.650000 0.000000
v -11.920000 0.650000 0.180000
v -12.190000 0.650000 0.000000
v -12.190000 0.650000 0.180000
v -12.350000 0.490000 0.000000
v -12.350000 0.490000 0.180000
v -12.350000 -0.490000 0.000000
v -12.350000 -0.490000 0.180000
v -12.230000 -0.525000 0.170000
v -11.930000 -0.525000 0.170000
v -11.930000 -0.525000 0.430000
v -12.230000 -0.525000 0.430000
v -11.810000 -0.405000 0.170000
v -11.810000 -0.405000 0.430000
v -11.810000 0.405000 0.170000
v -11.810000 0.405000 0.430000
v -11.930000 0.525000 0.170000
v -11.930000 0.525000 0.430000
v -12.230000 0.525000 0.170000
v -12.230000 0.525000 0.430000
v -12.350000 0.405000 0.170000
v -12.350000 0.405000 0.430000
v -12.350000 -0.405000 0.170000
v -12.350000 -0.405000 0.430000
v -12.120000 -0.430000 0.800000
v -12.000000 -0.430000 0.800000
v -12.000000 -0.430000 6.200000
v -12.120000 -0.430000 6.200000
v -11.810000 -0.240000 0.800000
v -11.810000 -0.240000 6.200000
v -11.810000 0.240000 0.800000
v -11.810000 0.240000 6.200000
v -12.000000 0.430000 0.800000
v -12.000000 0.430000 6.200000
v -12.120000 0.430000 0.800000
v -12.120000 0.430000 6.200000
v -12.310000 0.240000 0.800000
v -12.310000 0.240000 6.200000
v -12.310000 -0.240000 0.800000
v -12.310000 -0.240000 6.200000
v -12.150000 -0.310000 0.550000
v -11.990000 -0.310000 0.550000
v -11.990000 -0.310000 6.450000
v -12.150000 -0.310000 6.450000
v -11.890000 -0.210000 0.550000
v -11.890000 -0.210000 6.450000
v -11.890000 0.210000 0.550000
v -11.890000 0.210000 6.450000
v -11.990000 0.310000 0.550000
v -11.990000 0.310000 6.450000
v -12.150000 0.310000 0.550000
v -12.150000 0.310000 6.450000
v -12.250000 0.210000 0.550000
v -12.250000 0.210000 6.450000
v -12.250000 -0.210000 0.550000
v -12.250000 -0.210000 6.450000
v -11.760000 0.480000 1.000000
v -11.760000 -0.480000 1.000000
v -12.060000 -0.480000 1.000000
v -12.060000 0.480000 1.000000
v -11.760000 -0.480000 1.300000
v -11.760000 0.480000 1.300000
v -12.060000 0.480000 1.300000
v -12.060000 -0.480000 1.300000
v -11.760000 0.170000 1.000000
v -11.760000 -0.170000 1.000000
v -12.200000 -0.170000 1.000000
v -12.200000 0.170000 1.000000
v -11.760000 -0.170000 1.300000
v -11.760000 0.170000 1.300000
v -12.200000 0.170000 1.300000
v -12.200000 -0.170000 1.300000
v -11.760000 0.470000 1.800000
v -11.760000 -0.470000 1.800000
v -12.060000 -0.470000 1.800000
v -12.060000 0.470000 1.800000
v -11.760000 -0.470000 2.100000
v -11.760000 0.470000 2.100000
v -12.060000 0.470000 2.100000
v -12.060000 -0.470000 2.100000
v -11.760000 0.170000 1.800000
v -11.760000 -0.170000 1.800000
v -12.200000 -0.170000 1.800000
v -12.200000 0.170000 1.800000
v -11.760000 -0.170000 2.100000
v -11.760000 0.170000 2.100000
v -12.200000 0.170000 2.100000
v -12.200000 -0.170000 2.100000
v -11.760000 0.460000 2.600000
v -11.760000 -0.460000 2.600000
v -12.060000 -0.460000 2.600000
v -12.060000 0.460000 2.600000
v -11.760000 -0.460000 2.900000
v -11.760000 0.460000 2.900000
v -12.060000 0.460000 2.900000
v -12.060000 -0.460000 2.900000
v -11.760000 0.170000 2.600000
v -11.760000 -0.170000 2.600000
v -12.200000 -0.170000 2.600000
v -12.200000 0.170000 2.600000
v -11.760000 -0.170000 2.900000
v -11.760000 0.170000 2.900000
v -12.200000 0.170000 2.900000
v -12.200000 -0.170000 2.900000
v -11.840000 -0.390000 5.440000
v -11.840000 -0.610000 5.440000
v -12.260000 -0.610000 5.440000
v -12.260000 -0.390000 5.440000
v -11.840000 -0.610000 5.860000
v -11.840000 -0.390000 5.860000
v -12.260000 -0.390000 5.860000
v -12.260000 -0.610000 5.860000
v -11.840000 0.610000 5.440000
v -11.840000 0.390000 5.440000
v -12.260000 0.390000 5.440000
v -12.260000 0.610000 5.440000
v -11.840000 0.390000 5.860000
v -11.840000 0.610000 5.860000
v -12.260000 0.610000 5.860000
v -12.260000 0.390000 5.860000
v -12.210000 -0.550000 5.920000
v -11.900000 -0.550000 5.920000
v -11.900000 -0.550000 6.200000
v -12.210000 -0.550000 6.200000
v -11.760000 -0.410000 5.920000
v -11.760000 -0.410000 6.200000
v -11.760000 0.410000 5.920000
v -11.760000 0.410000 6.200000
v -11.900000 0.550000 5.920000
v -11.900000 0.550000 6.200000
v -12.210000 0.550000 5.920000
v -12.210000 0.550000 6.200000
v -12.350000 0.410000 5.920000
v -12.350000 0.410000 6.200000
v -12.350000 -0.410000 5.920000
v -12.350000 -0.410000 6.200000
v -11.920000 -0.440000 0.180000
v -11.950000 -0.388038 0.180000
v -11.950000 -0.388038 0.210000
v -11.920000 -0.440000 0.210000
v -12.010000 -0.388038 0.180000
v -12.010000 -0.388038 0.210000
v -12.040000 -0.440000 0.180000
v -12.040000 -0.440000 0.210000
v -12.010000 -0.491962 0.180000
v -12.010000 -0.491962 0.210000
v -11.950000 -0.491962 0.180000
v -11.950000 -0.491962 0.210000
v -11.920000 0.440000 0.180000
v -11.950000 0.491962 0.180000
v -11.950000 0.491962 0.210000
v -11.920000 0.440000 0.210000
v -12.010000 0.491962 0.180000
v -12.010000 0.491962 0.210000
v -12.040000 0.440000 0.180000
v -12.040000 0.440000 0.210000
v -12.010000 0.388038 0.180000
v -12.010000 0.388038 0.210000
v -11.950000 0.388038 0.180000
v -11.950000 0.388038 0.210000
v 11.920000 -0.650000 0.000000
v 12.190000 -0.650000 0.000000
v 12.190000 -0.650000 0.180000
v 11.920000 -0.650000 0.180000
v 12.350000 -0.490000 0.000000
v 12.350000 -0.490000 0.180000
v 12.350000 0.490000 0.000000
v 12.350000 0.490000 0.180000
v 12.190000 0.650000 0.000000
v 12.190000 0.650000 0.180000
v 11.920000 0.650000 0.000000
v 11.920000 0.650000 0.180000
v 11.760000 0.490000 0.000000
v 11.760000 0.490000 0.180000
v 11.760000 -0.490000 0.000000
v 11.760000 -0.490000 0.180000
v 11.930000 -0.525000 0.170000
v 12.230000 -0.525000 0.170000
v 12.230000 -0.525000 0.430000
v 11.930000 -0.525000 0.430000
v 12.350000 -0.405000 0.170000
v 12.350000 -0.405000 0.430000
v 12.350000 0.405000 0.170000
v 12.350000 0.405000 0.430000
v 12.230000 0.525000 0.170000
v 12.230000 0.525000 0.430000
v 11.930000 0.525000 0.170000
v 11.930000 0.525000 0.430000
v 11.810000 0.405000 0.170000
v 11.810000 0.405000 0.430000
v 11.810000 -0.405000 0.170000
v 11.810000 -0.405000 0.430000
v 12.000000 -0.430000 0.800000
v 12.120000 -0.430000 0.800000
v 12.120000 -0.430000 6.200000
v 12.000000 -0.430000 6.200000
v 12.310000 -0.240000 0.800000
v 12.310000 -0.240000 6.200000
v 12.310000 0.240000 0.800000
v 12.310000 0.240000 6.200000
v 12.120000 0.430000 0.800000
v 12.120000 0.430000 6.200000
v 12.000000 0.430000 0.800000
v 12.000000 0.430000 6.200000
v 11.810000 0.240000 0.800000
v 11.810000 0.240000 6.200000
v 11.810000 -0.240000 0.800000
v 11.810000 -0.240000 6.200000
v 11.990000 -0.310000 0.550000
v 12.150000 -0.310000 0.550000
v 12.150000 -0.310000 6.450000
v 11.990000 -0.310000 6.450000
v 12.250000 -0.210000 0.550000
v 12.250000 -0.210000 6.450000
v 12.250000 0.210000 0.550000
v 12.250000 0.210000 6.450000
v 12.150000 0.310000 0.550000
v 12.150000 0.310000 6.450000
v 11.990000 0.310000 0.550000
v 11.990000 0.310000 6.450000
v 11.890000 0.210000 0.550000
v 11.890000 0.210000 6.450000
v 11.890000 -0.210000 0.550000
v 11.890000 -0.210000 6.450000
v 12.060000 0.480000 1.000000
v 12.060000 -0.480000 1.000000
v 11.760000 -0.480000 1.000000
v 11.760000 0.480000 1.000000
v 12.060000 -0.480000 1.300000
v 12.060000 0.480000 1.300000
v 11.760000 0.480000 1.300000
v 11.760000 -0.480000 1.300000
v 12.200000 0.170000 1.000000
v 12.200000 -0.170000 1.000000
v 11.760000 -0.170000 1.000000
v 11.760000 0.170000 1.000000
v 12.200000 -0.170000 1.300000
v 12.200000 0.170000 1.300000
v 11.760000 0.170000 1.300000
v 11.760000 -0.170000 1.300000
v 12.060000 0.470000 1.800000
v 12.060000 -0.470000 1.800000
v 11.760000 -0.470000 1.800000
v 11.760000 0.470000 1.800000
v 12.060000 -0.470000 2.100000
v 12.060000 0.470000 2.100000
v 11.760000 0.470000 2.100000
v 11.760000 -0.470000 2.100000
v 12.200000 0.170000 1.800000
v 12.200000 -0.170000 1.800000
v 11.760000 -0.170000 1.800000
v 11.760000 0.170000 1.800000
v 12.200000 -0.170000 2.100000
v 12.200000 0.170000 2.100000
v 11.760000 0.170000 2.100000
v 11.760000 -0.170000 2.100000
v 12.060000 0.460000 2.600000
v 12.060000 -0.460000 2.600000
v 11.760000 -0.460000 2.600000
v 11.760000 0.460000 2.600000
v 12.060000 -0.460000 2.900000
v 12.060000 0.460000 2.900000
v 11.760000 0.460000 2.900000
v 11.760000 -0.460000 2.900000
v 12.200000 0.170000 2.600000
v 12.200000 -0.170000 2.600000
v 11.760000 -0.170000 2.600000
v 11.760000 0.170000 2.600000
v 12.200000 -0.170000 2.900000
v 12.200000 0.170000 2.900000
v 11.760000 0.170000 2.900000
v 11.760000 -0.170000 2.900000
v 12.260000 -0.390000 5.440000
v 12.260000 -0.610000 5.440000
v 11.840000 -0.610000 5.440000
v 11.840000 -0.390000 5.440000
v 12.260000 -0.610000 5.860000
v 12.260000 -0.390000 5.860000
v 11.840000 -0.390000 5.860000
v 11.840000 -0.610000 5.860000
v 12.260000 0.610000 5.440000
v 12.260000 0.390000 5.440000
v 11.840000 0.390000 5.440000
v 11.840000 0.610000 5.440000
v 12.260000 0.390000 5.860000
v 12.260000 0.610000 5.860000
v 11.840000 0.610000 5.860000
v 11.840000 0.390000 5.860000
v 11.900000 -0.550000 5.920000
v 12.210000 -0.550000 5.920000
v 12.210000 -0.550000 6.200000
v 11.900000 -0.550000 6.200000
v 12.350000 -0.410000 5.920000
v 12.350000 -0.410000 6.200000
v 12.350000 0.410000 5.920000
v 12.350000 0.410000 6.200000
v 12.210000 0.550000 5.920000
v 12.210000 0.550000 6.200000
v 11.900000 0.550000 5.920000
v 11.900000 0.550000 6.200000
v 11.760000 0.410000 5.920000
v 11.760000 0.410000 6.200000
v 11.760000 -0.410000 5.920000
v 11.760000 -0.410000 6.200000
v 12.040000 -0.440000 0.180000
v 12.010000 -0.388038 0.180000
v 12.010000 -0.388038 0.210000
v 12.040000 -0.440000 0.210000
v 11.950000 -0.388038 0.180000
v 11.950000 -0.388038 0.210000
v 11.920000 -0.440000 0.180000
v 11.920000 -0.440000 0.210000
v 11.950000 -0.491962 0.180000
v 11.950000 -0.491962 0.210000
v 12.010000 -0.491962 0.180000
v 12.010000 -0.491962 0.210000
v 12.040000 0.440000 0.180000
v 12.010000 0.491962 0.180000
v 12.010000 0.491962 0.210000
v 12.040000 0.440000 0.210000
v 11.950000 0.491962 0.180000
v 11.950000 0.491962 0.210000
v 11.920000 0.440000 0.180000
v 11.920000 0.440000 0.210000
v 11.950000 0.388038 0.180000
v 11.950000 0.388038 0.210000
v 12.010000 0.388038 0.180000
v 12.010000 0.388038 0.210000
v -12.190000 5.350000 0.000000
v -11.920000 5.350000 0.000000
v -11.920000 5.350000 0.180000
v -12.190000 5.350000 0.180000
v -11.760000 5.510000 0.000000
v -11.760000 5.510000 0.180000
v -11.760000 6.490000 0.000000
v -11.760000 6.490000 0.180000
v -11.920000 6.650000 0.000000
v -11.920000 6.650000 0.180000
v -12.190000 6.650000 0.000000
v -12.190000 6.650000 0.180000
v -12.350000 6.490000 0.000000
v -12.350000 6.490000 0.180000
v -12.350000 5.510000 0.000000
v -12.350000 5.510000 0.180000
v -12.230000 5.475000 0.170000
v -11.930000 5.475000 0.170000
v -11.930000 5.475000 0.430000
v -12.230000 5.475000 0.430000
v -11.810000 5.595000 0.170000
v -11.810000 5.595000 0.430000
v -11.810000 6.405000 0.170000
v -11.810000 6.405000 0.430000
v -11.930000 6.525000 0.170000
v -11.930000 6.525000 0.430000
v -12.230000 6.525000 0.170000
v -12.230000 6.525000 0.430000
v -12.350000 6.405000 0.170000
v -12.350000 6.405000 0.430000
v -12.350000 5.595000 0.170000
v -12.350000 5.595000 0.430000
v -12.120000 5.570000 0.800000
v -12.000000 5.570000 0.800000
v -12.000000 5.570000 6.200000
v -12.120000 5.570000 6.200000
v -11.810000 5.760000 0.800000
v -11.810000 5.760000 6.200000
v -11.810000 6.240000 0.800000
v -11.810000 6.240000 6.200000
v -12.000000 6.430000 0.800000
v -12.000000 6.430000 6.200000
v -12.120000 6.430000 0.800000
v -12.120000 6.430000 6.200000
v -12.310000 6.240000 0.800000
v -12.310000 6.240000 6.200000
v -12.310000 5.760000 0.800000
v -12.310000 5.760000 6.200000
v -12.150000 5.690000 0.550000
v -11.990000 5.690000 0.550000
v -11.990000 5.690000 6.450000
v -12.150000 5.690000 6.450000
v -11.890000 5.790000 0.550000
v -11.890000 5.790000 6.450000
v -11.890000 6.210000 0.550000
v -11.890000 6.210000 6.450000
v -11.990000 6.310000 0.550000
v -11.990000 6.310000 6.450000
v -12.150000 6.310000 0.550000
v -12.150000 6.310000 6.450000
v -12.250000 6.210000 0.550000
v -12.250000 6.210000 6.450000
v -12.250000 5.790000 0.550000
v -12.250000 5.790000 6.450000
v -11.760000 6.480000 1.000000
v -11.760000 5.520000 1.000000
v -12.060000 5.520000 1.000000
v -12.060000 6.480000 1.000000
v -11.760000 5.520000 1.300000
v -11.760000 6.480000 1.300000
v -12.060000 6.480000 1.300000
v -12.060000 5.520000 1.300000
v -11.760000 6.170000 1.000000
v -11.760000 5.830000 1.000000
v -12.200000 5.830000 1.000000
v -12.200000 6.170000 1.000000
v -11.760000 5.830000 1.300000
v -11.760000 6.170000 1.300000
v -12.200000 6.170000 1.300000
v -12.200000 5.830000 1.300000
v -11.760000 6.470000 1.800000
v -11.760000 5.530000 1.800000
v -12.060000 5.530000 1.800000
v -12.060000 6.470000 1.800000
v -11.760000 5.530000 2.100000
v -11.760000 6.470000 2.100000
v -12.060000 6.470000 2.100000
v -12.060000 5.530000 2.100000
v -11.760000 6.170000 1.800000
v -11.760000 5.830000 1.800000
v -12.200000 5.830000 1.800000
v -12.200000 6.170000 1.800000
v -11.760000 5.830000 2.100000
v -11.760000 6.170000 2.100000
v -12.200000 6.170000 2.100000
v -12.200000 5.830000 2.100000
v -11.760000 6.460000 2.600000
v -11.760000 5.540000 2.600000
v -12.060000 5.540000 2.600000
v -12.060000 6.460000 2.600000
v -11.760000 5.540000 2.900000
v -11.760000 6.460000 2.900000
v -12.060000 6.460000 2.900000
v -12.060000 5.540000 2.900000
v -11.760000 6.170000 2.600000
v -11.760000 5.830000 2.600000
v -12.200000 5.830000 2.600000
v -12.200000 6.170000 2.600000
v -11.760000 5.830000 2.900000
v -11.760000 6.170000 2.900000
v -12.200000 6.170000 2.900000
v -12.200000 5.830000 2.900000
v -11.840000 5.610000 5.440000
v -11.840000 5.390000 5.440000
v -12.260000 5.390000 5.440000
v -12.260000 5.610000 5.440000
v -11.840000 5.390000 5.860000
v -11.840000 5.610000 5.860000
v -12.260000 5.610000 5.860000
v -12.260000 5.390000 5.860000
v -11.840000 6.610000 5.440000
v -11.840000 6.390000 5.440000
v -12.260000 6.390000 5.440000
v -12.260000 6.610000 5.440000
v -11.840000 6.390000 5.860000
v -11.840000 6.610000 5.860000
v -12.260000 6.610000 5.860000
v -12.260000 6.390000 5.860000
v -12.210000 5.450000 5.920000
v -11.900000 5.450000 5.920000
v -11.900000 5.450000 6.200000
v -12.210000 5.450000 6.200000
v -11.760000 5.590000 5.920000
v -11.760000 5.590000 6.200000
v -11.760000 6.410000 5.920000
v -11.760000 6.410000 6.200000
v -11.900000 6.550000 5.920000
v -11.900000 6.550000 6.200000
v -12.210000 6.550000 5.920000
v -12.210000 6.550000 6.200000
v -12.350000 6.410000 5.920000
v -12.350000 6.410000 6.200000
v -12.350000 5.590000 5.920000
v -12.350000 5.590000 6.200000
v -11.920000 5.560000 0.180000
v -11.950000 5.611962 0.180000
v -11.950000 5.611962 0.210000
v -11.920000 5.560000 0.210000
v -12.010000 5.611962 0.180000
v -12.010000 5.611962 0.210000
v -12.040000 5.560000 0.180000
v -12.040000 5.560000 0.210000
v -12.010000 5.508038 0.180000
v -12.010000 5.508038 0.210000
v -11.950000 5.508038 0.180000
v -11.950000 5.508038 0.210000
v -11.920000 6.440000 0.180000
v -11.950000 6.491962 0.180000
v -11.950000 6.491962 0.210000
v -11.920000 6.440000 0.210000
v -12.010000 6.491962 0.180000
v -12.010000 6.491962 0.210000
v -12.040000 6.440000 0.180000
v -12.040000 6.440000 0.210000
v -12.010000 6.388038 0.180000
v -12.010000 6.388038 0.210000
v -11.950000 6.388038 0.180000
v -11.950000 6.388038 0.210000
v 11.920000 5.350000 0.000000
v 12.190000 5.350000 0.000000
v 12.190000 5.350000 0.180000
v 11.920000 5.350000 0.180000
v 12.350000 5.510000 0.000000
v 12.350000 5.510000 0.180000
v 12.350000 6.490000 0.000000
v 12.350000 6.490000 0.180000
v 12.190000 6.650000 0.000000
v 12.190000 6.650000 0.180000
v 11.920000 6.650000 0.000000
v 11.920000 6.650000 0.180000
v 11.760000 6.490000 0.000000
v 11.760000 6.490000 0.180000
v 11.760000 5.510000 0.000000
v 11.760000 5.510000 0.180000
v 11.930000 5.475000 0.170000
v 12.230000 5.475000 0.170000
v 12.230000 5.475000 0.430000
v 11.930000 5.475000 0.430000
v 12.350000 5.595000 0.170000
v 12.350000 5.595000 0.430000
v 12.350000 6.405000 0.170000
v 12.350000 6.405000 0.430000
v 12.230000 6.525000 0.170000
v 12.230000 6.525000 0.430000
v 11.930000 6.525000 0.170000
v 11.930000 6.525000 0.430000
v 11.810000 6.405000 0.170000
v 11.810000 6.405000 0.430000
v 11.810000 5.595000 0.170000
v 11.810000 5.595000 0.430000
v 12.000000 5.570000 0.800000
v 12.120000 5.570000 0.800000
v 12.120000 5.570000 6.200000
v 12.000000 5.570000 6.200000
v 12.310000 5.760000 0.800000
v 12.310000 5.760000 6.200000
v 12.310000 6.240000 0.800000
v 12.310000 6.240000 6.200000
v 12.120000 6.430000 0.800000
v 12.120000 6.430000 6.200000
v 12.000000 6.430000 0.800000
v 12.000000 6.430000 6.200000
v 11.810000 6.240000 0.800000
v 11.810000 6.240000 6.200000
v 11.810000 5.760000 0.800000
v 11.810000 5.760000 6.200000
v 11.990000 5.690000 0.550000
v 12.150000 5.690000 0.550000
v 12.150000 5.690000 6.450000
v 11.990000 5.690000 6.450000
v 12.250000 5.790000 0.550000
v 12.250000 5.790000 6.450000
v 12.250000 6.210000 0.550000
v 12.250000 6.210000 6.450000
v 12.150000 6.310000 0.550000
v 12.150000 6.310000 6.450000
v 11.990000 6.310000 0.550000
v 11.990000 6.310000 6.450000
v 11.890000 6.210000 0.550000
v 11.890000 6.210000 6.450000
v 11.890000 5.790000 0.550000
v 11.890000 5.790000 6.450000
v 12.060000 6.480000 1.000000
v 12.060000 5.520000 1.000000
v 11.760000 5.520000 1.000000
v 11.760000 6.480000 1.000000
v 12.060000 5.520000 1.300000
v 12.060000 6.480000 1.300000
v 11.760000 6.480000 1.300000
v 11.760000 5.520000 1.300000
v 12.200000 6.170000 1.000000
v 12.200000 5.830000 1.000000
v 11.760000 5.830000 1.000000
v 11.760000 6.170000 1.000000
v 12.200000 5.830000 1.300000
v 12.200000 6.170000 1.300000
v 11.760000 6.170000 1.300000
v 11.760000 5.830000 1.300000
v 12.060000 6.470000 1.800000
v 12.060000 5.530000 1.800000
v 11.760000 5.530000 1.800000
v 11.760000 6.470000 1.800000
v 12.060000 5.530000 2.100000
v 12.060000 6.470000 2.100000
v 11.760000 6.470000 2.100000
v 11.760000 5.530000 2.100000
v 12.200000 6.170000 1.800000
v 12.200000 5.830000 1.800000
v 11.760000 5.830000 1.800000
v 11.760000 6.170000 1.800000
v 12.200000 5.830000 2.100000
v 12.200000 6.170000 2.100000
v 11.760000 6.170000 2.100000
v 11.760000 5.830000 2.100000
v 12.060000 6.460000 2.600000
v 12.060000 5.540000 2.600000
v 11.760000 5.540000 2.600000
v 11.760000 6.460000 2.600000
v 12.060000 5.540000 2.900000
v 12.060000 6.460000 2.900000
v 11.760000 6.460000 2.900000
v 11.760000 5.540000 2.900000
v 12.200000 6.170000 2.600000
v 12.200000 5.830000 2.600000
v 11.760000 5.830000 2.600000
v 11.760000 6.170000 2.600000
v 12.200000 5.830000 2.900000
v 12.200000 6.170000 2.900000
v 11.760000 6.170000 2.900000
v 11.760000 5.830000 2.900000
v 12.260000 5.610000 5.440000
v 12.260000 5.390000 5.440000
v 11.840000 5.390000 5.440000
v 11.840000 5.610000 5.440000
v 12.260000 5.390000 5.860000
v 12.260000 5.610000 5.860000
v 11.840000 5.610000 5.860000
v 11.840000 5.390000 5.860000
v 12.260000 6.610000 5.440000
v 12.260000 6.390000 5.440000
v 11.840000 6.390000 5.440000
v 11.840000 6.610000 5.440000
v 12.260000 6.390000 5.860000
v 12.260000 6.610000 5.860000
v 11.840000 6.610000 5.860000
v 11.840000 6.390000 5.860000
v 11.900000 5.450000 5.920000
v 12.210000 5.450000 5.920000
v 12.210000 5.450000 6.200000
v 11.900000 5.450000 6.200000
v 12.350000 5.590000 5.920000
v 12.350000 5.590000 6.200000
v 12.350000 6.410000 5.920000
v 12.350000 6.410000 6.200000
v 12.210000 6.550000 5.920000
v 12.210000 6.550000 6.200000
v 11.900000 6.550000 5.920000
v 11.900000 6.550000 6.200000
v 11.760000 6.410000 5.920000
v 11.760000 6.410000 6.200000
v 11.760000 5.590000 5.920000
v 11.760000 5.590000 6.200000
v 12.040000 5.560000 0.180000
v 12.010000 5.611962 0.180000
v 12.010000 5.611962 0.210000
v 12.040000 5.560000 0.210000
v 11.950000 5.611962 0.180000
v 11.950000 5.611962 0.210000
v 11.920000 5.560000 0.180000
v 11.920000 5.560000 0.210000
v 11.950000 5.508038 0.180000
v 11.950000 5.508038 0.210000
v 12.010000 5.508038 0.180000
v 12.010000 5.508038 0.210000
v 12.040000 6.440000 0.180000
v 12.010000 6.491962 0.180000
v 12.010000 6.491962 0.210000
v 12.040000 6.440000 0.210000
v 11.950000 6.491962 0.180000
v 11.950000 6.491962 0.210000
v 11.920000 6.440000 0.180000
v 11.920000 6.440000 0.210000
v 11.950000 6.388038 0.180000
v 11.950000 6.388038 0.210000
v 12.010000 6.388038 0.180000
v 12.010000 6.388038 0.210000
v -6.490000 11.760000 0.000000
v -5.510000 11.760000 0.000000
v -5.510000 11.760000 0.180000
v -6.490000 11.760000 0.180000
v -5.350000 11.920000 0.000000
v -5.350000 11.920000 0.180000
v -5.350000 12.190000 0.000000
v -5.350000 12.190000 0.180000
v -5.510000 12.350000 0.000000
v -5.510000 12.350000 0.180000
v -6.490000 12.350000 0.000000
v -6.490000 12.350000 0.180000
v -6.650000 12.190000 0.000000
v -6.650000 12.190000 0.180000
v -6.650000 11.920000 0.000000
v -6.650000 11.920000 0.180000
v -6.405000 11.810000 0.170000
v -5.595000 11.810000 0.170000
v -5.595000 11.810000 0.430000
v -6.405000 11.810000 0.430000
v -5.475000 11.930000 0.170000
v -5.475000 11.930000 0.430000
v -5.475000 12.230000 0.170000
v -5.475000 12.230000 0.430000
v -5.595000 12.350000 0.170000
v -5.595000 12.350000 0.430000
v -6.405000 12.350000 0.170000
v -6.405000 12.350000 0.430000
v -6.525000 12.230000 0.170000
v -6.525000 12.230000 0.430000
v -6.525000 11.930000 0.170000
v -6.525000 11.930000 0.430000
v -6.240000 11.810000 0.800000
v -5.760000 11.810000 0.800000
v -5.760000 11.810000 6.200000
v -6.240000 11.810000 6.200000
v -5.570000 12.000000 0.800000
v -5.570000 12.000000 6.200000
v -5.570000 12.120000 0.800000
v -5.570000 12.120000 6.200000
v -5.760000 12.310000 0.800000
v -5.760000 12.310000 6.200000
v -6.240000 12.310000 0.800000
v -6.240000 12.310000 6.200000
v -6.430000 12.120000 0.800000
v -6.430000 12.120000 6.200000
v -6.430000 12.000000 0.800000
v -6.430000 12.000000 6.200000
v -6.210000 11.890000 0.550000
v -5.790000 11.890000 0.550000
v -5.790000 11.890000 6.450000
v -6.210000 11.890000 6.450000
v -5.690000 11.990000 0.550000
v -5.690000 11.990000 6.450000
v -5.690000 12.150000 0.550000
v -5.690000 12.150000 6.450000
v -5.790000 12.250000 0.550000
v -5.790000 12.250000 6.450000
v -6.210000 12.250000 0.550000
v -6.210000 12.250000 6.450000
v -6.310000 12.150000 0.550000
v -6.310000 12.150000 6.450000
v -6.310000 11.990000 0.550000
v -6.310000 11.990000 6.450000
v -5.520000 12.060000 1.000000
v -5.520000 11.760000 1.000000
v -6.480000 11.760000 1.000000
v -6.480000 12.060000 1.000000
v -5.520000 11.760000 1.300000
v -5.520000 12.060000 1.300000
v -6.480000 12.060000 1.300000
v -6.480000 11.760000 1.300000
v -5.830000 12.200000 1.000000
v -5.830000 11.760000 1.000000
v -6.170000 11.760000 1.000000
v -6.170000 12.200000 1.000000
v -5.830000 11.760000 1.300000
v -5.830000 12.200000 1.300000
v -6.170000 12.200000 1.300000
v -6.170000 11.760000 1.300000
v -5.530000 12.060000 1.800000
v -5.530000 11.760000 1.800000
v -6.470000 11.760000 1.800000
v -6.470000 12.060000 1.800000
v -5.530000 11.760000 2.100000
v -5.530000 12.060000 2.100000
v -6.470000 12.060000 2.100000
v -6.470000 11.760000 2.100000
v -5.830000 12.200000 1.800000
v -5.830000 11.760000 1.800000
v -6.170000 11.760000 1.800000
v -6.170000 12.200000 1.800000
v -5.830000 11.760000 2.100000
v -5.830000 12.200000 2.100000
v -6.170000 12.200000 2.100000
v -6.170000 11.760000 2.100000
v -5.540000 12.060000 2.600000
v -5.540000 11.760000 2.600000
v -6.460000 11.760000 2.600000
v -6.460000 12.060000 2.600000
v -5.540000 11.760000 2.900000
v -5.540000 12.060000 2.900000
v -6.460000 12.060000 2.900000
v -6.460000 11.760000 2.900000
v -5.830000 12.200000 2.600000
v -5.830000 11.760000 2.600000
v -6.170000 11.760000 2.600000
v -6.170000 12.200000 2.600000
v -5.830000 11.760000 2.900000
v -5.830000 12.200000 2.900000
v -6.170000 12.200000 2.900000
v -6.170000 11.760000 2.900000
v -6.390000 12.260000 5.440000
v -6.390000 11.840000 5.440000
v -6.610000 11.840000 5.440000
v -6.610000 12.260000 5.440000
v -6.390000 11.840000 5.860000
v -6.390000 12.260000 5.860000
v -6.610000 12.260000 5.860000
v -6.610000 11.840000 5.860000
v -5.390000 12.260000 5.440000
v -5.390000 11.840000 5.440000
v -5.610000 11.840000 5.440000
v -5.610000 12.260000 5.440000
v -5.390000 11.840000 5.860000
v -5.390000 12.260000 5.860000
v -5.610000 12.260000 5.860000
v -5.610000 11.840000 5.860000
v -6.410000 11.760000 5.920000
v -5.590000 11.760000 5.920000
v -5.590000 11.760000 6.200000
v -6.410000 11.760000 6.200000
v -5.450000 11.900000 5.920000
v -5.450000 11.900000 6.200000
v -5.450000 12.210000 5.920000
v -5.450000 12.210000 6.200000
v -5.590000 12.350000 5.920000
v -5.590000 12.350000 6.200000
v -6.410000 12.350000 5.920000
v -6.410000 12.350000 6.200000
v -6.550000 12.210000 5.920000
v -6.550000 12.210000 6.200000
v -6.550000 11.900000 5.920000
v -6.550000 11.900000 6.200000
v -6.380000 11.980000 0.180000
v -6.410000 12.031962 0.180000
v -6.410000 12.031962 0.210000
v -6.380000 11.980000 0.210000
v -6.470000 12.031962 0.180000
v -6.470000 12.031962 0.210000
v -6.500000 11.980000 0.180000
v -6.500000 11.980000 0.210000
v -6.470000 11.928038 0.180000
v -6.470000 11.928038 0.210000
v -6.410000 11.928038 0.180000
v -6.410000 11.928038 0.210000
v -5.500000 11.980000 0.180000
v -5.530000 12.031962 0.180000
v -5.530000 12.031962 0.210000
v -5.500000 11.980000 0.210000
v -5.590000 12.031962 0.180000
v -5.590000 12.031962 0.210000
v -5.620000 11.980000 0.180000
v -5.620000 11.980000 0.210000
v -5.590000 11.928038 0.180000
v -5.590000 11.928038 0.210000
v -5.530000 11.928038 0.180000
v -5.530000 11.928038 0.210000
v 5.510000 11.760000 0.000000
v 6.490000 11.760000 0.000000
v 6.490000 11.760000 0.180000
v 5.510000 11.760000 0.180000
v 6.650000 11.920000 0.000000
v 6.650000 11.920000 0.180000
v 6.650000 12.190000 0.000000
v 6.650000 12.190000 0.180000
v 6.490000 12.350000 0.000000
v 6.490000 12.350000 0.180000
v 5.510000 12.350000 0.000000
v 5.510000 12.350000 0.180000
v 5.350000 12.190000 0.000000
v 5.350000 12.190000 0.180000
v 5.350000 11.920000 0.000000
v 5.350000 11.920000 0.180000
v 5.595000 11.810000 0.170000
v 6.405000 11.810000 0.170000
v 6.405000 11.810000 0.430000
v 5.595000 11.810000 0.430000
v 6.525000 11.930000 0.170000
v 6.525000 11.930000 0.430000
v 6.525000 12.230000 0.170000
v 6.525000 12.230000 0.430000
v 6.405000 12.350000 0.170000
v 6.405000 12.350000 0.430000
v 5.595000 12.350000 0.170000
v 5.595000 12.350000 0.430000
v 5.475000 12.230000 0.170000
v 5.475000 12.230000 0.430000
v 5.475000 11.930000 0.170000
v 5.475000 11.930000 0.430000
v 5.760000 11.810000 0.800000
v 6.240000 11.810000 0.800000
v 6.240000 11.810000 6.200000
v 5.760000 11.810000 6.200000
v 6.430000 12.000000 0.800000
v 6.430000 12.000000 6.200000
v 6.430000 12.120000 0.800000
v 6.430000 12.120000 6.200000
v 6.240000 12.310000 0.800000
v 6.240000 12.310000 6.200000
v 5.760000 12.310000 0.800000
v 5.760000 12.310000 6.200000
v 5.570000 12.120000 0.800000
v 5.570000 12.120000 6.200000
v 5.570000 12.000000 0.800000
v 5.570000 12.000000 6.200000
v 5.790000 11.890000 0.550000
v 6.210000 11.890000 0.550000
v 6.210000 11.890000 6.450000
v 5.790000 11.890000 6.450000
v 6.310000 11.990000 0.550000
v 6.310000 11.990000 6.450000
v 6.310000 12.150000 0.550000
v 6.310000 12.150000 6.450000
v 6.210000 12.250000 0.550000
v 6.210000 12.250000 6.450000
v 5.790000 12.250000 0.550000
v 5.790000 12.250000 6.450000
v 5.690000 12.150000 0.550000
v 5.690000 12.150000 6.450000
v 5.690000 11.990000 0.550000
v 5.690000 11.990000 6.450000
v 6.480000 12.060000 1.000000
v 6.480000 11.760000 1.000000
v 5.520000 11.760000 1.000000
v 5.520000 12.060000 1.000000
v 6.480000 11.760000 1.300000
v 6.480000 12.060000 1.300000
v 5.520000 12.060000 1.300000
v 5.520000 11.760000 1.300000
v 6.170000 12.200000 1.000000
v 6.170000 11.760000 1.000000
v 5.830000 11.760000 1.000000
v 5.830000 12.200000 1.000000
v 6.170000 11.760000 1.300000
v 6.170000 12.200000 1.300000
v 5.830000 12.200000 1.300000
v 5.830000 11.760000 1.300000
v 6.470000 12.060000 1.800000
v 6.470000 11.760000 1.800000
v 5.530000 11.760000 1.800000
v 5.530000 12.060000 1.800000
v 6.470000 11.760000 2.100000
v 6.470000 12.060000 2.100000
v 5.530000 12.060000 2.100000
v 5.530000 11.760000 2.100000
v 6.170000 12.200000 1.800000
v 6.170000 11.760000 1.800000
v 5.830000 11.760000 1.800000
v 5.830000 12.200000 1.800000
v 6.170000 11.760000 2.100000
v 6.170000 12.200000 2.100000
v 5.830000 12.200000 2.100000
v 5.830000 11.760000 2.100000
v 6.460000 12.060000 2.600000
v 6.460000 11.760000 2.600000
v 5.540000 11.760000 2.600000
v 5.540000 12.060000 2.600000
v 6.460000 11.760000 2.900000
v 6.460000 12.060000 2.900000
v 5.540000 12.060000 2.900000
v 5.540000 11.760000 2.900000
v 6.170000 12.200000 2.600000
v 6.170000 11.760000 2.600000
v 5.830000 11.760000 2.600000
v 5.830000 12.200000 2.600000
v 6.170000 11.760000 2.900000
v 6.170000 12.200000 2.900000
v 5.830000 12.200000 2.900000
v 5.830000 11.760000 2.900000
v 5.610000 12.260000 5.440000
v 5.610000 11.840000 5.440000
v 5.390000 11.840000 5.440000
v 5.390000 12.260000 5.440000
v 5.610000 11.840000 5.860000
v 5.610000 12.260000 5.860000
v 5.390000 12.260000 5.860000
v 5.390000 11.840000 5.860000
v 6.610000 12.260000 5.440000
v 6.610000 11.840000 5.440000
v 6.390000 11.840000 5.440000
v 6.390000 12.260000 5.440000
v 6.610000 11.840000 5.860000
v 6.610000 12.260000 5.860000
v 6.390000 12.260000 5.860000
v 6.390000 11.840000 5.860000
v 5.590000 11.760000 5.920000
v 6.410000 11.760000 5.920000
v 6.410000 11.760000 6.200000
v 5.590000 11.760000 6.200000
v 6.550000 11.900000 5.920000
v 6.550000 11.900000 6.200000
v 6.550000 12.210000 5.920000
v 6.550000 12.210000 6.200000
v 6.410000 12.350000 5.920000
v 6.410000 12.350000 6.200000
v 5.590000 12.350000 5.920000
v 5.590000 12.350000 6.200000
v 5.450000 12.210000 5.920000
v 5.450000 12.210000 6.200000
v 5.450000 11.900000 5.920000
v 5.450000 11.900000 6.200000
v 5.620000 11.980000 0.180000
v 5.590000 12.031962 0.180000
v 5.590000 12.031962 0.210000
v 5.620000 11.980000 0.210000
v 5.530000 12.031962 0.180000
v 5.530000 12.031962 0.210000
v 5.500000 11.980000 0.180000
v 5.500000 11.980000 0.210000
v 5.530000 11.928038 0.180000
v 5.530000 11.928038 0.210000
v 5.590000 11.928038 0.180000
v 5.590000 11.928038 0.210000
v 6.500000 11.980000 0.180000
v 6.470000 12.031962 0.180000
v 6.470000 12.031962 0.210000
v 6.500000 11.980000 0.210000
v 6.410000 12.031962 0.180000
v 6.410000 12.031962 0.210000
v 6.380000 11.980000 0.180000
v 6.380000 11.980000 0.210000
v 6.410000 11.928038 0.180000
v 6.410000 11.928038 0.210000
v 6.470000 11.928038 0.180000
v 6.470000 11.928038 0.210000
v 11.750000 -5.850000 6.780000
v 11.750000 -6.150000 6.780000
v -11.750000 -6.150000 6.780000
v -11.750000 -5.850000 6.780000
v 11.750000 -6.150000 7.000000
v 11.750000 -5.850000 7.000000
v -11.750000 -5.850000 7.000000
v -11.750000 -6.150000 7.000000
v 11.750000 -5.850000 6.200000
v 11.750000 -6.150000 6.200000
v -11.750000 -6.150000 6.200000
v -11.750000 -5.850000 6.200000
v 11.750000 -6.150000 6.420000
v 11.750000 -5.850000 6.420000
v -11.750000 -5.850000 6.420000
v -11.750000 -6.150000 6.420000
v -10.616818 -5.900000 6.200000
v -10.616818 -6.100000 6.200000
v -10.746818 -6.100000 6.200000
v -10.746818 -5.900000 6.200000
v -10.616818 -6.100000 7.000000
v -10.616818 -5.900000 7.000000
v -10.746818 -5.900000 7.000000
v -10.746818 -6.100000 7.000000
v -10.231818 -5.930000 6.450000
v -10.231818 -6.070000 6.450000
v -11.131818 -6.070000 6.450000
v -11.131818 -5.930000 6.450000
v -10.231818 -6.070000 6.550000
v -10.231818 -5.930000 6.550000
v -11.131818 -5.930000 6.550000
v -11.131818 -6.070000 6.550000
v -8.480455 -5.900000 6.200000
v -8.480455 -6.100000 6.200000
v -8.610455 -6.100000 6.200000
v -8.610455 -5.900000 6.200000
v -8.480455 -6.100000 7.000000
v -8.480455 -5.900000 7.000000
v -8.610455 -5.900000 7.000000
v -8.610455 -6.100000 7.000000
v -6.344091 -5.900000 6.200000
v -6.344091 -6.100000 6.200000
v -6.474091 -6.100000 6.200000
v -6.474091 -5.900000 6.200000
v -6.344091 -6.100000 7.000000
v -6.344091 -5.900000 7.000000
v -6.474091 -5.900000 7.000000
v -6.474091 -6.100000 7.000000
v -5.959091 -5.930000 6.450000
v -5.959091 -6.070000 6.450000
v -6.859091 -6.070000 6.450000
v -6.859091 -5.930000 6.450000
v -5.959091 -6.070000 6.550000
v -5.959091 -5.930000 6.550000
v -6.859091 -5.930000 6.550000
v -6.859091 -6.070000 6.550000
v -4.207727 -5.900000 6.200000
v -4.207727 -6.100000 6.200000
v -4.337727 -6.100000 6.200000
v -4.337727 -5.900000 6.200000
v -4.207727 -6.100000 7.000000
v -4.207727 -5.900000 7.000000
v -4.337727 -5.900000 7.000000
v -4.337727 -6.100000 7.000000
v -2.071364 -5.900000 6.200000
v -2.071364 -6.100000 6.200000
v -2.201364 -6.100000 6.200000
v -2.201364 -5.900000 6.200000
v -2.071364 -6.100000 7.000000
v -2.071364 -5.900000 7.000000
v -2.201364 -5.900000 7.000000
v -2.201364 -6.100000 7.000000
v -1.686364 -5.930000 6.450000
v -1.686364 -6.070000 6.450000
v -2.586364 -6.070000 6.450000
v -2.586364 -5.930000 6.450000
v -1.686364 -6.070000 6.550000
v -1.686364 -5.930000 6.550000
v -2.586364 -5.930000 6.550000
v -2.586364 -6.070000 6.550000
v 0.065000 -5.900000 6.200000
v 0.065000 -6.100000 6.200000
v -0.065000 -6.100000 6.200000
v -0.065000 -5.900000 6.200000
v 0.065000 -6.100000 7.000000
v 0.065000 -5.900000 7.000000
v -0.065000 -5.900000 7.000000
v -0.065000 -6.100000 7.000000
v 2.201364 -5.900000 6.200000
v 2.201364 -6.100000 6.200000
v 2.071364 -6.100000 6.200000
v 2.071364 -5.900000 6.200000
v 2.201364 -6.100000 7.000000
v 2.201364 -5.900000 7.000000
v 2.071364 -5.900000 7.000000
v 2.071364 -6.100000 7.000000
v 2.586364 -5.930000 6.450000
v 2.586364 -6.070000 6.450000
v 1.686364 -6.070000 6.450000
v 1.686364 -5.930000 6.450000
v 2.586364 -6.070000 6.550000
v 2.586364 -5.930000 6.550000
v 1.686364 -5.930000 6.550000
v 1.686364 -6.070000 6.550000
v 4.337727 -5.900000 6.200000
v 4.337727 -6.100000 6.200000
v 4.207727 -6.100000 6.200000
v 4.207727 -5.900000 6.200000
v 4.337727 -6.100000 7.000000
v 4.337727 -5.900000 7.000000
v 4.207727 -5.900000 7.000000
v 4.207727 -6.100000 7.000000
v 6.474091 -5.900000 6.200000
v 6.474091 -6.100000 6.200000
v 6.344091 -6.100000 6.200000
v 6.344091 -5.900000 6.200000
v 6.474091 -6.100000 7.000000
v 6.474091 -5.900000 7.000000
v 6.344091 -5.900000 7.000000
v 6.344091 -6.100000 7.000000
v 6.859091 -5.930000 6.450000
v 6.859091 -6.070000 6.450000
v 5.959091 -6.070000 6.450000
v 5.959091 -5.930000 6.450000
v 6.859091 -6.070000 6.550000
v 6.859091 -5.930000 6.550000
v 5.959091 -5.930000 6.550000
v 5.959091 -6.070000 6.550000
v 8.610455 -5.900000 6.200000
v 8.610455 -6.100000 6.200000
v 8.480455 -6.100000 6.200000
v 8.480455 -5.900000 6.200000
v 8.610455 -6.100000 7.000000
v 8.610455 -5.900000 7.000000
v 8.480455 -5.900000 7.000000
v 8.480455 -6.100000 7.000000
v 10.746818 -5.900000 6.200000
v 10.746818 -6.100000 6.200000
v 10.616818 -6.100000 6.200000
v 10.616818 -5.900000 6.200000
v 10.746818 -6.100000 7.000000
v 10.746818 -5.900000 7.000000
v 10.616818 -5.900000 7.000000
v 10.616818 -6.100000 7.000000
v 11.131818 -5.930000 6.450000
v 11.131818 -6.070000 6.450000
v 10.231818 -6.070000 6.450000
v 10.231818 -5.930000 6.450000
v 11.131818 -6.070000 6.550000
v 11.131818 -5.930000 6.550000
v 10.231818 -5.930000 6.550000
v 10.231818 -6.070000 6.550000
v -11.350000 -5.820000 6.080000
v -11.350000 -6.180000 6.080000
v -11.750000 -6.180000 6.080000
v -11.750000 -5.820000 6.080000
v -11.350000 -6.180000 7.120000
v -11.350000 -5.820000 7.120000
v -11.750000 -5.820000 7.120000
v -11.750000 -6.180000 7.120000
v 11.750000 -5.820000 6.080000
v 11.750000 -6.180000 6.080000
v 11.350000 -6.180000 6.080000
v 11.350000 -5.820000 6.080000
v 11.750000 -6.180000 7.120000
v 11.750000 -5.820000 7.120000
v 11.350000 -5.820000 7.120000
v 11.350000 -6.180000 7.120000
v 11.750000 -1.850000 6.780000
v 11.750000 -2.150000 6.780000
v -11.750000 -2.150000 6.780000
v -11.750000 -1.850000 6.780000
v 11.750000 -2.150000 7.000000
v 11.750000 -1.850000 7.000000
v -11.750000 -1.850000 7.000000
v -11.750000 -2.150000 7.000000
v 11.750000 -1.850000 6.200000
v 11.750000 -2.150000 6.200000
v -11.750000 -2.150000 6.200000
v -11.750000 -1.850000 6.200000
v 11.750000 -2.150000 6.420000
v 11.750000 -1.850000 6.420000
v -11.750000 -1.850000 6.420000
v -11.750000 -2.150000 6.420000
v -10.616818 -1.900000 6.200000
v -10.616818 -2.100000 6.200000
v -10.746818 -2.100000 6.200000
v -10.746818 -1.900000 6.200000
v -10.616818 -2.100000 7.000000
v -10.616818 -1.900000 7.000000
v -10.746818 -1.900000 7.000000
v -10.746818 -2.100000 7.000000
v -10.231818 -1.930000 6.450000
v -10.231818 -2.070000 6.450000
v -11.131818 -2.070000 6.450000
v -11.131818 -1.930000 6.450000
v -10.231818 -2.070000 6.550000
v -10.231818 -1.930000 6.550000
v -11.131818 -1.930000 6.550000
v -11.131818 -2.070000 6.550000
v -8.480455 -1.900000 6.200000
v -8.480455 -2.100000 6.200000
v -8.610455 -2.100000 6.200000
v -8.610455 -1.900000 6.200000
v -8.480455 -2.100000 7.000000
v -8.480455 -1.900000 7.000000
v -8.610455 -1.900000 7.000000
v -8.610455 -2.100000 7.000000
v -6.344091 -1.900000 6.200000
v -6.344091 -2.100000 6.200000
v -6.474091 -2.100000 6.200000
v -6.474091 -1.900000 6.200000
v -6.344091 -2.100000 7.000000
v -6.344091 -1.900000 7.000000
v -6.474091 -1.900000 7.000000
v -6.474091 -2.100000 7.000000
v -5.959091 -1.930000 6.450000
v -5.959091 -2.070000 6.450000
v -6.859091 -2.070000 6.450000
v -6.859091 -1.930000 6.450000
v -5.959091 -2.070000 6.550000
v -5.959091 -1.930000 6.550000
v -6.859091 -1.930000 6.550000
v -6.859091 -2.070000 6.550000
v -4.207727 -1.900000 6.200000
v -4.207727 -2.100000 6.200000
v -4.337727 -2.100000 6.200000
v -4.337727 -1.900000 6.200000
v -4.207727 -2.100000 7.000000
v -4.207727 -1.900000 7.000000
v -4.337727 -1.900000 7.000000
v -4.337727 -2.100000 7.000000
v -2.071364 -1.900000 6.200000
v -2.071364 -2.100000 6.200000
v -2.201364 -2.100000 6.200000
v -2.201364 -1.900000 6.200000
v -2.071364 -2.100000 7.000000
v -2.071364 -1.900000 7.000000
v -2.201364 -1.900000 7.000000
v -2.201364 -2.100000 7.000000
v -1.686364 -1.930000 6.450000
v -1.686364 -2.070000 6.450000
v -2.586364 -2.070000 6.450000
v -2.586364 -1.930000 6.450000
v -1.686364 -2.070000 6.550000
v -1.686364 -1.930000 6.550000
v -2.586364 -1.930000 6.550000
v -2.586364 -2.070000 6.550000
v 0.065000 -1.900000 6.200000
v 0.065000 -2.100000 6.200000
v -0.065000 -2.100000 6.200000
v -0.065000 -1.900000 6.200000
v 0.065000 -2.100000 7.000000
v 0.065000 -1.900000 7.000000
v -0.065000 -1.900000 7.000000
v -0.065000 -2.100000 7.000000
v 2.201364 -1.900000 6.200000
v 2.201364 -2.100000 6.200000
v 2.071364 -2.100000 6.200000
v 2.071364 -1.900000 6.200000
v 2.201364 -2.100000 7.000000
v 2.201364 -1.900000 7.000000
v 2.071364 -1.900000 7.000000
v 2.071364 -2.100000 7.000000
v 2.586364 -1.930000 6.450000
v 2.586364 -2.070000 6.450000
v 1.686364 -2.070000 6.450000
v 1.686364 -1.930000 6.450000
v 2.586364 -2.070000 6.550000
v 2.586364 -1.930000 6.550000
v 1.686364 -1.930000 6.550000
v 1.686364 -2.070000 6.550000
v 4.337727 -1.900000 6.200000
v 4.337727 -2.100000 6.200000
v 4.207727 -2.100000 6.200000
v 4.207727 -1.900000 6.200000
v 4.337727 -2.100000 7.000000
v 4.337727 -1.900000 7.000000
v 4.207727 -1.900000 7.000000
v 4.207727 -2.100000 7.000000
v 6.474091 -1.900000 6.200000
v 6.474091 -2.100000 6.200000
v 6.344091 -2.100000 6.200000
v 6.344091 -1.900000 6.200000
v 6.474091 -2.100000 7.000000
v 6.474091 -1.900000 7.000000
v 6.344091 -1.900000 7.000000
v 6.344091 -2.100000 7.000000
v 6.859091 -1.930000 6.450000
v 6.859091 -2.070000 6.450000
v 5.959091 -2.070000 6.450000
v 5.959091 -1.930000 6.450000
v 6.859091 -2.070000 6.550000
v 6.859091 -1.930000 6.550000
v 5.959091 -1.930000 6.550000
v 5.959091 -2.070000 6.550000
v 8.610455 -1.900000 6.200000
v 8.610455 -2.100000 6.200000
v 8.480455 -2.100000 6.200000
v 8.480455 -1.900000 6.200000
v 8.610455 -2.100000 7.000000
v 8.610455 -1.900000 7.000000
v 8.480455 -1.900000 7.000000
v 8.480455 -2.100000 7.000000
v 10.746818 -1.900000 6.200000
v 10.746818 -2.100000 6.200000
v 10.616818 -2.100000 6.200000
v 10.616818 -1.900000 6.200000
v 10.746818 -2.100000 7.000000
v 10.746818 -1.900000 7.000000
v 10.616818 -1.900000 7.000000
v 10.616818 -2.100000 7.000000
v 11.131818 -1.930000 6.450000
v 11.131818 -2.070000 6.450000
v 10.231818 -2.070000 6.450000
v 10.231818 -1.930000 6.450000
v 11.131818 -2.070000 6.550000
v 11.131818 -1.930000 6.550000
v 10.231818 -1.930000 6.550000
v 10.231818 -2.070000 6.550000
v -11.350000 -1.820000 6.080000
v -11.350000 -2.180000 6.080000
v -11.750000 -2.180000 6.080000
v -11.750000 -1.820000 6.080000
v -11.350000 -2.180000 7.120000
v -11.350000 -1.820000 7.120000
v -11.750000 -1.820000 7.120000
v -11.750000 -2.180000 7.120000
v 11.750000 -1.820000 6.080000
v 11.750000 -2.180000 6.080000
v 11.350000 -2.180000 6.080000
v 11.350000 -1.820000 6.080000
v 11.750000 -2.180000 7.120000
v 11.750000 -1.820000 7.120000
v 11.350000 -1.820000 7.120000
v 11.350000 -2.180000 7.120000
v 11.750000 2.150000 6.780000
v 11.750000 1.850000 6.780000
v -11.750000 1.850000 6.780000
v -11.750000 2.150000 6.780000
v 11.750000 1.850000 7.000000
v 11.750000 2.150000 7.000000
v -11.750000 2.150000 7.000000
v -11.750000 1.850000 7.000000
v 11.750000 2.150000 6.200000
v 11.750000 1.850000 6.200000
v -11.750000 1.850000 6.200000
v -11.750000 2.150000 6.200000
v 11.750000 1.850000 6.420000
v 11.750000 2.150000 6.420000
v -11.750000 2.150000 6.420000
v -11.750000 1.850000 6.420000
v -10.616818 2.100000 6.200000
v -10.616818 1.900000 6.200000
v -10.746818 1.900000 6.200000
v -10.746818 2.100000 6.200000
v -10.616818 1.900000 7.000000
v -10.616818 2.100000 7.000000
v -10.746818 2.100000 7.000000
v -10.746818 1.900000 7.000000
v -10.231818 2.070000 6.450000
v -10.231818 1.930000 6.450000
v -11.131818 1.930000 6.450000
v -11.131818 2.070000 6.450000
v -10.231818 1.930000 6.550000
v -10.231818 2.070000 6.550000
v -11.131818 2.070000 6.550000
v -11.131818 1.930000 6.550000
v -8.480455 2.100000 6.200000
v -8.480455 1.900000 6.200000
v -8.610455 1.900000 6.200000
v -8.610455 2.100000 6.200000
v -8.480455 1.900000 7.000000
v -8.480455 2.100000 7.000000
v -8.610455 2.100000 7.000000
v -8.610455 1.900000 7.000000
v -6.344091 2.100000 6.200000
v -6.344091 1.900000 6.200000
v -6.474091 1.900000 6.200000
v -6.474091 2.100000 6.200000
v -6.344091 1.900000 7.000000
v -6.344091 2.100000 7.000000
v -6.474091 2.100000 7.000000
v -6.474091 1.900000 7.000000
v -5.959091 2.070000 6.450000
v -5.959091 1.930000 6.450000
v -6.859091 1.930000 6.450000
v -6.859091 2.070000 6.450000
v -5.959091 1.930000 6.550000
v -5.959091 2.070000 6.550000
v -6.859091 2.070000 6.550000
v -6.859091 1.930000 6.550000
v -4.207727 2.100000 6.200000
v -4.207727 1.900000 6.200000
v -4.337727 1.900000 6.200000
v -4.337727 2.100000 6.200000
v -4.207727 1.900000 7.000000
v -4.207727 2.100000 7.000000
v -4.337727 2.100000 7.000000
v -4.337727 1.900000 7.000000
v -2.071364 2.100000 6.200000
v -2.071364 1.900000 6.200000
v -2.201364 1.900000 6.200000
v -2.201364 2.100000 6.200000
v -2.071364 1.900000 7.000000
v -2.071364 2.100000 7.000000
v -2.201364 2.100000 7.000000
v -2.201364 1.900000 7.000000
v -1.686364 2.070000 6.450000
v -1.686364 1.930000 6.450000
v -2.586364 1.930000 6.450000
v -2.586364 2.070000 6.450000
v -1.686364 1.930000 6.550000
v -1.686364 2.070000 6.550000
v -2.586364 2.070000 6.550000
v -2.586364 1.930000 6.550000
v 0.065000 2.100000 6.200000
v 0.065000 1.900000 6.200000
v -0.065000 1.900000 6.200000
v -0.065000 2.100000 6.200000
v 0.065000 1.900000 7.000000
v 0.065000 2.100000 7.000000
v -0.065000 2.100000 7.000000
v -0.065000 1.900000 7.000000
v 2.201364 2.100000 6.200000
v 2.201364 1.900000 6.200000
v 2.071364 1.900000 6.200000
v 2.071364 2.100000 6.200000
v 2.201364 1.900000 7.000000
v 2.201364 2.100000 7.000000
v 2.071364 2.100000 7.000000
v 2.071364 1.900000 7.000000
v 2.586364 2.070000 6.450000
v 2.586364 1.930000 6.450000
v 1.686364 1.930000 6.450000
v 1.686364 2.070000 6.450000
v 2.586364 1.930000 6.550000
v 2.586364 2.070000 6.550000
v 1.686364 2.070000 6.550000
v 1.686364 1.930000 6.550000
v 4.337727 2.100000 6.200000
v 4.337727 1.900000 6.200000
v 4.207727 1.900000 6.200000
v 4.207727 2.100000 6.200000
v 4.337727 1.900000 7.000000
v 4.337727 2.100000 7.000000
v 4.207727 2.100000 7.000000
v 4.207727 1.900000 7.000000
v 6.474091 2.100000 6.200000
v 6.474091 1.900000 6.200000
v 6.344091 1.900000 6.200000
v 6.344091 2.100000 6.200000
v 6.474091 1.900000 7.000000
v 6.474091 2.100000 7.000000
v 6.344091 2.100000 7.000000
v 6.344091 1.900000 7.000000
v 6.859091 2.070000 6.450000
v 6.859091 1.930000 6.450000
v 5.959091 1.930000 6.450000
v 5.959091 2.070000 6.450000
v 6.859091 1.930000 6.550000
v 6.859091 2.070000 6.550000
v 5.959091 2.070000 6.550000
v 5.959091 1.930000 6.550000
v 8.610455 2.100000 6.200000
v 8.610455 1.900000 6.200000
v 8.480455 1.900000 6.200000
v 8.480455 2.100000 6.200000
v 8.610455 1.900000 7.000000
v 8.610455 2.100000 7.000000
v 8.480455 2.100000 7.000000
v 8.480455 1.900000 7.000000
v 10.746818 2.100000 6.200000
v 10.746818 1.900000 6.200000
v 10.616818 1.900000 6.200000
v 10.616818 2.100000 6.200000
v 10.746818 1.900000 7.000000
v 10.746818 2.100000 7.000000
v 10.616818 2.100000 7.000000
v 10.616818 1.900000 7.000000
v 11.131818 2.070000 6.450000
v 11.131818 1.930000 6.450000
v 10.231818 1.930000 6.450000
v 10.231818 2.070000 6.450000
v 11.131818 1.930000 6.550000
v 11.131818 2.070000 6.550000
v 10.231818 2.070000 6.550000
v 10.231818 1.930000 6.550000
v -11.350000 2.180000 6.080000
v -11.350000 1.820000 6.080000
v -11.750000 1.820000 6.080000
v -11.750000 2.180000 6.080000
v -11.350000 1.820000 7.120000
v -11.350000 2.180000 7.120000
v -11.750000 2.180000 7.120000
v -11.750000 1.820000 7.120000
v 11.750000 2.180000 6.080000
v 11.750000 1.820000 6.080000
v 11.350000 1.820000 6.080000
v 11.350000 2.180000 6.080000
v 11.750000 1.820000 7.120000
v 11.750000 2.180000 7.120000
v 11.350000 2.180000 7.120000
v 11.350000 1.820000 7.120000
v 11.750000 6.150000 6.780000
v 11.750000 5.850000 6.780000
v -11.750000 5.850000 6.780000
v -11.750000 6.150000 6.780000
v 11.750000 5.850000 7.000000
v 11.750000 6.150000 7.000000
v -11.750000 6.150000 7.000000
v -11.750000 5.850000 7.000000
v 11.750000 6.150000 6.200000
v 11.750000 5.850000 6.200000
v -11.750000 5.850000 6.200000
v -11.750000 6.150000 6.200000
v 11.750000 5.850000 6.420000
v 11.750000 6.150000 6.420000
v -11.750000 6.150000 6.420000
v -11.750000 5.850000 6.420000
v -10.616818 6.100000 6.200000
v -10.616818 5.900000 6.200000
v -10.746818 5.900000 6.200000
v -10.746818 6.100000 6.200000
v -10.616818 5.900000 7.000000
v -10.616818 6.100000 7.000000
v -10.746818 6.100000 7.000000
v -10.746818 5.900000 7.000000
v -10.231818 6.070000 6.450000
v -10.231818 5.930000 6.450000
v -11.131818 5.930000 6.450000
v -11.131818 6.070000 6.450000
v -10.231818 5.930000 6.550000
v -10.231818 6.070000 6.550000
v -11.131818 6.070000 6.550000
v -11.131818 5.930000 6.550000
v -8.480455 6.100000 6.200000
v -8.480455 5.900000 6.200000
v -8.610455 5.900000 6.200000
v -8.610455 6.100000 6.200000
v -8.480455 5.900000 7.000000
v -8.480455 6.100000 7.000000
v -8.610455 6.100000 7.000000
v -8.610455 5.900000 7.000000
v -6.344091 6.100000 6.200000
v -6.344091 5.900000 6.200000
v -6.474091 5.900000 6.200000
v -6.474091 6.100000 6.200000
v -6.344091 5.900000 7.000000
v -6.344091 6.100000 7.000000
v -6.474091 6.100000 7.000000
v -6.474091 5.900000 7.000000
v -5.959091 6.070000 6.450000
v -5.959091 5.930000 6.450000
v -6.859091 5.930000 6.450000
v -6.859091 6.070000 6.450000
v -5.959091 5.930000 6.550000
v -5.959091 6.070000 6.550000
v -6.859091 6.070000 6.550000
v -6.859091 5.930000 6.550000
v -4.207727 6.100000 6.200000
v -4.207727 5.900000 6.200000
v -4.337727 5.900000 6.200000
v -4.337727 6.100000 6.200000
v -4.207727 5.900000 7.000000
v -4.207727 6.100000 7.000000
v -4.337727 6.100000 7.000000
v -4.337727 5.900000 7.000000
v -2.071364 6.100000 6.200000
v -2.071364 5.900000 6.200000
v -2.201364 5.900000 6.200000
v -2.201364 6.100000 6.200000
v -2.071364 5.900000 7.000000
v -2.071364 6.100000 7.000000
v -2.201364 6.100000 7.000000
v -2.201364 5.900000 7.000000
v -1.686364 6.070000 6.450000
v -1.686364 5.930000 6.450000
v -2.586364 5.930000 6.450000
v -2.586364 6.070000 6.450000
v -1.686364 5.930000 6.550000
v -1.686364 6.070000 6.550000
v -2.586364 6.070000 6.550000
v -2.586364 5.930000 6.550000
v 0.065000 6.100000 6.200000
v 0.065000 5.900000 6.200000
v -0.065000 5.900000 6.200000
v -0.065000 6.100000 6.200000
v 0.065000 5.900000 7.000000
v 0.065000 6.100000 7.000000
v -0.065000 6.100000 7.000000
v -0.065000 5.900000 7.000000
v 2.201364 6.100000 6.200000
v 2.201364 5.900000 6.200000
v 2.071364 5.900000 6.200000
v 2.071364 6.100000 6.200000
v 2.201364 5.900000 7.000000
v 2.201364 6.100000 7.000000
v 2.071364 6.100000 7.000000
v 2.071364 5.900000 7.000000
v 2.586364 6.070000 6.450000
v 2.586364 5.930000 6.450000
v 1.686364 5.930000 6.450000
v 1.686364 6.070000 6.450000
v 2.586364 5.930000 6.550000
v 2.586364 6.070000 6.550000
v 1.686364 6.070000 6.550000
v 1.686364 5.930000 6.550000
v 4.337727 6.100000 6.200000
v 4.337727 5.900000 6.200000
v 4.207727 5.900000 6.200000
v 4.207727 6.100000 6.200000
v 4.337727 5.900000 7.000000
v 4.337727 6.100000 7.000000
v 4.207727 6.100000 7.000000
v 4.207727 5.900000 7.000000
v 6.474091 6.100000 6.200000
v 6.474091 5.900000 6.200000
v 6.344091 5.900000 6.200000
v 6.344091 6.100000 6.200000
v 6.474091 5.900000 7.000000
v 6.474091 6.100000 7.000000
v 6.344091 6.100000 7.000000
v 6.344091 5.900000 7.000000
v 6.859091 6.070000 6.450000
v 6.859091 5.930000 6.450000
v 5.959091 5.930000 6.450000
v 5.959091 6.070000 6.450000
v 6.859091 5.930000 6.550000
v 6.859091 6.070000 6.550000
v 5.959091 6.070000 6.550000
v 5.959091 5.930000 6.550000
v 8.610455 6.100000 6.200000
v 8.610455 5.900000 6.200000
v 8.480455 5.900000 6.200000
v 8.480455 6.100000 6.200000
v 8.610455 5.900000 7.000000
v 8.610455 6.100000 7.000000
v 8.480455 6.100000 7.000000
v 8.480455 5.900000 7.000000
v 10.746818 6.100000 6.200000
v 10.746818 5.900000 6.200000
v 10.616818 5.900000 6.200000
v 10.616818 6.100000 6.200000
v 10.746818 5.900000 7.000000
v 10.746818 6.100000 7.000000
v 10.616818 6.100000 7.000000
v 10.616818 5.900000 7.000000
v 11.131818 6.070000 6.450000
v 11.131818 5.930000 6.450000
v 10.231818 5.930000 6.450000
v 10.231818 6.070000 6.450000
v 11.131818 5.930000 6.550000
v 11.131818 6.070000 6.550000
v 10.231818 6.070000 6.550000
v 10.231818 5.930000 6.550000
v -11.350000 6.180000 6.080000
v -11.350000 5.820000 6.080000
v -11.750000 5.820000 6.080000
v -11.750000 6.180000 6.080000
v -11.350000 5.820000 7.120000
v -11.350000 6.180000 7.120000
v -11.750000 6.180000 7.120000
v -11.750000 5.820000 7.120000
v 11.750000 6.180000 6.080000
v 11.750000 5.820000 6.080000
v 11.350000 5.820000 6.080000
v 11.350000 6.180000 6.080000
v 11.750000 5.820000 7.120000
v 11.750000 6.180000 7.120000
v 11.350000 6.180000 7.120000
v 11.350000 5.820000 7.120000
v 11.750000 10.150000 6.780000
v 11.750000 9.850000 6.780000
v -11.750000 9.850000 6.780000
v -11.750000 10.150000 6.780000
v 11.750000 9.850000 7.000000
v 11.750000 10.150000 7.000000
v -11.750000 10.150000 7.000000
v -11.750000 9.850000 7.000000
v 11.750000 10.150000 6.200000
v 11.750000 9.850000 6.200000
v -11.750000 9.850000 6.200000
v -11.750000 10.150000 6.200000
v 11.750000 9.850000 6.420000
v 11.750000 10.150000 6.420000
v -11.750000 10.150000 6.420000
v -11.750000 9.850000 6.420000
v -10.616818 10.100000 6.200000
v -10.616818 9.900000 6.200000
v -10.746818 9.900000 6.200000
v -10.746818 10.100000 6.200000
v -10.616818 9.900000 7.000000
v -10.616818 10.100000 7.000000
v -10.746818 10.100000 7.000000
v -10.746818 9.900000 7.000000
v -10.231818 10.070000 6.450000
v -10.231818 9.930000 6.450000
v -11.131818 9.930000 6.450000
v -11.131818 10.070000 6.450000
v -10.231818 9.930000 6.550000
v -10.231818 10.070000 6.550000
v -11.131818 10.070000 6.550000
v -11.131818 9.930000 6.550000
v -8.480455 10.100000 6.200000
v -8.480455 9.900000 6.200000
v -8.610455 9.900000 6.200000
v -8.610455 10.100000 6.200000
v -8.480455 9.900000 7.000000
v -8.480455 10.100000 7.000000
v -8.610455 10.100000 7.000000
v -8.610455 9.900000 7.000000
v -6.344091 10.100000 6.200000
v -6.344091 9.900000 6.200000
v -6.474091 9.900000 6.200000
v -6.474091 10.100000 6.200000
v -6.344091 9.900000 7.000000
v -6.344091 10.100000 7.000000
v -6.474091 10.100000 7.000000
v -6.474091 9.900000 7.000000
v -5.959091 10.070000 6.450000
v -5.959091 9.930000 6.450000
v -6.859091 9.930000 6.450000
v -6.859091 10.070000 6.450000
v -5.959091 9.930000 6.550000
v -5.959091 10.070000 6.550000
v -6.859091 10.070000 6.550000
v -6.859091 9.930000 6.550000
v -4.207727 10.100000 6.200000
v -4.207727 9.900000 6.200000
v -4.337727 9.900000 6.200000
v -4.337727 10.100000 6.200000
v -4.207727 9.900000 7.000000
v -4.207727 10.100000 7.000000
v -4.337727 10.100000 7.000000
v -4.337727 9.900000 7.000000
v -2.071364 10.100000 6.200000
v -2.071364 9.900000 6.200000
v -2.201364 9.900000 6.200000
v -2.201364 10.100000 6.200000
v -2.071364 9.900000 7.000000
v -2.071364 10.100000 7.000000
v -2.201364 10.100000 7.000000
v -2.201364 9.900000 7.000000
v -1.686364 10.070000 6.450000
v -1.686364 9.930000 6.450000
v -2.586364 9.930000 6.450000
v -2.586364 10.070000 6.450000
v -1.686364 9.930000 6.550000
v -1.686364 10.070000 6.550000
v -2.586364 10.070000 6.550000
v -2.586364 9.930000 6.550000
v 0.065000 10.100000 6.200000
v 0.065000 9.900000 6.200000
v -0.065000 9.900000 6.200000
v -0.065000 10.100000 6.200000
v 0.065000 9.900000 7.000000
v 0.065000 10.100000 7.000000
v -0.065000 10.100000 7.000000
v -0.065000 9.900000 7.000000
v 2.201364 10.100000 6.200000
v 2.201364 9.900000 6.200000
v 2.071364 9.900000 6.200000
v 2.071364 10.100000 6.200000
v 2.201364 9.900000 7.000000
v 2.201364 10.100000 7.000000
v 2.071364 10.100000 7.000000
v 2.071364 9.900000 7.000000
v 2.586364 10.070000 6.450000
v 2.586364 9.930000 6.450000
v 1.686364 9.930000 6.450000
v 1.686364 10.070000 6.450000
v 2.586364 9.930000 6.550000
v 2.586364 10.070000 6.550000
v 1.686364 10.070000 6.550000
v 1.686364 9.930000 6.550000
v 4.337727 10.100000 6.200000
v 4.337727 9.900000 6.200000
v 4.207727 9.900000 6.200000
v 4.207727 10.100000 6.200000
v 4.337727 9.900000 7.000000
v 4.337727 10.100000 7.000000
v 4.207727 10.100000 7.000000
v 4.207727 9.900000 7.000000
v 6.474091 10.100000 6.200000
v 6.474091 9.900000 6.200000
v 6.344091 9.900000 6.200000
v 6.344091 10.100000 6.200000
v 6.474091 9.900000 7.000000
v 6.474091 10.100000 7.000000
v 6.344091 10.100000 7.000000
v 6.344091 9.900000 7.000000
v 6.859091 10.070000 6.450000
v 6.859091 9.930000 6.450000
v 5.959091 9.930000 6.450000
v 5.959091 10.070000 6.450000
v 6.859091 9.930000 6.550000
v 6.859091 10.070000 6.550000
v 5.959091 10.070000 6.550000
v 5.959091 9.930000 6.550000
v 8.610455 10.100000 6.200000
v 8.610455 9.900000 6.200000
v 8.480455 9.900000 6.200000
v 8.480455 10.100000 6.200000
v 8.610455 9.900000 7.000000
v 8.610455 10.100000 7.000000
v 8.480455 10.100000 7.000000
v 8.480455 9.900000 7.000000
v 10.746818 10.100000 6.200000
v 10.746818 9.900000 6.200000
v 10.616818 9.900000 6.200000
v 10.616818 10.100000 6.200000
v 10.746818 9.900000 7.000000
v 10.746818 10.100000 7.000000
v 10.616818 10.100000 7.000000
v 10.616818 9.900000 7.000000
v 11.131818 10.070000 6.450000
v 11.131818 9.930000 6.450000
v 10.231818 9.930000 6.450000
v 10.231818 10.070000 6.450000
v 11.131818 9.930000 6.550000
v 11.131818 10.070000 6.550000
v 10.231818 10.070000 6.550000
v 10.231818 9.930000 6.550000
v -11.350000 10.180000 6.080000
v -11.350000 9.820000 6.080000
v -11.750000 9.820000 6.080000
v -11.750000 10.180000 6.080000
v -11.350000 9.820000 7.120000
v -11.350000 10.180000 7.120000
v -11.750000 10.180000 7.120000
v -11.750000 9.820000 7.120000
v 11.750000 10.180000 6.080000
v 11.750000 9.820000 6.080000
v 11.350000 9.820000 6.080000
v 11.350000 10.180000 6.080000
v 11.750000 9.820000 7.120000
v 11.750000 10.180000 7.120000
v 11.350000 10.180000 7.120000
v 11.350000 9.820000 7.120000
v -7.880000 11.750000 6.420000
v -7.880000 -7.750000 6.420000
v -8.120000 -7.750000 6.420000
v -8.120000 11.750000 6.420000
v -7.880000 -7.750000 6.660000
v -7.880000 11.750000 6.660000
v -8.120000 11.750000 6.660000
v -8.120000 -7.750000 6.660000
v 8.120000 11.750000 6.420000
v 8.120000 -7.750000 6.420000
v 7.880000 -7.750000 6.420000
v 7.880000 11.750000 6.420000
v 8.120000 -7.750000 6.660000
v 8.120000 11.750000 6.660000
v 7.880000 11.750000 6.660000
v 7.880000 -7.750000 6.660000
v 0.150000 11.750000 6.860000
v 0.150000 -7.750000 6.860000
v -0.150000 -7.750000 6.860000
v -0.150000 11.750000 6.860000
v 0.150000 -7.750000 7.020000
v 0.150000 11.750000 7.020000
v -0.150000 11.750000 7.020000
v -0.150000 -7.750000 7.020000
vt -12.190000 0.000000
vt -11.920000 0.000000
vt -11.920000 0.180000
vt -12.190000 0.180000
vt -6.650000 0.000000
vt -6.490000 0.000000
vt -6.490000 0.180000
vt -6.650000 0.180000
vt -5.510000 0.000000
vt -5.510000 0.180000
vt -5.350000 0.000000
vt -5.350000 0.180000
vt -12.190000 -6.650000
vt -11.920000 -6.650000
vt -11.760000 -6.490000
vt -11.760000 -5.510000
vt -11.920000 -5.350000
vt -12.190000 -5.350000
vt -12.350000 -5.510000
vt -12.350000 -6.490000
vt -12.230000 0.170000
vt -11.930000 0.170000
vt -11.930000 0.430000
vt -12.230000 0.430000
vt -6.525000 0.170000
vt -6.405000 0.170000
vt -6.405000 0.430000
vt -6.525000 0.430000
vt -5.595000 0.170000
vt -5.595000 0.430000
vt -5.475000 0.170000
vt -5.475000 0.430000
vt -12.230000 -6.525000
vt -11.930000 -6.525000
vt -11.810000 -6.405000
vt -11.810000 -5.595000
vt -11.930000 -5.475000
vt -12.230000 -5.475000
vt -12.350000 -5.595000
vt -12.350000 -6.405000
vt -12.120000 0.800000
vt -12.000000 0.800000
vt -12.000000 6.200000
vt -12.120000 6.200000
vt -11.810000 0.800000
vt -11.810000 6.200000
vt -6.240000 0.800000
vt -5.760000 0.800000
vt -5.760000 6.200000
vt -6.240000 6.200000
vt -5.570000 0.800000
vt -5.570000 6.200000
vt -6.430000 0.800000
vt -6.430000 6.200000
vt -12.120000 -6.430000
vt -12.000000 -6.430000
vt -11.810000 -6.240000
vt -11.810000 -5.760000
vt -12.000000 -5.570000
vt -12.120000 -5.570000
vt -12.310000 -5.760000
vt -12.310000 -6.240000
vt -12.150000 0.550000
vt -11.990000 0.550000
vt -11.990000 6.450000
vt -12.150000 6.450000
vt -6.310000 0.550000
vt -6.210000 0.550000
vt -6.210000 6.450000
vt -6.310000 6.450000
vt -5.790000 0.550000
vt -5.790000 6.450000
vt -5.690000 0.550000
vt -5.690000 6.450000
vt -12.250000 0.550000
vt -12.250000 6.450000
vt -12.150000 -6.310000
vt -11.990000 -6.310000
vt -11.890000 -6.210000
vt -11.890000 -5.790000
vt -11.990000 -5.690000
vt -12.150000 -5.690000
vt -12.250000 -5.790000
vt -12.250000 -6.210000
vt -11.760000 -5.520000
vt -11.760000 -6.480000
vt -12.060000 -6.480000
vt -12.060000 -5.520000
vt -11.760000 1.000000
vt -11.760000 1.300000
vt -12.060000 1.300000
vt -12.060000 1.000000
vt -6.480000 1.000000
vt -6.480000 1.300000
vt -5.520000 1.300000
vt -5.520000 1.000000
vt -11.760000 -5.830000
vt -11.760000 -6.170000
vt -12.200000 -6.170000
vt -12.200000 -5.830000
vt -12.200000 1.300000
vt -12.200000 1.000000
vt -6.170000 1.000000
vt -6.170000 1.300000
vt -5.830000 1.300000
vt -5.830000 1.000000
vt -11.760000 -5.530000
vt -11.760000 -6.470000
vt -12.060000 -6.470000
vt -12.060000 -5.530000
vt -11.760000 1.800000
vt -11.760000 2.100000
vt -12.060000 2.100000
vt -12.060000 1.800000
vt -6.470000 1.800000
vt -6.470000 2.100000
vt -5.530000 2.100000
vt -5.530000 1.800000
vt -12.200000 2.100000
vt -12.200000 1.800000
vt -6.170000 1.800000
vt -6.170000 2.100000
vt -5.830000 2.100000
vt -5.830000 1.800000
vt -11.760000 -5.540000
vt -11.760000 -6.460000
vt -12.060000 -6.460000
vt -12.060000 -5.540000
vt -11.760000 2.600000
vt -11.760000 2.900000
vt -12.060000 2.900000
vt -12.060000 2.600000
vt -6.460000 2.600000
vt -6.460000 2.900000
vt -5.540000 2.900000
vt -5.540000 2.600000
vt -12.200000 2.900000
vt -12.200000 2.600000
vt -6.170000 2.600000
vt -6.170000 2.900000
vt -5.830000 2.900000
vt -5.830000 2.600000
vt -11.840000 -6.390000
vt -11.840000 -6.610000
vt -12.260000 -6.610000
vt -12.260000 -6.390000
vt -11.840000 5.440000
vt -11.840000 5.860000
vt -12.260000 5.860000
vt -12.260000 5.440000
vt -6.610000 5.440000
vt -6.610000 5.860000
vt -6.390000 5.860000
vt -6.390000 5.440000
vt -11.840000 -5.390000
vt -11.840000 -5.610000
vt -12.260000 -5.610000
vt -12.260000 -5.390000
vt -5.610000 5.440000
vt -5.610000 5.860000
vt -5.390000 5.860000
vt -5.390000 5.440000
vt -12.210000 5.920000
vt -11.900000 5.920000
vt -11.900000 6.200000
vt -12.210000 6.200000
vt -6.550000 5.920000
vt -6.410000 5.920000
vt -6.410000 6.200000
vt -6.550000 6.200000
vt -5.590000 5.920000
vt -5.590000 6.200000
vt -5.450000 5.920000
vt -5.450000 6.200000
vt -12.350000 5.920000
vt -12.350000 6.200000
vt -12.210000 -6.550000
vt -11.900000 -6.550000
vt -11.760000 -6.410000
vt -11.760000 -5.590000
vt -11.900000 -5.450000
vt -12.210000 -5.450000
vt -12.350000 -5.590000
vt -12.350000 -6.410000
vt -6.440000 0.180000
vt -6.388038 0.180000
vt -6.388038 0.210000
vt -6.440000 0.210000
vt -11.950000 0.180000
vt -12.010000 0.180000
vt -12.010000 0.210000
vt -11.950000 0.210000
vt -6.491962 0.180000
vt -6.491962 0.210000
vt -11.920000 -6.440000
vt -11.950000 -6.388038
vt -12.010000 -6.388038
vt -12.040000 -6.440000
vt -12.010000 -6.491962
vt -11.950000 -6.491962
vt -5.560000 0.180000
vt -5.508038 0.180000
vt -5.508038 0.210000
vt -5.560000 0.210000
vt -5.611962 0.180000
vt -5.611962 0.210000
vt -11.920000 -5.560000
vt -11.950000 -5.508038
vt -12.010000 -5.508038
vt -12.040000 -5.560000
vt -12.010000 -5.611962
vt -11.950000 -5.611962
vt 11.920000 0.000000
vt 12.190000 0.000000
vt 12.190000 0.180000
vt 11.920000 0.180000
vt 11.920000 -6.650000
vt 12.190000 -6.650000
vt 12.350000 -6.490000
vt 12.350000 -5.510000
vt 12.190000 -5.350000
vt 11.920000 -5.350000
vt 11.760000 -5.510000
vt 11.760000 -6.490000
vt 11.930000 0.170000
vt 12.230000 0.170000
vt 12.230000 0.430000
vt 11.930000 0.430000
vt 11.930000 -6.525000
vt 12.230000 -6.525000
vt 12.350000 -6.405000
vt 12.350000 -5.595000
vt 12.230000 -5.475000
vt 11.930000 -5.475000
vt 11.810000 -5.595000
vt 11.810000 -6.405000
vt 12.000000 0.800000
vt 12.120000 0.800000
vt 12.120000 6.200000
vt 12.000000 6.200000
vt 11.810000 0.800000
vt 11.810000 6.200000
vt 12.000000 -6.430000
vt 12.120000 -6.430000
vt 12.310000 -6.240000
vt 12.310000 -5.760000
vt 12.120000 -5.570000
vt 12.000000 -5.570000
vt 11.810000 -5.760000
vt 11.810000 -6.240000
vt 11.990000 0.550000
vt 12.150000 0.550000
vt 12.150000 6.450000
vt 11.990000 6.450000
vt 12.250000 0.550000
vt 12.250000 6.450000
vt 11.990000 -6.310000
vt 12.150000 -6.310000
vt 12.250000 -6.210000
vt 12.250000 -5.790000
vt 12.150000 -5.690000
vt 11.990000 -5.690000
vt 11.890000 -5.790000
vt 11.890000 -6.210000
vt 12.060000 -5.520000
vt 12.060000 -6.480000
vt 11.760000 -6.480000
vt 11.760000 -5.520000
vt 12.060000 1.000000
vt 12.060000 1.300000
vt 11.760000 1.300000
vt 11.760000 1.000000
vt 12.200000 -5.830000
vt 12.200000 -6.170000
vt 11.760000 -6.170000
vt 11.760000 -5.830000
vt 12.200000 1.000000
vt 12.200000 1.300000
vt 12.060000 -5.530000
vt 12.060000 -6.470000
vt 11.760000 -6.470000
vt 11.760000 -5.530000
vt 12.060000 1.800000
vt 12.060000 2.100000
vt 11.760000 2.100000
vt 11.760000 1.800000
vt 12.200000 1.800000
vt 12.200000 2.100000
vt 12.060000 -5.540000
vt 12.060000 -6.460000
vt 11.760000 -6.460000
vt 11.760000 -5.540000
vt 12.060000 2.600000
vt 12.060000 2.900000
vt 11.760000 2.900000
vt 11.760000 2.600000
vt 12.200000 2.600000
vt 12.200000 2.900000
vt 12.260000 -6.390000
vt 12.260000 -6.610000
vt 11.840000 -6.610000
vt 11.840000 -6.390000
vt 12.260000 5.440000
vt 12.260000 5.860000
vt 11.840000 5.860000
vt 11.840000 5.440000
vt 12.260000 -5.390000
vt 12.260000 -5.610000
vt 11.840000 -5.610000
vt 11.840000 -5.390000
vt 11.900000 5.920000
vt 12.210000 5.920000
vt 12.210000 6.200000
vt 11.900000 6.200000
vt 12.350000 5.920000
vt 12.350000 6.200000
vt 11.900000 -6.550000
vt 12.210000 -6.550000
vt 12.350000 -6.410000
vt 12.350000 -5.590000
vt 12.210000 -5.450000
vt 11.900000 -5.450000
vt 11.760000 -5.590000
vt 11.760000 -6.410000
vt 12.010000 0.180000
vt 11.950000 0.180000
vt 11.950000 0.210000
vt 12.010000 0.210000
vt 12.040000 -6.440000
vt 12.010000 -6.388038
vt 11.950000 -6.388038
vt 11.920000 -6.440000
vt 11.950000 -6.491962
vt 12.010000 -6.491962
vt 12.040000 -5.560000
vt 12.010000 -5.508038
vt 11.950000 -5.508038
vt 11.920000 -5.560000
vt 11.950000 -5.611962
vt 12.010000 -5.611962
vt -0.650000 0.000000
vt -0.490000 0.000000
vt -0.490000 0.180000
vt -0.650000 0.180000
vt 0.490000 0.000000
vt 0.490000 0.180000
vt 0.650000 0.000000
vt 0.650000 0.180000
vt -12.190000 -0.650000
vt -11.920000 -0.650000
vt -11.760000 -0.490000
vt -11.760000 0.490000
vt -11.920000 0.650000
vt -12.190000 0.650000
vt -12.350000 0.490000
vt -12.350000 -0.490000
vt -0.525000 0.170000
vt -0.405000 0.170000
vt -0.405000 0.430000
vt -0.525000 0.430000
vt 0.405000 0.170000
vt 0.405000 0.430000
vt 0.525000 0.170000
vt 0.525000 0.430000
vt -12.230000 -0.525000
vt -11.930000 -0.525000
vt -11.810000 -0.405000
vt -11.810000 0.405000
vt -11.930000 0.525000
vt -12.230000 0.525000
vt -12.350000 0.405000
vt -12.350000 -0.405000
vt -0.240000 0.800000
vt 0.240000 0.800000
vt 0.240000 6.200000
vt -0.240000 6.200000
vt 0.430000 0.800000
vt 0.430000 6.200000
vt -0.430000 0.800000
vt -0.430000 6.200000
vt -12.120000 -0.430000
vt -12.000000 -0.430000
vt -11.810000 -0.240000
vt -11.810000 0.240000
vt -12.000000 0.430000
vt -12.120000 0.430000
vt -12.310000 0.240000
vt -12.310000 -0.240000
vt -0.310000 0.550000
vt -0.210000 0.550000
vt -0.210000 6.450000
vt -0.310000 6.450000
vt 0.210000 0.550000
vt 0.210000 6.450000
vt 0.310000 0.550000
vt 0.310000 6.450000
vt -12.150000 -0.310000
vt -11.990000 -0.310000
vt -11.890000 -0.210000
vt -11.890000 0.210000
vt -11.990000 0.310000
vt -12.150000 0.310000
vt -12.250000 0.210000
vt -12.250000 -0.210000
vt -11.760000 0.480000
vt -11.760000 -0.480000
vt -12.060000 -0.480000
vt -12.060000 0.480000
vt -0.480000 1.000000
vt -0.480000 1.300000
vt 0.480000 1.300000
vt 0.480000 1.000000
vt -11.760000 0.170000
vt -11.760000 -0.170000
vt -12.200000 -0.170000
vt -12.200000 0.170000
vt -0.170000 1.000000
vt -0.170000 1.300000
vt 0.170000 1.300000
vt 0.170000 1.000000
vt -11.760000 0.470000
vt -11.760000 -0.470000
vt -12.060000 -0.470000
vt -12.060000 0.470000
vt -0.470000 1.800000
vt -0.470000 2.100000
vt 0.470000 2.100000
vt 0.470000 1.800000
vt -0.170000 1.800000
vt -0.170000 2.100000
vt 0.170000 2.100000
vt 0.170000 1.800000
vt -11.760000 0.460000
vt -11.760000 -0.460000
vt -12.060000 -0.460000
vt -12.060000 0.460000
vt -0.460000 2.600000
vt -0.460000 2.900000
vt 0.460000 2.900000
vt 0.460000 2.600000
vt -0.170000 2.600000
vt -0.170000 2.900000
vt 0.170000 2.900000
vt 0.170000 2.600000
vt -11.840000 -0.390000
vt -11.840000 -0.610000
vt -12.260000 -0.610000
vt -12.260000 -0.390000
vt -0.610000 5.440000
vt -0.610000 5.860000
vt -0.390000 5.860000
vt -0.390000 5.440000
vt -11.840000 0.610000
vt -11.840000 0.390000
vt -12.260000 0.390000
vt -12.260000 0.610000
vt 0.390000 5.440000
vt 0.390000 5.860000
vt 0.610000 5.860000
vt 0.610000 5.440000
vt -0.550000 5.920000
vt -0.410000 5.920000
vt -0.410000 6.200000
vt -0.550000 6.200000
vt 0.410000 5.920000
vt 0.410000 6.200000
vt 0.550000 5.920000
vt 0.550000 6.200000
vt -12.210000 -0.550000
vt -11.900000 -0.550000
vt -11.760000 -0.410000
vt -11.760000 0.410000
vt -11.900000 0.550000
vt -12.210000 0.550000
vt -12.350000 0.410000
vt -12.350000 -0.410000
vt -0.440000 0.180000
vt -0.388038 0.180000
vt -0.388038 0.210000
vt -0.440000 0.210000
vt -0.491962 0.180000
vt -0.491962 0.210000
vt -11.920000 -0.440000
vt -11.950000 -0.388038
vt -12.010000 -0.388038
vt -12.040000 -0.440000
vt -12.010000 -0.491962
vt -11.950000 -0.491962
vt 0.440000 0.180000
vt 0.491962 0.180000
vt 0.491962 0.210000
vt 0.440000 0.210000
vt 0.388038 0.180000
vt 0.388038 0.210000
vt -11.920000 0.440000
vt -11.950000 0.491962
vt -12.010000 0.491962
vt -12.040000 0.440000
vt -12.010000 0.388038
vt -11.950000 0.388038
vt 11.920000 -0.650000
vt 12.190000 -0.650000
vt 12.350000 -0.490000
vt 12.350000 0.490000
vt 12.190000 0.650000
vt 11.920000 0.650000
vt 11.760000 0.490000
vt 11.760000 -0.490000
vt 11.930000 -0.525000
vt 12.230000 -0.525000
vt 12.350000 -0.405000
vt 12.350000 0.405000
vt 12.230000 0.525000
vt 11.930000 0.525000
vt 11.810000 0.405000
vt 11.810000 -0.405000
vt 12.000000 -0.430000
vt 12.120000 -0.430000
vt 12.310000 -0.240000
vt 12.310000 0.240000
vt 12.120000 0.430000
vt 12.000000 0.430000
vt 11.810000 0.240000
vt 11.810000 -0.240000
vt 11.990000 -0.310000
vt 12.150000 -0.310000
vt 12.250000 -0.210000
vt 12.250000 0.210000
vt 12.150000 0.310000
vt 11.990000 0.310000
vt 11.890000 0.210000
vt 11.890000 -0.210000
vt 12.060000 0.480000
vt 12.060000 -0.480000
vt 11.760000 -0.480000
vt 11.760000 0.480000
vt 12.200000 0.170000
vt 12.200000 -0.170000
vt 11.760000 -0.170000
vt 11.760000 0.170000
vt 12.060000 0.470000
vt 12.060000 -0.470000
vt 11.760000 -0.470000
vt 11.760000 0.470000
vt 12.060000 0.460000
vt 12.060000 -0.460000
vt 11.760000 -0.460000
vt 11.760000 0.460000
vt 12.260000 -0.390000
vt 12.260000 -0.610000
vt 11.840000 -0.610000
vt 11.840000 -0.390000
vt 12.260000 0.610000
vt 12.260000 0.390000
vt 11.840000 0.390000
vt 11.840000 0.610000
vt 11.900000 -0.550000
vt 12.210000 -0.550000
vt 12.350000 -0.410000
vt 12.350000 0.410000
vt 12.210000 0.550000
vt 11.900000 0.550000
vt 11.760000 0.410000
vt 11.760000 -0.410000
vt 12.040000 -0.440000
vt 12.010000 -0.388038
vt 11.950000 -0.388038
vt 11.920000 -0.440000
vt 11.950000 -0.491962
vt 12.010000 -0.491962
vt 12.040000 0.440000
vt 12.010000 0.491962
vt 11.950000 0.491962
vt 11.920000 0.440000
vt 11.950000 0.388038
vt 12.010000 0.388038
vt 5.350000 0.000000
vt 5.510000 0.000000
vt 5.510000 0.180000
vt 5.350000 0.180000
vt 6.490000 0.000000
vt 6.490000 0.180000
vt 6.650000 0.000000
vt 6.650000 0.180000
vt -12.190000 5.350000
vt -11.920000 5.350000
vt -11.760000 5.510000
vt -11.760000 6.490000
vt -11.920000 6.650000
vt -12.190000 6.650000
vt -12.350000 6.490000
vt -12.350000 5.510000
vt 5.475000 0.170000
vt 5.595000 0.170000
vt 5.595000 0.430000
vt 5.475000 0.430000
vt 6.405000 0.170000
vt 6.405000 0.430000
vt 6.525000 0.170000
vt 6.525000 0.430000
vt -12.230000 5.475000
vt -11.930000 5.475000
vt -11.810000 5.595000
vt -11.810000 6.405000
vt -11.930000 6.525000
vt -12.230000 6.525000
vt -12.350000 6.405000
vt -12.350000 5.595000
vt 5.760000 0.800000
vt 6.240000 0.800000
vt 6.240000 6.200000
vt 5.760000 6.200000
vt 6.430000 0.800000
vt 6.430000 6.200000
vt 5.570000 0.800000
vt 5.570000 6.200000
vt -12.120000 5.570000
vt -12.000000 5.570000
vt -11.810000 5.760000
vt -11.810000 6.240000
vt -12.000000 6.430000
vt -12.120000 6.430000
vt -12.310000 6.240000
vt -12.310000 5.760000
vt 5.690000 0.550000
vt 5.790000 0.550000
vt 5.790000 6.450000
vt 5.690000 6.450000
vt 6.210000 0.550000
vt 6.210000 6.450000
vt 6.310000 0.550000
vt 6.310000 6.450000
vt -12.150000 5.690000
vt -11.990000 5.690000
vt -11.890000 5.790000
vt -11.890000 6.210000
vt -11.990000 6.310000
vt -12.150000 6.310000
vt -12.250000 6.210000
vt -12.250000 5.790000
vt -11.760000 6.480000
vt -11.760000 5.520000
vt -12.060000 5.520000
vt -12.060000 6.480000
vt 5.520000 1.000000
vt 5.520000 1.300000
vt 6.480000 1.300000
vt 6.480000 1.000000
vt -11.760000 6.170000
vt -11.760000 5.830000
vt -12.200000 5.830000
vt -12.200000 6.170000
vt 5.830000 1.000000
vt 5.830000 1.300000
vt 6.170000 1.300000
vt 6.170000 1.000000
vt -11.760000 6.470000
vt -11.760000 5.530000
vt -12.060000 5.530000
vt -12.060000 6.470000
vt 5.530000 1.800000
vt 5.530000 2.100000
vt 6.470000 2.100000
vt 6.470000 1.800000
vt 5.830000 1.800000
vt 5.830000 2.100000
vt 6.170000 2.100000
vt 6.170000 1.800000
vt -11.760000 6.460000
vt -11.760000 5.540000
vt -12.060000 5.540000
vt -12.060000 6.460000
vt 5.540000 2.600000
vt 5.540000 2.900000
vt 6.460000 2.900000
vt 6.460000 2.600000
vt 5.830000 2.600000
vt 5.830000 2.900000
vt 6.170000 2.900000
vt 6.170000 2.600000
vt -11.840000 5.610000
vt -11.840000 5.390000
vt -12.260000 5.390000
vt -12.260000 5.610000
vt 5.390000 5.440000
vt 5.390000 5.860000
vt 5.610000 5.860000
vt 5.610000 5.440000
vt -11.840000 6.610000
vt -11.840000 6.390000
vt -12.260000 6.390000
vt -12.260000 6.610000
vt 6.390000 5.440000
vt 6.390000 5.860000
vt 6.610000 5.860000
vt 6.610000 5.440000
vt 5.450000 5.920000
vt 5.590000 5.920000
vt 5.590000 6.200000
vt 5.450000 6.200000
vt 6.410000 5.920000
vt 6.410000 6.200000
vt 6.550000 5.920000
vt 6.550000 6.200000
vt -12.210000 5.450000
vt -11.900000 5.450000
vt -11.760000 5.590000
vt -11.760000 6.410000
vt -11.900000 6.550000
vt -12.210000 6.550000
vt -12.350000 6.410000
vt -12.350000 5.590000
vt 5.560000 0.180000
vt 5.611962 0.180000
vt 5.611962 0.210000
vt 5.560000 0.210000
vt 5.508038 0.180000
vt 5.508038 0.210000
vt -11.920000 5.560000
vt -11.950000 5.611962
vt -12.010000 5.611962
vt -12.040000 5.560000
vt -12.010000 5.508038
vt -11.950000 5.508038
vt 6.440000 0.180000
vt 6.491962 0.180000
vt 6.491962 0.210000
vt 6.440000 0.210000
vt 6.388038 0.180000
vt 6.388038 0.210000
vt -11.920000 6.440000
vt -11.950000 6.491962
vt -12.010000 6.491962
vt -12.040000 6.440000
vt -12.010000 6.388038
vt -11.950000 6.388038
vt 11.920000 5.350000
vt 12.190000 5.350000
vt 12.350000 5.510000
vt 12.350000 6.490000
vt 12.190000 6.650000
vt 11.920000 6.650000
vt 11.760000 6.490000
vt 11.760000 5.510000
vt 11.930000 5.475000
vt 12.230000 5.475000
vt 12.350000 5.595000
vt 12.350000 6.405000
vt 12.230000 6.525000
vt 11.930000 6.525000
vt 11.810000 6.405000
vt 11.810000 5.595000
vt 12.000000 5.570000
vt 12.120000 5.570000
vt 12.310000 5.760000
vt 12.310000 6.240000
vt 12.120000 6.430000
vt 12.000000 6.430000
vt 11.810000 6.240000
vt 11.810000 5.760000
vt 11.990000 5.690000
vt 12.150000 5.690000
vt 12.250000 5.790000
vt 12.250000 6.210000
vt 12.150000 6.310000
vt 11.990000 6.310000
vt 11.890000 6.210000
vt 11.890000 5.790000
vt 12.060000 6.480000
vt 12.060000 5.520000
vt 11.760000 5.520000
vt 11.760000 6.480000
vt 12.200000 6.170000
vt 12.200000 5.830000
vt 11.760000 5.830000
vt 11.760000 6.170000
vt 12.060000 6.470000
vt 12.060000 5.530000
vt 11.760000 5.530000
vt 11.760000 6.470000
vt 12.060000 6.460000
vt 12.060000 5.540000
vt 11.760000 5.540000
vt 11.760000 6.460000
vt 12.260000 5.610000
vt 12.260000 5.390000
vt 11.840000 5.390000
vt 11.840000 5.610000
vt 12.260000 6.610000
vt 12.260000 6.390000
vt 11.840000 6.390000
vt 11.840000 6.610000
vt 11.900000 5.450000
vt 12.210000 5.450000
vt 12.350000 5.590000
vt 12.350000 6.410000
vt 12.210000 6.550000
vt 11.900000 6.550000
vt 11.760000 6.410000
vt 11.760000 5.590000
vt 12.040000 5.560000
vt 12.010000 5.611962
vt 11.950000 5.611962
vt 11.920000 5.560000
vt 11.950000 5.508038
vt 12.010000 5.508038
vt 12.040000 6.440000
vt 12.010000 6.491962
vt 11.950000 6.491962
vt 11.920000 6.440000
vt 11.950000 6.388038
vt 12.010000 6.388038
vt -6.490000 11.760000
vt -5.510000 11.760000
vt -5.350000 11.920000
vt -5.350000 12.190000
vt -5.510000 12.350000
vt -6.490000 12.350000
vt -6.650000 12.190000
vt -6.650000 11.920000
vt -6.405000 11.810000
vt -5.595000 11.810000
vt -5.475000 11.930000
vt -5.475000 12.230000
vt -5.595000 12.350000
vt -6.405000 12.350000
vt -6.525000 12.230000
vt -6.525000 11.930000
vt -6.240000 11.810000
vt -5.760000 11.810000
vt -5.570000 12.000000
vt -5.570000 12.120000
vt -5.760000 12.310000
vt -6.240000 12.310000
vt -6.430000 12.120000
vt -6.430000 12.000000
vt 11.890000 0.550000
vt 11.890000 6.450000
vt -6.210000 11.890000
vt -5.790000 11.890000
vt -5.690000 11.990000
vt -5.690000 12.150000
vt -5.790000 12.250000
vt -6.210000 12.250000
vt -6.310000 12.150000
vt -6.310000 11.990000
vt -5.520000 12.060000
vt -5.520000 11.760000
vt -6.480000 11.760000
vt -6.480000 12.060000
vt -5.830000 12.200000
vt -5.830000 11.760000
vt -6.170000 11.760000
vt -6.170000 12.200000
vt -5.530000 12.060000
vt -5.530000 11.760000
vt -6.470000 11.760000
vt -6.470000 12.060000
vt -5.540000 12.060000
vt -5.540000 11.760000
vt -6.460000 11.760000
vt -6.460000 12.060000
vt -6.390000 12.260000
vt -6.390000 11.840000
vt -6.610000 11.840000
vt -6.610000 12.260000
vt -5.390000 12.260000
vt -5.390000 11.840000
vt -5.610000 11.840000
vt -5.610000 12.260000
vt 11.760000 5.920000
vt 11.760000 6.200000
vt -6.410000 11.760000
vt -5.590000 11.760000
vt -5.450000 11.900000
vt -5.450000 12.210000
vt -5.590000 12.350000
vt -6.410000 12.350000
vt -6.550000 12.210000
vt -6.550000 11.900000
vt 11.980000 0.180000
vt 12.031962 0.180000
vt 12.031962 0.210000
vt 11.980000 0.210000
vt -6.410000 0.180000
vt -6.470000 0.180000
vt -6.470000 0.210000
vt -6.410000 0.210000
vt 11.928038 0.180000
vt 11.928038 0.210000
vt -6.380000 11.980000
vt -6.410000 12.031962
vt -6.470000 12.031962
vt -6.500000 11.980000
vt -6.470000 11.928038
vt -6.410000 11.928038
vt -5.530000 0.180000
vt -5.590000 0.180000
vt -5.590000 0.210000
vt -5.530000 0.210000
vt -5.500000 11.980000
vt -5.530000 12.031962
vt -5.590000 12.031962
vt -5.620000 11.980000
vt -5.590000 11.928038
vt -5.530000 11.928038
vt 5.510000 11.760000
vt 6.490000 11.760000
vt 6.650000 11.920000
vt 6.650000 12.190000
vt 6.490000 12.350000
vt 5.510000 12.350000
vt 5.350000 12.190000
vt 5.350000 11.920000
vt 5.595000 11.810000
vt 6.405000 11.810000
vt 6.525000 11.930000
vt 6.525000 12.230000
vt 6.405000 12.350000
vt 5.595000 12.350000
vt 5.475000 12.230000
vt 5.475000 11.930000
vt 5.760000 11.810000
vt 6.240000 11.810000
vt 6.430000 12.000000
vt 6.430000 12.120000
vt 6.240000 12.310000
vt 5.760000 12.310000
vt 5.570000 12.120000
vt 5.570000 12.000000
vt 5.790000 11.890000
vt 6.210000 11.890000
vt 6.310000 11.990000
vt 6.310000 12.150000
vt 6.210000 12.250000
vt 5.790000 12.250000
vt 5.690000 12.150000
vt 5.690000 11.990000
vt 6.480000 12.060000
vt 6.480000 11.760000
vt 5.520000 11.760000
vt 5.520000 12.060000
vt 6.170000 12.200000
vt 6.170000 11.760000
vt 5.830000 11.760000
vt 5.830000 12.200000
vt 6.470000 12.060000
vt 6.470000 11.760000
vt 5.530000 11.760000
vt 5.530000 12.060000
vt 6.460000 12.060000
vt 6.460000 11.760000
vt 5.540000 11.760000
vt 5.540000 12.060000
vt 5.610000 12.260000
vt 5.610000 11.840000
vt 5.390000 11.840000
vt 5.390000 12.260000
vt 6.610000 12.260000
vt 6.610000 11.840000
vt 6.390000 11.840000
vt 6.390000 12.260000
vt 5.590000 11.760000
vt 6.410000 11.760000
vt 6.550000 11.900000
vt 6.550000 12.210000
vt 6.410000 12.350000
vt 5.590000 12.350000
vt 5.450000 12.210000
vt 5.450000 11.900000
vt 5.590000 0.180000
vt 5.530000 0.180000
vt 5.530000 0.210000
vt 5.590000 0.210000
vt 5.620000 11.980000
vt 5.590000 12.031962
vt 5.530000 12.031962
vt 5.500000 11.980000
vt 5.530000 11.928038
vt 5.590000 11.928038
vt 6.470000 0.180000
vt 6.410000 0.180000
vt 6.410000 0.210000
vt 6.470000 0.210000
vt 6.500000 11.980000
vt 6.470000 12.031962
vt 6.410000 12.031962
vt 6.380000 11.980000
vt 6.410000 11.928038
vt 6.470000 11.928038
vt 11.750000 -5.850000
vt 11.750000 -6.150000
vt -11.750000 -6.150000
vt -11.750000 -5.850000
vt 11.750000 6.780000
vt 11.750000 7.000000
vt -11.750000 7.000000
vt -11.750000 6.780000
vt -6.150000 6.780000
vt -6.150000 7.000000
vt -5.850000 7.000000
vt -5.850000 6.780000
vt 11.750000 6.200000
vt 11.750000 6.420000
vt -11.750000 6.420000
vt -11.750000 6.200000
vt -6.150000 6.200000
vt -6.150000 6.420000
vt -5.850000 6.420000
vt -5.850000 6.200000
vt -10.616818 -5.900000
vt -10.616818 -6.100000
vt -10.746818 -6.100000
vt -10.746818 -5.900000
vt -10.616818 6.200000
vt -10.616818 7.000000
vt -10.746818 7.000000
vt -10.746818 6.200000
vt -6.100000 6.200000
vt -6.100000 7.000000
vt -5.900000 7.000000
vt -5.900000 6.200000
vt -10.231818 -5.930000
vt -10.231818 -6.070000
vt -11.131818 -6.070000
vt -11.131818 -5.930000
vt -10.231818 6.450000
vt -10.231818 6.550000
vt -11.131818 6.550000
vt -11.131818 6.450000
vt -6.070000 6.450000
vt -6.070000 6.550000
vt -5.930000 6.550000
vt -5.930000 6.450000
vt -8.480455 -5.900000
vt -8.480455 -6.100000
vt -8.610455 -6.100000
vt -8.610455 -5.900000
vt -8.480455 6.200000
vt -8.480455 7.000000
vt -8.610455 7.000000
vt -8.610455 6.200000
vt -6.344091 -5.900000
vt -6.344091 -6.100000
vt -6.474091 -6.100000
vt -6.474091 -5.900000
vt -6.344091 6.200000
vt -6.344091 7.000000
vt -6.474091 7.000000
vt -6.474091 6.200000
vt -5.959091 -5.930000
vt -5.959091 -6.070000
vt -6.859091 -6.070000
vt -6.859091 -5.930000
vt -5.959091 6.450000
vt -5.959091 6.550000
vt -6.859091 6.550000
vt -6.859091 6.450000
vt -4.207727 -5.900000
vt -4.207727 -6.100000
vt -4.337727 -6.100000
vt -4.337727 -5.900000
vt -4.207727 6.200000
vt -4.207727 7.000000
vt -4.337727 7.000000
vt -4.337727 6.200000
vt -2.071364 -5.900000
vt -2.071364 -6.100000
vt -2.201364 -6.100000
vt -2.201364 -5.900000
vt -2.071364 6.200000
vt -2.071364 7.000000
vt -2.201364 7.000000
vt -2.201364 6.200000
vt -1.686364 -5.930000
vt -1.686364 -6.070000
vt -2.586364 -6.070000
vt -2.586364 -5.930000
vt -1.686364 6.450000
vt -1.686364 6.550000
vt -2.586364 6.550000
vt -2.586364 6.450000
vt 0.065000 -5.900000
vt 0.065000 -6.100000
vt -0.065000 -6.100000
vt -0.065000 -5.900000
vt 0.065000 6.200000
vt 0.065000 7.000000
vt -0.065000 7.000000
vt -0.065000 6.200000
vt 2.201364 -5.900000
vt 2.201364 -6.100000
vt 2.071364 -6.100000
vt 2.071364 -5.900000
vt 2.201364 6.200000
vt 2.201364 7.000000
vt 2.071364 7.000000
vt 2.071364 6.200000
vt 2.586364 -5.930000
vt 2.586364 -6.070000
vt 1.686364 -6.070000
vt 1.686364 -5.930000
vt 2.586364 6.450000
vt 2.586364 6.550000
vt 1.686364 6.550000
vt 1.686364 6.450000
vt 4.337727 -5.900000
vt 4.337727 -6.100000
vt 4.207727 -6.100000
vt 4.207727 -5.900000
vt 4.337727 6.200000
vt 4.337727 7.000000
vt 4.207727 7.000000
vt 4.207727 6.200000
vt 6.474091 -5.900000
vt 6.474091 -6.100000
vt 6.344091 -6.100000
vt 6.344091 -5.900000
vt 6.474091 6.200000
vt 6.474091 7.000000
vt 6.344091 7.000000
vt 6.344091 6.200000
vt 6.859091 -5.930000
vt 6.859091 -6.070000
vt 5.959091 -6.070000
vt 5.959091 -5.930000
vt 6.859091 6.450000
vt 6.859091 6.550000
vt 5.959091 6.550000
vt 5.959091 6.450000
vt 8.610455 -5.900000
vt 8.610455 -6.100000
vt 8.480455 -6.100000
vt 8.480455 -5.900000
vt 8.610455 6.200000
vt 8.610455 7.000000
vt 8.480455 7.000000
vt 8.480455 6.200000
vt 10.746818 -5.900000
vt 10.746818 -6.100000
vt 10.616818 -6.100000
vt 10.616818 -5.900000
vt 10.746818 6.200000
vt 10.746818 7.000000
vt 10.616818 7.000000
vt 10.616818 6.200000
vt 11.131818 -5.930000
vt 11.131818 -6.070000
vt 10.231818 -6.070000
vt 10.231818 -5.930000
vt 11.131818 6.450000
vt 11.131818 6.550000
vt 10.231818 6.550000
vt 10.231818 6.450000
vt -11.350000 -5.820000
vt -11.350000 -6.180000
vt -11.750000 -6.180000
vt -11.750000 -5.820000
vt -11.350000 6.080000
vt -11.350000 7.120000
vt -11.750000 7.120000
vt -11.750000 6.080000
vt -6.180000 6.080000
vt -6.180000 7.120000
vt -5.820000 7.120000
vt -5.820000 6.080000
vt 11.750000 -5.820000
vt 11.750000 -6.180000
vt 11.350000 -6.180000
vt 11.350000 -5.820000
vt 11.750000 6.080000
vt 11.750000 7.120000
vt 11.350000 7.120000
vt 11.350000 6.080000
vt 11.750000 -1.850000
vt 11.750000 -2.150000
vt -11.750000 -2.150000
vt -11.750000 -1.850000
vt -2.150000 6.780000
vt -2.150000 7.000000
vt -1.850000 7.000000
vt -1.850000 6.780000
vt -2.150000 6.200000
vt -2.150000 6.420000
vt -1.850000 6.420000
vt -1.850000 6.200000
vt -10.616818 -1.900000
vt -10.616818 -2.100000
vt -10.746818 -2.100000
vt -10.746818 -1.900000
vt -2.100000 6.200000
vt -2.100000 7.000000
vt -1.900000 7.000000
vt -1.900000 6.200000
vt -10.231818 -1.930000
vt -10.231818 -2.070000
vt -11.131818 -2.070000
vt -11.131818 -1.930000
vt -2.070000 6.450000
vt -2.070000 6.550000
vt -1.930000 6.550000
vt -1.930000 6.450000
vt -8.480455 -1.900000
vt -8.480455 -2.100000
vt -8.610455 -2.100000
vt -8.610455 -1.900000
vt -6.344091 -1.900000
vt -6.344091 -2.100000
vt -6.474091 -2.100000
vt -6.474091 -1.900000
vt -5.959091 -1.930000
vt -5.959091 -2.070000
vt -6.859091 -2.070000
vt -6.859091 -1.930000
vt -4.207727 -1.900000
vt -4.207727 -2.100000
vt -4.337727 -2.100000
vt -4.337727 -1.900000
vt -2.071364 -1.900000
vt -2.071364 -2.100000
vt -2.201364 -2.100000
vt -2.201364 -1.900000
vt -1.686364 -1.930000
vt -1.686364 -2.070000
vt -2.586364 -2.070000
vt -2.586364 -1.930000
vt 0.065000 -1.900000
vt 0.065000 -2.100000
vt -0.065000 -2.100000
vt -0.065000 -1.900000
vt 2.201364 -1.900000
vt 2.201364 -2.100000
vt 2.071364 -2.100000
vt 2.071364 -1.900000
vt 2.586364 -1.930000
vt 2.586364 -2.070000
vt 1.686364 -2.070000
vt 1.686364 -1.930000
vt 4.337727 -1.900000
vt 4.337727 -2.100000
vt 4.207727 -2.100000
vt 4.207727 -1.900000
vt 6.474091 -1.900000
vt 6.474091 -2.100000
vt 6.344091 -2.100000
vt 6.344091 -1.900000
vt 6.859091 -1.930000
vt 6.859091 -2.070000
vt 5.959091 -2.070000
vt 5.959091 -1.930000
vt 8.610455 -1.900000
vt 8.610455 -2.100000
vt 8.480455 -2.100000
vt 8.480455 -1.900000
vt 10.746818 -1.900000
vt 10.746818 -2.100000
vt 10.616818 -2.100000
vt 10.616818 -1.900000
vt 11.131818 -1.930000
vt 11.131818 -2.070000
vt 10.231818 -2.070000
vt 10.231818 -1.930000
vt -11.350000 -1.820000
vt -11.350000 -2.180000
vt -11.750000 -2.180000
vt -11.750000 -1.820000
vt -2.180000 6.080000
vt -2.180000 7.120000
vt -1.820000 7.120000
vt -1.820000 6.080000
vt 11.750000 -1.820000
vt 11.750000 -2.180000
vt 11.350000 -2.180000
vt 11.350000 -1.820000
vt 11.750000 2.150000
vt 11.750000 1.850000
vt -11.750000 1.850000
vt -11.750000 2.150000
vt 1.850000 6.780000
vt 1.850000 7.000000
vt 2.150000 7.000000
vt 2.150000 6.780000
vt 1.850000 6.200000
vt 1.850000 6.420000
vt 2.150000 6.420000
vt 2.150000 6.200000
vt -10.616818 2.100000
vt -10.616818 1.900000
vt -10.746818 1.900000
vt -10.746818 2.100000
vt 1.900000 6.200000
vt 1.900000 7.000000
vt 2.100000 7.000000
vt 2.100000 6.200000
vt -10.231818 2.070000
vt -10.231818 1.930000
vt -11.131818 1.930000
vt -11.131818 2.070000
vt 1.930000 6.450000
vt 1.930000 6.550000
vt 2.070000 6.550000
vt 2.070000 6.450000
vt -8.480455 2.100000
vt -8.480455 1.900000
vt -8.610455 1.900000
vt -8.610455 2.100000
vt -6.344091 2.100000
vt -6.344091 1.900000
vt -6.474091 1.900000
vt -6.474091 2.100000
vt -5.959091 2.070000
vt -5.959091 1.930000
vt -6.859091 1.930000
vt -6.859091 2.070000
vt -4.207727 2.100000
vt -4.207727 1.900000
vt -4.337727 1.900000
vt -4.337727 2.100000
vt -2.071364 2.100000
vt -2.071364 1.900000
vt -2.201364 1.900000
vt -2.201364 2.100000
vt -1.686364 2.070000
vt -1.686364 1.930000
vt -2.586364 1.930000
vt -2.586364 2.070000
vt 0.065000 2.100000
vt 0.065000 1.900000
vt -0.065000 1.900000
vt -0.065000 2.100000
vt 2.201364 2.100000
vt 2.201364 1.900000
vt 2.071364 1.900000
vt 2.071364 2.100000
vt 2.586364 2.070000
vt 2.586364 1.930000
vt 1.686364 1.930000
vt 1.686364 2.070000
vt 4.337727 2.100000
vt 4.337727 1.900000
vt 4.207727 1.900000
vt 4.207727 2.100000
vt 6.474091 2.100000
vt 6.474091 1.900000
vt 6.344091 1.900000
vt 6.344091 2.100000
vt 6.859091 2.070000
vt 6.859091 1.930000
vt 5.959091 1.930000
vt 5.959091 2.070000
vt 8.610455 2.100000
vt 8.610455 1.900000
vt 8.480455 1.900000
vt 8.480455 2.100000
vt 10.746818 2.100000
vt 10.746818 1.900000
vt 10.616818 1.900000
vt 10.616818 2.100000
vt 11.131818 2.070000
vt 11.131818 1.930000
vt 10.231818 1.930000
vt 10.231818 2.070000
vt -11.350000 2.180000
vt -11.350000 1.820000
vt -11.750000 1.820000
vt -11.750000 2.180000
vt 1.820000 6.080000
vt 1.820000 7.120000
vt 2.180000 7.120000
vt 2.180000 6.080000
vt 11.750000 2.180000
vt 11.750000 1.820000
vt 11.350000 1.820000
vt 11.350000 2.180000
vt 11.750000 6.150000
vt 11.750000 5.850000
vt -11.750000 5.850000
vt -11.750000 6.150000
vt 5.850000 6.780000
vt 5.850000 7.000000
vt 6.150000 7.000000
vt 6.150000 6.780000
vt 5.850000 6.200000
vt 5.850000 6.420000
vt 6.150000 6.420000
vt 6.150000 6.200000
vt -10.616818 6.100000
vt -10.616818 5.900000
vt -10.746818 5.900000
vt -10.746818 6.100000
vt 5.900000 6.200000
vt 5.900000 7.000000
vt 6.100000 7.000000
vt 6.100000 6.200000
vt -10.231818 6.070000
vt -10.231818 5.930000
vt -11.131818 5.930000
vt -11.131818 6.070000
vt 5.930000 6.450000
vt 5.930000 6.550000
vt 6.070000 6.550000
vt 6.070000 6.450000
vt -8.480455 6.100000
vt -8.480455 5.900000
vt -8.610455 5.900000
vt -8.610455 6.100000
vt -6.344091 6.100000
vt -6.344091 5.900000
vt -6.474091 5.900000
vt -6.474091 6.100000
vt -5.959091 6.070000
vt -5.959091 5.930000
vt -6.859091 5.930000
vt -6.859091 6.070000
vt -4.207727 6.100000
vt -4.207727 5.900000
vt -4.337727 5.900000
vt -4.337727 6.100000
vt -2.071364 6.100000
vt -2.071364 5.900000
vt -2.201364 5.900000
vt -2.201364 6.100000
vt -1.686364 6.070000
vt -1.686364 5.930000
vt -2.586364 5.930000
vt -2.586364 6.070000
vt 0.065000 6.100000
vt 0.065000 5.900000
vt -0.065000 5.900000
vt -0.065000 6.100000
vt 2.201364 6.100000
vt 2.201364 5.900000
vt 2.071364 5.900000
vt 2.071364 6.100000
vt 2.586364 6.070000
vt 2.586364 5.930000
vt 1.686364 5.930000
vt 1.686364 6.070000
vt 4.337727 6.100000
vt 4.337727 5.900000
vt 4.207727 5.900000
vt 4.207727 6.100000
vt 6.474091 6.100000
vt 6.474091 5.900000
vt 6.344091 5.900000
vt 6.344091 6.100000
vt 6.859091 6.070000
vt 6.859091 5.930000
vt 5.959091 5.930000
vt 5.959091 6.070000
vt 8.610455 6.100000
vt 8.610455 5.900000
vt 8.480455 5.900000
vt 8.480455 6.100000
vt 10.746818 6.100000
vt 10.746818 5.900000
vt 10.616818 5.900000
vt 10.616818 6.100000
vt 11.131818 6.070000
vt 11.131818 5.930000
vt 10.231818 5.930000
vt 10.231818 6.070000
vt -11.350000 6.180000
vt -11.350000 5.820000
vt -11.750000 5.820000
vt -11.750000 6.180000
vt 5.820000 6.080000
vt 5.820000 7.120000
vt 6.180000 7.120000
vt 6.180000 6.080000
vt 11.750000 6.180000
vt 11.750000 5.820000
vt 11.350000 5.820000
vt 11.350000 6.180000
vt 11.750000 10.150000
vt 11.750000 9.850000
vt -11.750000 9.850000
vt -11.750000 10.150000
vt 9.850000 6.780000
vt 9.850000 7.000000
vt 10.150000 7.000000
vt 10.150000 6.780000
vt 9.850000 6.200000
vt 9.850000 6.420000
vt 10.150000 6.420000
vt 10.150000 6.200000
vt -10.616818 10.100000
vt -10.616818 9.900000
vt -10.746818 9.900000
vt -10.746818 10.100000
vt 9.900000 6.200000
vt 9.900000 7.000000
vt 10.100000 7.000000
vt 10.100000 6.200000
vt -10.231818 10.070000
vt -10.231818 9.930000
vt -11.131818 9.930000
vt -11.131818 10.070000
vt 9.930000 6.450000
vt 9.930000 6.550000
vt 10.070000 6.550000
vt 10.070000 6.450000
vt -8.480455 10.100000
vt -8.480455 9.900000
vt -8.610455 9.900000
vt -8.610455 10.100000
vt -6.344091 10.100000
vt -6.344091 9.900000
vt -6.474091 9.900000
vt -6.474091 10.100000
vt -5.959091 10.070000
vt -5.959091 9.930000
vt -6.859091 9.930000
vt -6.859091 10.070000
vt -4.207727 10.100000
vt -4.207727 9.900000
vt -4.337727 9.900000
vt -4.337727 10.100000
vt -2.071364 10.100000
vt -2.071364 9.900000
vt -2.201364 9.900000
vt -2.201364 10.100000
vt -1.686364 10.070000
vt -1.686364 9.930000
vt -2.586364 9.930000
vt -2.586364 10.070000
vt 0.065000 10.100000
vt 0.065000 9.900000
vt -0.065000 9.900000
vt -0.065000 10.100000
vt 2.201364 10.100000
vt 2.201364 9.900000
vt 2.071364 9.900000
vt 2.071364 10.100000
vt 2.586364 10.070000
vt 2.586364 9.930000
vt 1.686364 9.930000
vt 1.686364 10.070000
vt 4.337727 10.100000
vt 4.337727 9.900000
vt 4.207727 9.900000
vt 4.207727 10.100000
vt 6.474091 10.100000
vt 6.474091 9.900000
vt 6.344091 9.900000
vt 6.344091 10.100000
vt 6.859091 10.070000
vt 6.859091 9.930000
vt 5.959091 9.930000
vt 5.959091 10.070000
vt 8.610455 10.100000
vt 8.610455 9.900000
vt 8.480455 9.900000
vt 8.480455 10.100000
vt 10.746818 10.100000
vt 10.746818 9.900000
vt 10.616818 9.900000
vt 10.616818 10.100000
vt 11.131818 10.070000
vt 11.131818 9.930000
vt 10.231818 9.930000
vt 10.231818 10.070000
vt -11.350000 10.180000
vt -11.350000 9.820000
vt -11.750000 9.820000
vt -11.750000 10.180000
vt 9.820000 6.080000
vt 9.820000 7.120000
vt 10.180000 7.120000
vt 10.180000 6.080000
vt 11.750000 10.180000
vt 11.750000 9.820000
vt 11.350000 9.820000
vt 11.350000 10.180000
vt -7.880000 11.750000
vt -7.880000 -7.750000
vt -8.120000 -7.750000
vt -8.120000 11.750000
vt -7.880000 6.420000
vt -7.880000 6.660000
vt -8.120000 6.660000
vt -8.120000 6.420000
vt -7.750000 6.420000
vt -7.750000 6.660000
vt 11.750000 6.660000
vt 8.120000 11.750000
vt 8.120000 -7.750000
vt 7.880000 -7.750000
vt 7.880000 11.750000
vt 8.120000 6.420000
vt 8.120000 6.660000
vt 7.880000 6.660000
vt 7.880000 6.420000
vt 0.150000 11.750000
vt 0.150000 -7.750000
vt -0.150000 -7.750000
vt -0.150000 11.750000
vt 0.150000 6.860000
vt 0.150000 7.020000
vt -0.150000 7.020000
vt -0.150000 6.860000
vt -7.750000 6.860000
vt -7.750000 7.020000
vt 11.750000 7.020000
vt 11.750000 6.860000
vn 0.000000 -1.000000 0.000000
vn 0.707107 -0.707107 0.000000
vn 1.000000 0.000000 0.000000
vn 0.707107 0.707107 0.000000
vn 0.000000 1.000000 0.000000
vn -0.707107 0.707107 0.000000
vn -1.000000 0.000000 0.000000
vn -0.707107 -0.707107 0.000000
vn 0.000000 0.000000 1.000000
vn 0.000000 0.000000 -1.000000
vn 0.866025 0.500000 0.000000
vn -0.866025 0.500000 0.000000
vn -0.866025 -0.500000 0.000000
vn 0.866025 -0.500000 0.000000
g support_pylons
f 1/1/1 2/2/1 3/3/1 4/4/1
f 2/5/2 5/6/2 6/7/2 3/8/2
f 5/6/3 7/9/3 8/10/3 6/7/3
f 7/9/4 9/11/4 10/12/4 8/10/4
f 9/2/5 11/1/5 12/4/5 10/3/5
f 11/11/6 13/9/6 14/10/6 12/12/6
f 13/9/7 15/6/7 16/7/7 14/10/7
f 15/6/8 1/5/8 4/8/8 16/7/8
f 4/13/9 3/14/9 6/15/9 8/16/9 10/17/9 12/18/9 14/19/9 16/20/9
f 15/20/10 13/19/10 11/18/10 9/17/10 7/16/10 5/15/10 2/14/10 1/13/10
f 17/21/1 18/22/1 19/23/1 20/24/1
f 18/25/2 21/26/2 22/27/2 19/28/2
f 21/26/3 23/29/3 24/30/3 22/27/3
f 23/29/4 25/31/4 26/32/4 24/30/4
f 25/22/5 27/21/5 28/24/5 26/23/5
f 27/31/6 29/29/6 30/30/6 28/32/6
f 29/29/7 31/26/7 32/27/7 30/30/7
f 31/26/8 17/25/8 20/28/8 32/27/8
f 20/33/9 19/34/9 22/35/9 24/36/9 26/37/9 28/38/9 30/39/9 32/40/9
f 31/40/10 29/39/10 27/38/10 25/37/10 23/36/10 21/35/10 18/34/10 17/33/10
f 33/41/1 34/42/1 35/43/1 36/44/1
f 34/42/2 37/45/2 38/46/2 35/43/2
f 37/47/3 39/48/3 40/49/3 38/50/3
f 39/45/4 41/42/4 42/43/4 40/46/4
f 41/42/5 43/41/5 44/44/5 42/43/5
f 43/51/6 45/48/6 46/49/6 44/52/6
f 45/48/7 47/47/7 48/50/7 46/49/7
f 47/47/8 33/53/8 36/54/8 48/50/8
f 36/55/9 35/56/9 38/57/9 40/58/9 42/59/9 44/60/9 46/61/9 48/62/9
f 47/62/10 45/61/10 43/60/10 41/59/10 39/58/10 37/57/10 34/56/10 33/55/10
f 49/63/1 50/64/1 51/65/1 52/66/1
f 50/67/2 53/68/2 54/69/2 51/70/2
f 53/68/3 55/71/3 56/72/3 54/69/3
f 55/71/4 57/73/4 58/74/4 56/72/4
f 57/64/5 59/63/5 60/66/5 58/65/5
f 59/63/6 61/75/6 62/76/6 60/66/6
f 61/71/7 63/68/7 64/69/7 62/72/7
f 63/75/8 49/63/8 52/66/8 64/76/8
f 52/77/9 51/78/9 54/79/9 56/80/9 58/81/9 60/82/9 62/83/9 64/84/9
f 63/84/10 61/83/10 59/82/10 57/81/10 55/80/10 53/79/10 50/78/10 49/77/10
f 65/85/10 66/86/10 67/87/10 68/88/10
f 69/86/9 70/85/9 71/88/9 72/87/9
f 66/89/1 69/90/1 72/91/1 67/92/1
f 68/92/5 71/91/5 70/90/5 65/89/5
f 67/93/7 72/94/7 71/95/7 68/96/7
f 65/96/3 70/95/3 69/94/3 66/93/3
f 73/97/10 74/98/10 75/99/10 76/100/10
f 77/98/9 78/97/9 79/100/9 80/99/9
f 74/89/1 77/90/1 80/101/1 75/102/1
f 76/102/5 79/101/5 78/90/5 73/89/5
f 75/103/7 80/104/7 79/105/7 76/106/7
f 73/106/3 78/105/3 77/104/3 74/103/3
f 81/107/10 82/108/10 83/109/10 84/110/10
f 85/108/9 86/107/9 87/110/9 88/109/9
f 82/111/1 85/112/1 88/113/1 83/114/1
f 84/114/5 87/113/5 86/112/5 81/111/5
f 83/115/7 88/116/7 87/117/7 84/118/7
f 81/118/3 86/117/3 85/116/3 82/115/3
f 89/97/10 90/98/10 91/99/10 92/100/10
f 93/98/9 94/97/9 95/100/9 96/99/9
f 90/111/1 93/112/1 96/119/1 91/120/1
f 92/120/5 95/119/5 94/112/5 89/111/5
f 91/121/7 96/122/7 95/123/7 92/124/7
f 89/124/3 94/123/3 93/122/3 90/121/3
f 97/125/10 98/126/10 99/127/10 100/128/10
f 101/126/9 102/125/9 103/128/9 104/127/9
f 98/129/1 101/130/1 104/131/1 99/132/1
f 100/132/5 103/131/5 102/130/5 97/129/5
f 99/133/7 104/134/7 103/135/7 100/136/7
f 97/136/3 102/135/3 101/134/3 98/133/3
f 105/97/10 106/98/10 107/99/10 108/100/10
f 109/98/9 110/97/9 111/100/9 112/99/9
f 106/129/1 109/130/1 112/137/1 107/138/1
f 108/138/5 111/137/5 110/130/5 105/129/5
f 107/139/7 112/140/7 111/141/7 108/142/7
f 105/142/3 110/141/3 109/140/3 106/139/3
f 113/143/10 114/144/10 115/145/10 116/146/10
f 117/144/9 118/143/9 119/146/9 120/145/9
f 114/147/1 117/148/1 120/149/1 115/150/1
f 116/150/5 119/149/5 118/148/5 113/147/5
f 115/151/7 120/152/7 119/153/7 116/154/7
f 113/154/3 118/153/3 117/152/3 114/151/3
f 121/155/10 122/156/10 123/157/10 124/158/10
f 125/156/9 126/155/9 127/158/9 128/157/9
f 122/147/1 125/148/1 128/149/1 123/150/1
f 124/150/5 127/149/5 126/148/5 121/147/5
f 123/159/7 128/160/7 127/161/7 124/162/7
f 121/162/3 126/161/3 125/160/3 122/159/3
f 129/163/1 130/164/1 131/165/1 132/166/1
f 130/167/2 133/168/2 134/169/2 131/170/2
f 133/168/3 135/171/3 136/172/3 134/169/3
f 135/171/4 137/173/4 138/174/4 136/172/4
f 137/164/5 139/163/5 140/166/5 138/165/5
f 139/163/6 141/175/6 142/176/6 140/166/6
f 141/171/7 143/168/7 144/169/7 142/172/7
f 143/175/8 129/163/8 132/166/8 144/176/8
f 132/177/9 131/178/9 134/179/9 136/180/9 138/181/9 140/182/9 142/183/9 144/184/9
f 143/184/10 141/183/10 139/182/10 137/181/10 135/180/10 133/179/10 130/178/10 129/177/10
f 145/185/11 146/186/11 147/187/11 148/188/11
f 146/189/5 149/190/5 150/191/5 147/192/5
f 149/186/12 151/185/12 152/188/12 150/187/12
f 151/185/13 153/193/13 154/194/13 152/188/13
f 153/190/1 155/189/1 156/192/1 154/191/1
f 155/193/14 145/185/14 148/188/14 156/194/14
f 148/195/9 147/196/9 150/197/9 152/198/9 154/199/9 156/200/9
f 157/201/11 158/202/11 159/203/11 160/204/11
f 158/189/5 161/190/5 162/191/5 159/192/5
f 161/202/12 163/201/12 164/204/12 162/203/12
f 163/201/13 165/205/13 166/206/13 164/204/13
f 165/190/1 167/189/1 168/192/1 166/191/1
f 167/205/14 157/201/14 160/204/14 168/206/14
f 160/207/9 159/208/9 162/209/9 164/210/9 166/211/9 168/212/9
f 169/213/1 170/214/1 171/215/1 172/216/1
f 170/5/2 173/6/2 174/7/2 171/8/2
f 173/6/3 175/9/3 176/10/3 174/7/3
f 175/9/4 177/11/4 178/12/4 176/10/4
f 177/214/5 179/213/5 180/216/5 178/215/5
f 179/11/6 181/9/6 182/10/6 180/12/6
f 181/9/7 183/6/7 184/7/7 182/10/7
f 183/6/8 169/5/8 172/8/8 184/7/8
f 172/217/9 171/218/9 174/219/9 176/220/9 178/221/9 180/222/9 182/223/9 184/224/9
f 183/224/10 181/223/10 179/222/10 177/221/10 175/220/10 173/219/10 170/218/10 169/217/10
f 185/225/1 186/226/1 187/227/1 188/228/1
f 186/25/2 189/26/2 190/27/2 187/28/2
f 189/26/3 191/29/3 192/30/3 190/27/3
f 191/29/4 193/31/4 194/32/4 192/30/4
f 193/226/5 195/225/5 196/228/5 194/227/5
f 195/31/6 197/29/6 198/30/6 196/32/6
f 197/29/7 199/26/7 200/27/7 198/30/7
f 199/26/8 185/25/8 188/28/8 200/27/8
f 188/229/9 187/230/9 190/231/9 192/232/9 194/233/9 196/234/9 198/235/9 200/236/9
f 199/236/10 197/235/10 195/234/10 193/233/10 191/232/10 189/231/10 186/230/10 185/229/10
f 201/237/1 202/238/1 203/239/1 204/240/1
f 202/53/2 205/47/2 206/50/2 203/54/2
f 205/47/3 207/48/3 208/49/3 206/50/3
f 207/48/4 209/51/4 210/52/4 208/49/4
f 209/238/5 211/237/5 212/240/5 210/239/5
f 211/237/6 213/241/6 214/242/6 212/240/6
f 213/48/7 215/47/7 216/50/7 214/49/7
f 215/241/8 201/237/8 204/240/8 216/242/8
f 204/243/9 203/244/9 206/245/9 208/246/9 210/247/9 212/248/9 214/249/9 216/250/9
f 215/250/10 213/249/10 211/248/10 209/247/10 207/246/10 205/245/10 202/244/10 201/243/10
f 217/251/1 218/252/1 219/253/1 220/254/1
f 218/252/2 221/255/2 222/256/2 219/253/2
f 221/68/3 223/71/3 224/72/3 222/69/3
f 223/255/4 225/252/4 226/253/4 224/256/4
f 225/252/5 227/251/5 228/254/5 226/253/5
f 227/73/6 229/71/6 230/72/6 228/74/6
f 229/71/7 231/68/7 232/69/7 230/72/7
f 231/68/8 217/67/8 220/70/8 232/69/8
f 220/257/9 219/258/9 222/259/9 224/260/9 226/261/9 228/262/9 230/263/9 232/264/9
f 231/264/10 229/263/10 227/262/10 225/261/10 223/260/10 221/259/10 218/258/10 217/257/10
f 233/265/10 234/266/10 235/267/10 236/268/10
f 237/266/9 238/265/9 239/268/9 240/267/9
f 234/269/1 237/270/1 240/271/1 235/272/1
f 236/272/5 239/271/5 238/270/5 233/269/5
f 235/93/7 240/94/7 239/95/7 236/96/7
f 233/96/3 238/95/3 237/94/3 234/93/3
f 241/273/10 242/274/10 243/275/10 244/276/10
f 245/274/9 246/273/9 247/276/9 248/275/9
f 242/277/1 245/278/1 248/271/1 243/272/1
f 244/272/5 247/271/5 246/278/5 241/277/5
f 243/103/7 248/104/7 247/105/7 244/106/7
f 241/106/3 246/105/3 245/104/3 242/103/3
f 249/279/10 250/280/10 251/281/10 252/282/10
f 253/280/9 254/279/9 255/282/9 256/281/9
f 250/283/1 253/284/1 256/285/1 251/286/1
f 252/286/5 255/285/5 254/284/5 249/283/5
f 251/115/7 256/116/7 255/117/7 252/118/7
f 249/118/3 254/117/3 253/116/3 250/115/3
f 257/273/10 258/274/10 259/275/10 260/276/10
f 261/274/9 262/273/9 263/276/9 264/275/9
f 258/287/1 261/288/1 264/285/1 259/286/1
f 260/286/5 263/285/5 262/288/5 257/287/5
f 259/121/7 264/122/7 263/123/7 260/124/7
f 257/124/3 262/123/3 261/122/3 258/121/3
f 265/289/10 266/290/10 267/291/10 268/292/10
f 269/290/9 270/289/9 271/292/9 272/291/9
f 266/293/1 269/294/1 272/295/1 267/296/1
f 268/296/5 271/295/5 270/294/5 265/293/5
f 267/133/7 272/134/7 271/135/7 268/136/7
f 265/136/3 270/135/3 269/134/3 266/133/3
f 273/273/10 274/274/10 275/275/10 276/276/10
f 277/274/9 278/273/9 279/276/9 280/275/9
f 274/297/1 277/298/1 280/295/1 275/296/1
f 276/296/5 279/295/5 278/298/5 273/297/5
f 275/139/7 280/140/7 279/141/7 276/142/7
f 273/142/3 278/141/3 277/140/3 274/139/3
f 281/299/10 282/300/10 283/301/10 284/302/10
f 285/300/9 286/299/9 287/302/9 288/301/9
f 282/303/1 285/304/1 288/305/1 283/306/1
f 284/306/5 287/305/5 286/304/5 281/303/5
f 283/151/7 288/152/7 287/153/7 284/154/7
f 281/154/3 286/153/3 285/152/3 282/151/3
f 289/307/10 290/308/10 291/309/10 292/310/10
f 293/308/9 294/307/9 295/310/9 296/309/9
f 290/303/1 293/304/1 296/305/1 291/306/1
f 292/306/5 295/305/5 294/304/5 289/303/5
f 291/159/7 296/160/7 295/161/7 292/162/7
f 289/162/3 294/161/3 293/160/3 290/159/3
f 297/311/1 298/312/1 299/313/1 300/314/1
f 298/312/2 301/315/2 302/316/2 299/313/2
f 301/168/3 303/171/3 304/172/3 302/169/3
f 303/315/4 305/312/4 306/313/4 304/316/4
f 305/312/5 307/311/5 308/314/5 306/313/5
f 307/173/6 309/171/6 310/172/6 308/174/6
f 309/171/7 311/168/7 312/169/7 310/172/7
f 311/168/8 297/167/8 300/170/8 312/169/8
f 300/317/9 299/318/9 302/319/9 304/320/9 306/321/9 308/322/9 310/323/9 312/324/9
f 311/324/10 309/323/10 307/322/10 305/321/10 303/320/10 301/319/10 298/318/10 297/317/10
f 313/185/11 314/186/11 315/187/11 316/188/11
f 314/325/5 317/326/5 318/327/5 315/328/5
f 317/186/12 319/185/12 320/188/12 318/187/12
f 319/185/13 321/193/13 322/194/13 320/188/13
f 321/326/1 323/325/1 324/328/1 322/327/1
f 323/193/14 313/185/14 316/188/14 324/194/14
f 316/329/9 315/330/9 318/331/9 320/332/9 322/333/9 324/334/9
f 325/201/11 326/202/11 327/203/11 328/204/11
f 326/325/5 329/326/5 330/327/5 327/328/5
f 329/202/12 331/201/12 332/204/12 330/203/12
f 331/201/13 333/205/13 334/206/13 332/204/13
f 333/326/1 335/325/1 336/328/1 334/327/1
f 335/205/14 325/201/14 328/204/14 336/206/14
f 328/335/9 327/336/9 330/337/9 332/338/9 334/339/9 336/340/9
f 337/1/1 338/2/1 339/3/1 340/4/1
f 338/341/2 341/342/2 342/343/2 339/344/2
f 341/342/3 343/345/3 344/346/3 342/343/3
f 343/345/4 345/347/4 346/348/4 344/346/4
f 345/2/5 347/1/5 348/4/5 346/3/5
f 347/347/6 349/345/6 350/346/6 348/348/6
f 349/345/7 351/342/7 352/343/7 350/346/7
f 351/342/8 337/341/8 340/344/8 352/343/8
f 340/349/9 339/350/9 342/351/9 344/352/9 346/353/9 348/354/9 350/355/9 352/356/9
f 351/356/10 349/355/10 347/354/10 345/353/10 343/352/10 341/351/10 338/350/10 337/349/10
f 353/21/1 354/22/1 355/23/1 356/24/1
f 354/357/2 357/358/2 358/359/2 355/360/2
f 357/358/3 359/361/3 360/362/3 358/359/3
f 359/361/4 361/363/4 362/364/4 360/362/4
f 361/22/5 363/21/5 364/24/5 362/23/5
f 363/363/6 365/361/6 366/362/6 364/364/6
f 365/361/7 367/358/7 368/359/7 366/362/7
f 367/358/8 353/357/8 356/360/8 368/359/8
f 356/365/9 355/366/9 358/367/9 360/368/9 362/369/9 364/370/9 366/371/9 368/372/9
f 367/372/10 365/371/10 363/370/10 361/369/10 359/368/10 357/367/10 354/366/10 353/365/10
f 369/41/1 370/42/1 371/43/1 372/44/1
f 370/42/2 373/45/2 374/46/2 371/43/2
f 373/373/3 375/374/3 376/375/3 374/376/3
f 375/45/4 377/42/4 378/43/4 376/46/4
f 377/42/5 379/41/5 380/44/5 378/43/5
f 379/377/6 381/374/6 382/375/6 380/378/6
f 381/374/7 383/373/7 384/376/7 382/375/7
f 383/373/8 369/379/8 372/380/8 384/376/8
f 372/381/9 371/382/9 374/383/9 376/384/9 378/385/9 380/386/9 382/387/9 384/388/9
f 383/388/10 381/387/10 379/386/10 377/385/10 375/384/10 373/383/10 370/382/10 369/381/10
f 385/63/1 386/64/1 387/65/1 388/66/1
f 386/389/2 389/390/2 390/391/2 387/392/2
f 389/390/3 391/393/3 392/394/3 390/391/3
f 391/393/4 393/395/4 394/396/4 392/394/4
f 393/64/5 395/63/5 396/66/5 394/65/5
f 395/63/6 397/75/6 398/76/6 396/66/6
f 397/393/7 399/390/7 400/391/7 398/394/7
f 399/75/8 385/63/8 388/66/8 400/76/8
f 388/397/9 387/398/9 390/399/9 392/400/9 394/401/9 396/402/9 398/403/9 400/404/9
f 399/404/10 397/403/10 395/402/10 393/401/10 391/400/10 389/399/10 386/398/10 385/397/10
f 401/405/10 402/406/10 403/407/10 404/408/10
f 405/406/9 406/405/9 407/408/9 408/407/9
f 402/89/1 405/90/1 408/91/1 403/92/1
f 404/92/5 407/91/5 406/90/5 401/89/5
f 403/409/7 408/410/7 407/411/7 404/412/7
f 401/412/3 406/411/3 405/410/3 402/409/3
f 409/413/10 410/414/10 411/415/10 412/416/10
f 413/414/9 414/413/9 415/416/9 416/415/9
f 410/89/1 413/90/1 416/101/1 411/102/1
f 412/102/5 415/101/5 414/90/5 409/89/5
f 411/417/7 416/418/7 415/419/7 412/420/7
f 409/420/3 414/419/3 413/418/3 410/417/3
f 417/421/10 418/422/10 419/423/10 420/424/10
f 421/422/9 422/421/9 423/424/9 424/423/9
f 418/111/1 421/112/1 424/113/1 419/114/1
f 420/114/5 423/113/5 422/112/5 417/111/5
f 419/425/7 424/426/7 423/427/7 420/428/7
f 417/428/3 422/427/3 421/426/3 418/425/3
f 425/413/10 426/414/10 427/415/10 428/416/10
f 429/414/9 430/413/9 431/416/9 432/415/9
f 426/111/1 429/112/1 432/119/1 427/120/1
f 428/120/5 431/119/5 430/112/5 425/111/5
f 427/429/7 432/430/7 431/431/7 428/432/7
f 425/432/3 430/431/3 429/430/3 426/429/3
f 433/433/10 434/434/10 435/435/10 436/436/10
f 437/434/9 438/433/9 439/436/9 440/435/9
f 434/129/1 437/130/1 440/131/1 435/132/1
f 436/132/5 439/131/5 438/130/5 433/129/5
f 435/437/7 440/438/7 439/439/7 436/440/7
f 433/440/3 438/439/3 437/438/3 434/437/3
f 441/413/10 442/414/10 443/415/10 444/416/10
f 445/414/9 446/413/9 447/416/9 448/415/9
f 442/129/1 445/130/1 448/137/1 443/138/1
f 444/138/5 447/137/5 446/130/5 441/129/5
f 443/441/7 448/442/7 447/443/7 444/444/7
f 441/444/3 446/443/3 445/442/3 442/441/3
f 449/445/10 450/446/10 451/447/10 452/448/10
f 453/446/9 454/445/9 455/448/9 456/447/9
f 450/147/1 453/148/1 456/149/1 451/150/1
f 452/150/5 455/149/5 454/148/5 449/147/5
f 451/449/7 456/450/7 455/451/7 452/452/7
f 449/452/3 454/451/3 453/450/3 450/449/3
f 457/453/10 458/454/10 459/455/10 460/456/10
f 461/454/9 462/453/9 463/456/9 464/455/9
f 458/147/1 461/148/1 464/149/1 459/150/1
f 460/150/5 463/149/5 462/148/5 457/147/5
f 459/457/7 464/458/7 463/459/7 460/460/7
f 457/460/3 462/459/3 461/458/3 458/457/3
f 465/163/1 466/164/1 467/165/1 468/166/1
f 466/461/2 469/462/2 470/463/2 467/464/2
f 469/462/3 471/465/3 472/466/3 470/463/3
f 471/465/4 473/467/4 474/468/4 472/466/4
f 473/164/5 475/163/5 476/166/5 474/165/5
f 475/163/6 477/175/6 478/176/6 476/166/6
f 477/465/7 479/462/7 480/463/7 478/466/7
f 479/175/8 465/163/8 468/166/8 480/176/8
f 468/469/9 467/470/9 470/471/9 472/472/9 474/473/9 476/474/9 478/475/9 480/476/9
f 479/476/10 477/475/10 475/474/10 473/473/10 471/472/10 469/471/10 466/470/10 465/469/10
f 481/477/11 482/478/11 483/479/11 484/480/11
f 482/189/5 485/190/5 486/191/5 483/192/5
f 485/478/12 487/477/12 488/480/12 486/479/12
f 487/477/13 489/481/13 490/482/13 488/480/13
f 489/190/1 491/189/1 492/192/1 490/191/1
f 491/481/14 481/477/14 484/480/14 492/482/14
f 484/483/9 483/484/9 486/485/9 488/486/9 490/487/9 492/488/9
f 493/489/11 494/490/11 495/491/11 496/492/11
f 494/189/5 497/190/5 498/191/5 495/192/5
f 497/490/12 499/489/12 500/492/12 498/491/12
f 499/489/13 501/493/13 502/494/13 500/492/13
f 501/190/1 503/189/1 504/192/1 502/191/1
f 503/493/14 493/489/14 496/492/14 504/494/14
f 496/495/9 495/496/9 498/497/9 500/498/9 502/499/9 504/500/9
f 505/213/1 506/214/1 507/215/1 508/216/1
f 506/341/2 509/342/2 510/343/2 507/344/2
f 509/342/3 511/345/3 512/346/3 510/343/3
f 511/345/4 513/347/4 514/348/4 512/346/4
f 513/214/5 515/213/5 516/216/5 514/215/5
f 515/347/6 517/345/6 518/346/6 516/348/6
f 517/345/7 519/342/7 520/343/7 518/346/7
f 519/342/8 505/341/8 508/344/8 520/343/8
f 508/501/9 507/502/9 510/503/9 512/504/9 514/505/9 516/506/9 518/507/9 520/508/9
f 519/508/10 517/507/10 515/506/10 513/505/10 511/504/10 509/503/10 506/502/10 505/501/10
f 521/225/1 522/226/1 523/227/1 524/228/1
f 522/357/2 525/358/2 526/359/2 523/360/2
f 525/358/3 527/361/3 528/362/3 526/359/3
f 527/361/4 529/363/4 530/364/4 528/362/4
f 529/226/5 531/225/5 532/228/5 530/227/5
f 531/363/6 533/361/6 534/362/6 532/364/6
f 533/361/7 535/358/7 536/359/7 534/362/7
f 535/358/8 521/357/8 524/360/8 536/359/8
f 524/509/9 523/510/9 526/511/9 528/512/9 530/513/9 532/514/9 534/515/9 536/516/9
f 535/516/10 533/515/10 531/514/10 529/513/10 527/512/10 525/511/10 522/510/10 521/509/10
f 537/237/1 538/238/1 539/239/1 540/240/1
f 538/379/2 541/373/2 542/376/2 539/380/2
f 541/373/3 543/374/3 544/375/3 542/376/3
f 543/374/4 545/377/4 546/378/4 544/375/4
f 545/238/5 547/237/5 548/240/5 546/239/5
f 547/237/6 549/241/6 550/242/6 548/240/6
f 549/374/7 551/373/7 552/376/7 550/375/7
f 551/241/8 537/237/8 540/240/8 552/242/8
f 540/517/9 539/518/9 542/519/9 544/520/9 546/521/9 548/522/9 550/523/9 552/524/9
f 551/524/10 549/523/10 547/522/10 545/521/10 543/520/10 541/519/10 538/518/10 537/517/10
f 553/251/1 554/252/1 555/253/1 556/254/1
f 554/252/2 557/255/2 558/256/2 555/253/2
f 557/390/3 559/393/3 560/394/3 558/391/3
f 559/255/4 561/252/4 562/253/4 560/256/4
f 561/252/5 563/251/5 564/254/5 562/253/5
f 563/395/6 565/393/6 566/394/6 564/396/6
f 565/393/7 567/390/7 568/391/7 566/394/7
f 567/390/8 553/389/8 556/392/8 568/391/8
f 556/525/9 555/526/9 558/527/9 560/528/9 562/529/9 564/530/9 566/531/9 568/532/9
f 567/532/10 565/531/10 563/530/10 561/529/10 559/528/10 557/527/10 554/526/10 553/525/10
f 569/533/10 570/534/10 571/535/10 572/536/10
f 573/534/9 574/533/9 575/536/9 576/535/9
f 570/269/1 573/270/1 576/271/1 571/272/1
f 572/272/5 575/271/5 574/270/5 569/269/5
f 571/409/7 576/410/7 575/411/7 572/412/7
f 569/412/3 574/411/3 573/410/3 570/409/3
f 577/537/10 578/538/10 579/539/10 580/540/10
f 581/538/9 582/537/9 583/540/9 584/539/9
f 578/277/1 581/278/1 584/271/1 579/272/1
f 580/272/5 583/271/5 582/278/5 577/277/5
f 579/417/7 584/418/7 583/419/7 580/420/7
f 577/420/3 582/419/3 581/418/3 578/417/3
f 585/541/10 586/542/10 587/543/10 588/544/10
f 589/542/9 590/541/9 591/544/9 592/543/9
f 586/283/1 589/284/1 592/285/1 587/286/1
f 588/286/5 591/285/5 590/284/5 585/283/5
f 587/425/7 592/426/7 591/427/7 588/428/7
f 585/428/3 590/427/3 589/426/3 586/425/3
f 593/537/10 594/538/10 595/539/10 596/540/10
f 597/538/9 598/537/9 599/540/9 600/539/9
f 594/287/1 597/288/1 600/285/1 595/286/1
f 596/286/5 599/285/5 598/288/5 593/287/5
f 595/429/7 600/430/7 599/431/7 596/432/7
f 593/432/3 598/431/3 597/430/3 594/429/3
f 601/545/10 602/546/10 603/547/10 604/548/10
f 605/546/9 606/545/9 607/548/9 608/547/9
f 602/293/1 605/294/1 608/295/1 603/296/1
f 604/296/5 607/295/5 606/294/5 601/293/5
f 603/437/7 608/438/7 607/439/7 604/440/7
f 601/440/3 606/439/3 605/438/3 602/437/3
f 609/537/10 610/538/10 611/539/10 612/540/10
f 613/538/9 614/537/9 615/540/9 616/539/9
f 610/297/1 613/298/1 616/295/1 611/296/1
f 612/296/5 615/295/5 614/298/5 609/297/5
f 611/441/7 616/442/7 615/443/7 612/444/7
f 609/444/3 614/443/3 613/442/3 610/441/3
f 617/549/10 618/550/10 619/551/10 620/552/10
f 621/550/9 622/549/9 623/552/9 624/551/9
f 618/303/1 621/304/1 624/305/1 619/306/1
f 620/306/5 623/305/5 622/304/5 617/303/5
f 619/449/7 624/450/7 623/451/7 620/452/7
f 617/452/3 622/451/3 621/450/3 618/449/3
f 625/553/10 626/554/10 627/555/10 628/556/10
f 629/554/9 630/553/9 631/556/9 632/555/9
f 626/303/1 629/304/1 632/305/1 627/306/1
f 628/306/5 631/305/5 630/304/5 625/303/5
f 627/457/7 632/458/7 631/459/7 628/460/7
f 625/460/3 630/459/3 629/458/3 626/457/3
f 633/311/1 634/312/1 635/313/1 636/314/1
f 634/312/2 637/315/2 638/316/2 635/313/2
f 637/462/3 639/465/3 640/466/3 638/463/3
f 639/315/4 641/312/4 642/313/4 640/316/4
f 641/312/5 643/311/5 644/314/5 642/313/5
f 643/467/6 645/465/6 646/466/6 644/468/6
f 645/465/7 647/462/7 648/463/7 646/466/7
f 647/462/8 633/461/8 636/464/8 648/463/8
f 636/557/9 635/558/9 638/559/9 640/560/9 642/561/9 644/562/9 646/563/9 648/564/9
f 647/564/10 645/563/10 643/562/10 641/561/10 639/560/10 637/559/10 634/558/10 633/557/10
f 649/477/11 650/478/11 651/479/11 652/480/11
f 650/325/5 653/326/5 654/327/5 651/328/5
f 653/478/12 655/477/12 656/480/12 654/479/12
f 655/477/13 657/481/13 658/482/13 656/480/13
f 657/326/1 659/325/1 660/328/1 658/327/1
f 659/481/14 649/477/14 652/480/14 660/482/14
f 652/565/9 651/566/9 654/567/9 656/568/9 658/569/9 660/570/9
f 661/489/11 662/490/11 663/491/11 664/492/11
f 662/325/5 665/326/5 666/327/5 663/328/5
f 665/490/12 667/489/12 668/492/12 666/491/12
f 667/489/13 669/493/13 670/494/13 668/492/13
f 669/326/1 671/325/1 672/328/1 670/327/1
f 671/493/14 661/489/14 664/492/14 672/494/14
f 664/571/9 663/572/9 666/573/9 668/574/9 670/575/9 672/576/9
f 673/1/1 674/2/1 675/3/1 676/4/1
f 674/577/2 677/578/2 678/579/2 675/580/2
f 677/578/3 679/581/3 680/582/3 678/579/3
f 679/581/4 681/583/4 682/584/4 680/582/4
f 681/2/5 683/1/5 684/4/5 682/3/5
f 683/583/6 685/581/6 686/582/6 684/584/6
f 685/581/7 687/578/7 688/579/7 686/582/7
f 687/578/8 673/577/8 676/580/8 688/579/8
f 676/585/9 675/586/9 678/587/9 680/588/9 682/589/9 684/590/9 686/591/9 688/592/9
f 687/592/10 685/591/10 683/590/10 681/589/10 679/588/10 677/587/10 674/586/10 673/585/10
f 689/21/1 690/22/1 691/23/1 692/24/1
f 690/593/2 693/594/2 694/595/2 691/596/2
f 693/594/3 695/597/3 696/598/3 694/595/3
f 695/597/4 697/599/4 698/600/4 696/598/4
f 697/22/5 699/21/5 700/24/5 698/23/5
f 699/599/6 701/597/6 702/598/6 700/600/6
f 701/597/7 703/594/7 704/595/7 702/598/7
f 703/594/8 689/593/8 692/596/8 704/595/8
f 692/601/9 691/602/9 694/603/9 696/604/9 698/605/9 700/606/9 702/607/9 704/608/9
f 703/608/10 701/607/10 699/606/10 697/605/10 695/604/10 693/603/10 690/602/10 689/601/10
f 705/41/1 706/42/1 707/43/1 708/44/1
f 706/42/2 709/45/2 710/46/2 707/43/2
f 709/609/3 711/610/3 712/611/3 710/612/3
f 711/45/4 713/42/4 714/43/4 712/46/4
f 713/42/5 715/41/5 716/44/5 714/43/5
f 715/613/6 717/610/6 718/611/6 716/614/6
f 717/610/7 719/609/7 720/612/7 718/611/7
f 719/609/8 705/615/8 708/616/8 720/612/8
f 708/617/9 707/618/9 710/619/9 712/620/9 714/621/9 716/622/9 718/623/9 720/624/9
f 719/624/10 717/623/10 715/622/10 713/621/10 711/620/10 709/619/10 706/618/10 705/617/10
f 721/63/1 722/64/1 723/65/1 724/66/1
f 722/625/2 725/626/2 726/627/2 723/628/2
f 725/626/3 727/629/3 728/630/3 726/627/3
f 727/629/4 729/631/4 730/632/4 728/630/4
f 729/64/5 731/63/5 732/66/5 730/65/5
f 731/63/6 733/75/6 734/76/6 732/66/6
f 733/629/7 735/626/7 736/627/7 734/630/7
f 735/75/8 721/63/8 724/66/8 736/76/8
f 724/633/9 723/634/9 726/635/9 728/636/9 730/637/9 732/638/9 734/639/9 736/640/9
f 735/640/10 733/639/10 731/638/10 729/637/10 727/636/10 725/635/10 722/634/10 721/633/10
f 737/641/10 738/642/10 739/643/10 740/644/10
f 741/642/9 742/641/9 743/644/9 744/643/9
f 738/89/1 741/90/1 744/91/1 739/92/1
f 740/92/5 743/91/5 742/90/5 737/89/5
f 739/645/7 744/646/7 743/647/7 740/648/7
f 737/648/3 742/647/3 741/646/3 738/645/3
f 745/649/10 746/650/10 747/651/10 748/652/10
f 749/650/9 750/649/9 751/652/9 752/651/9
f 746/89/1 749/90/1 752/101/1 747/102/1
f 748/102/5 751/101/5 750/90/5 745/89/5
f 747/653/7 752/654/7 751/655/7 748/656/7
f 745/656/3 750/655/3 749/654/3 746/653/3
f 753/657/10 754/658/10 755/659/10 756/660/10
f 757/658/9 758/657/9 759/660/9 760/659/9
f 754/111/1 757/112/1 760/113/1 755/114/1
f 756/114/5 759/113/5 758/112/5 753/111/5
f 755/661/7 760/662/7 759/663/7 756/664/7
f 753/664/3 758/663/3 757/662/3 754/661/3
f 761/649/10 762/650/10 763/651/10 764/652/10
f 765/650/9 766/649/9 767/652/9 768/651/9
f 762/111/1 765/112/1 768/119/1 763/120/1
f 764/120/5 767/119/5 766/112/5 761/111/5
f 763/665/7 768/666/7 767/667/7 764/668/7
f 761/668/3 766/667/3 765/666/3 762/665/3
f 769/669/10 770/670/10 771/671/10 772/672/10
f 773/670/9 774/669/9 775/672/9 776/671/9
f 770/129/1 773/130/1 776/131/1 771/132/1
f 772/132/5 775/131/5 774/130/5 769/129/5
f 771/673/7 776/674/7 775/675/7 772/676/7
f 769/676/3 774/675/3 773/674/3 770/673/3
f 777/649/10 778/650/10 779/651/10 780/652/10
f 781/650/9 782/649/9 783/652/9 784/651/9
f 778/129/1 781/130/1 784/137/1 779/138/1
f 780/138/5 783/137/5 782/130/5 777/129/5
f 779/677/7 784/678/7 783/679/7 780/680/7
f 777/680/3 782/679/3 781/678/3 778/677/3
f 785/681/10 786/682/10 787/683/10 788/684/10
f 789/682/9 790/681/9 791/684/9 792/683/9
f 786/147/1 789/148/1 792/149/1 787/150/1
f 788/150/5 791/149/5 790/148/5 785/147/5
f 787/685/7 792/686/7 791/687/7 788/688/7
f 785/688/3 790/687/3 789/686/3 786/685/3
f 793/689/10 794/690/10 795/691/10 796/692/10
f 797/690/9 798/689/9 799/692/9 800/691/9
f 794/147/1 797/148/1 800/149/1 795/150/1
f 796/150/5 799/149/5 798/148/5 793/147/5
f 795/693/7 800/694/7 799/695/7 796/696/7
f 793/696/3 798/695/3 797/694/3 794/693/3
f 801/163/1 802/164/1 803/165/1 804/166/1
f 802/697/2 805/698/2 806/699/2 803/700/2
f 805/698/3 807/701/3 808/702/3 806/699/3
f 807/701/4 809/703/4 810/704/4 808/702/4
f 809/164/5 811/163/5 812/166/5 810/165/5
f 811/163/6 813/175/6 814/176/6 812/166/6
f 813/701/7 815/698/7 816/699/7 814/702/7
f 815/175/8 801/163/8 804/166/8 816/176/8
f 804/705/9 803/706/9 806/707/9 808/708/9 810/709/9 812/710/9 814/711/9 816/712/9
f 815/712/10 813/711/10 811/710/10 809/709/10 807/708/10 805/707/10 802/706/10 801/705/10
f 817/713/11 818/714/11 819/715/11 820/716/11
f 818/189/5 821/190/5 822/191/5 819/192/5
f 821/714/12 823/713/12 824/716/12 822/715/12
f 823/713/13 825/717/13 826/718/13 824/716/13
f 825/190/1 827/189/1 828/192/1 826/191/1
f 827/717/14 817/713/14 820/716/14 828/718/14
f 820/719/9 819/720/9 822/721/9 824/722/9 826/723/9 828/724/9
f 829/725/11 830/726/11 831/727/11 832/728/11
f 830/189/5 833/190/5 834/191/5 831/192/5
f 833/726/12 835/725/12 836/728/12 834/727/12
f 835/725/13 837/729/13 838/730/13 836/728/13
f 837/190/1 839/189/1 840/192/1 838/191/1
f 839/729/14 829/725/14 832/728/14 840/730/14
f 832/731/9 831/732/9 834/733/9 836/734/9 838/735/9 840/736/9
f 841/213/1 842/214/1 843/215/1 844/216/1
f 842/577/2 845/578/2 846/579/2 843/580/2
f 845/578/3 847/581/3 848/582/3 846/579/3
f 847/581/4 849/583/4 850/584/4 848/582/4
f 849/214/5 851/213/5 852/216/5 850/215/5
f 851/583/6 853/581/6 854/582/6 852/584/6
f 853/581/7 855/578/7 856/579/7 854/582/7
f 855/578/8 841/577/8 844/580/8 856/579/8
f 844/737/9 843/738/9 846/739/9 848/740/9 850/741/9 852/742/9 854/743/9 856/744/9
f 855/744/10 853/743/10 851/742/10 849/741/10 847/740/10 845/739/10 842/738/10 841/737/10
f 857/225/1 858/226/1 859/227/1 860/228/1
f 858/593/2 861/594/2 862/595/2 859/596/2
f 861/594/3 863/597/3 864/598/3 862/595/3
f 863/597/4 865/599/4 866/600/4 864/598/4
f 865/226/5 867/225/5 868/228/5 866/227/5
f 867/599/6 869/597/6 870/598/6 868/600/6
f 869/597/7 871/594/7 872/595/7 870/598/7
f 871/594/8 857/593/8 860/596/8 872/595/8
f 860/745/9 859/746/9 862/747/9 864/748/9 866/749/9 868/750/9 870/751/9 872/752/9
f 871/752/10 869/751/10 867/750/10 865/749/10 863/748/10 861/747/10 858/746/10 857/745/10
f 873/237/1 874/238/1 875/239/1 876/240/1
f 874/615/2 877/609/2 878/612/2 875/616/2
f 877/609/3 879/610/3 880/611/3 878/612/3
f 879/610/4 881/613/4 882/614/4 880/611/4
f 881/238/5 883/237/5 884/240/5 882/239/5
f 883/237/6 885/241/6 886/242/6 884/240/6
f 885/610/7 887/609/7 888/612/7 886/611/7
f 887/241/8 873/237/8 876/240/8 888/242/8
f 876/753/9 875/754/9 878/755/9 880/756/9 882/757/9 884/758/9 886/759/9 888/760/9
f 887/760/10 885/759/10 883/758/10 881/757/10 879/756/10 877/755/10 874/754/10 873/753/10
f 889/251/1 890/252/1 891/253/1 892/254/1
f 890/252/2 893/255/2 894/256/2 891/253/2
f 893/626/3 895/629/3 896/630/3 894/627/3
f 895/255/4 897/252/4 898/253/4 896/256/4
f 897/252/5 899/251/5 900/254/5 898/253/5
f 899/631/6 901/629/6 902/630/6 900/632/6
f 901/629/7 903/626/7 904/627/7 902/630/7
f 903/626/8 889/625/8 892/628/8 904/627/8
f 892/761/9 891/762/9 894/763/9 896/764/9 898/765/9 900/766/9 902/767/9 904/768/9
f 903/768/10 901/767/10 899/766/10 897/765/10 895/764/10 893/763/10 890/762/10 889/761/10
f 905/769/10 906/770/10 907/771/10 908/772/10
f 909/770/9 910/769/9 911/772/9 912/771/9
f 906/269/1 909/270/1 912/271/1 907/272/1
f 908/272/5 911/271/5 910/270/5 905/269/5
f 907/645/7 912/646/7 911/647/7 908/648/7
f 905/648/3 910/647/3 909/646/3 906/645/3
f 913/773/10 914/774/10 915/775/10 916/776/10
f 917/774/9 918/773/9 919/776/9 920/775/9
f 914/277/1 917/278/1 920/271/1 915/272/1
f 916/272/5 919/271/5 918/278/5 913/277/5
f 915/653/7 920/654/7 919/655/7 916/656/7
f 913/656/3 918/655/3 917/654/3 914/653/3
f 921/777/10 922/778/10 923/779/10 924/780/10
f 925/778/9 926/777/9 927/780/9 928/779/9
f 922/283/1 925/284/1 928/285/1 923/286/1
f 924/286/5 927/285/5 926/284/5 921/283/5
f 923/661/7 928/662/7 927/663/7 924/664/7
f 921/664/3 926/663/3 925/662/3 922/661/3
f 929/773/10 930/774/10 931/775/10 932/776/10
f 933/774/9 934/773/9 935/776/9 936/775/9
f 930/287/1 933/288/1 936/285/1 931/286/1
f 932/286/5 935/285/5 934/288/5 929/287/5
f 931/665/7 936/666/7 935/667/7 932/668/7
f 929/668/3 934/667/3 933/666/3 930/665/3
f 937/781/10 938/782/10 939/783/10 940/784/10
f 941/782/9 942/781/9 943/784/9 944/783/9
f 938/293/1 941/294/1 944/295/1 939/296/1
f 940/296/5 943/295/5 942/294/5 937/293/5
f 939/673/7 944/674/7 943/675/7 940/676/7
f 937/676/3 942/675/3 941/674/3 938/673/3
f 945/773/10 946/774/10 947/775/10 948/776/10
f 949/774/9 950/773/9 951/776/9 952/775/9
f 946/297/1 949/298/1 952/295/1 947/296/1
f 948/296/5 951/295/5 950/298/5 945/297/5
f 947/677/7 952/678/7 951/679/7 948/680/7
f 945/680/3 950/679/3 949/678/3 946/677/3
f 953/785/10 954/786/10 955/787/10 956/788/10
f 957/786/9 958/785/9 959/788/9 960/787/9
f 954/303/1 957/304/1 960/305/1 955/306/1
f 956/306/5 959/305/5 958/304/5 953/303/5
f 955/685/7 960/686/7 959/687/7 956/688/7
f 953/688/3 958/687/3 957/686/3 954/685/3
f 961/789/10 962/790/10 963/791/10 964/792/10
f 965/790/9 966/789/9 967/792/9 968/791/9
f 962/303/1 965/304/1 968/305/1 963/306/1
f 964/306/5 967/305/5 966/304/5 961/303/5
f 963/693/7 968/694/7 967/695/7 964/696/7
f 961/696/3 966/695/3 965/694/3 962/693/3
f 969/311/1 970/312/1 971/313/1 972/314/1
f 970/312/2 973/315/2 974/316/2 971/313/2
f 973/698/3 975/701/3 976/702/3 974/699/3
f 975/315/4 977/312/4 978/313/4 976/316/4
f 977/312/5 979/311/5 980/314/5 978/313/5
f 979/703/6 981/701/6 982/702/6 980/704/6
f 981/701/7 983/698/7 984/699/7 982/702/7
f 983/698/8 969/697/8 972/700/8 984/699/8
f 972/793/9 971/794/9 974/795/9 976/796/9 978/797/9 980/798/9 982/799/9 984/800/9
f 983/800/10 981/799/10 979/798/10 977/797/10 975/796/10 973/795/10 970/794/10 969/793/10
f 985/713/11 986/714/11 987/715/11 988/716/11
f 986/325/5 989/326/5 990/327/5 987/328/5
f 989/714/12 991/713/12 992/716/12 990/715/12
f 991/713/13 993/717/13 994/718/13 992/716/13
f 993/326/1 995/325/1 996/328/1 994/327/1
f 995/717/14 985/713/14 988/716/14 996/718/14
f 988/801/9 987/802/9 990/803/9 992/804/9 994/805/9 996/806/9
f 997/725/11 998/726/11 999/727/11 1000/728/11
f 998/325/5 1001/326/5 1002/327/5 999/328/5
f 1001/726/12 1003/725/12 1004/728/12 1002/727/12
f 1003/725/13 1005/729/13 1006/730/13 1004/728/13
f 1005/326/1 1007/325/1 1008/328/1 1006/327/1
f 1007/729/14 997/725/14 1000/728/14 1008/730/14
f 1000/807/9 999/808/9 1002/809/9 1004/810/9 1006/811/9 1008/812/9
f 1009/6/1 1010/9/1 1011/10/1 1012/7/1
f 1010/9/2 1013/11/2 1014/12/2 1011/10/2
f 1013/213/3 1015/214/3 1016/215/3 1014/216/3
f 1015/11/4 1017/9/4 1018/10/4 1016/12/4
f 1017/9/5 1019/6/5 1020/7/5 1018/10/5
f 1019/6/6 1021/5/6 1022/8/6 1020/7/6
f 1021/214/7 1023/213/7 1024/216/7 1022/215/7
f 1023/5/8 1009/6/8 1012/7/8 1024/8/8
f 1012/813/9 1011/814/9 1014/815/9 1016/816/9 1018/817/9 1020/818/9 1022/819/9 1024/820/9
f 1023/820/10 1021/819/10 1019/818/10 1017/817/10 1015/816/10 1013/815/10 1010/814/10 1009/813/10
f 1025/26/1 1026/29/1 1027/30/1 1028/27/1
f 1026/29/2 1029/31/2 1030/32/2 1027/30/2
f 1029/225/3 1031/226/3 1032/227/3 1030/228/3
f 1031/31/4 1033/29/4 1034/30/4 1032/32/4
f 1033/29/5 1035/26/5 1036/27/5 1034/30/5
f 1035/26/6 1037/25/6 1038/28/6 1036/27/6
f 1037/226/7 1039/225/7 1040/228/7 1038/227/7
f 1039/25/8 1025/26/8 1028/27/8 1040/28/8
f 1028/821/9 1027/822/9 1030/823/9 1032/824/9 1034/825/9 1036/826/9 1038/827/9 1040/828/9
f 1039/828/10 1037/827/10 1035/826/10 1033/825/10 1031/824/10 1029/823/10 1026/822/10 1025/821/10
f 1041/47/1 1042/48/1 1043/49/1 1044/50/1
f 1042/48/2 1045/51/2 1046/52/2 1043/49/2
f 1045/237/3 1047/238/3 1048/239/3 1046/240/3
f 1047/51/4 1049/48/4 1050/49/4 1048/52/4
f 1049/48/5 1051/47/5 1052/50/5 1050/49/5
f 1051/47/6 1053/53/6 1054/54/6 1052/50/6
f 1053/238/7 1055/237/7 1056/240/7 1054/239/7
f 1055/53/8 1041/47/8 1044/50/8 1056/54/8
f 1044/829/9 1043/830/9 1046/831/9 1048/832/9 1050/833/9 1052/834/9 1054/835/9 1056/836/9
f 1055/836/10 1053/835/10 1051/834/10 1049/833/10 1047/832/10 1045/831/10 1042/830/10 1041/829/10
f 1057/68/1 1058/71/1 1059/72/1 1060/69/1
f 1058/837/2 1061/251/2 1062/254/2 1059/838/2
f 1061/251/3 1063/252/3 1064/253/3 1062/254/3
f 1063/252/4 1065/255/4 1066/256/4 1064/253/4
f 1065/71/5 1067/68/5 1068/69/5 1066/72/5
f 1067/255/6 1069/252/6 1070/253/6 1068/256/6
f 1069/252/7 1071/251/7 1072/254/7 1070/253/7
f 1071/251/8 1057/837/8 1060/838/8 1072/254/8
f 1060/839/9 1059/840/9 1062/841/9 1064/842/9 1066/843/9 1068/844/9 1070/845/9 1072/846/9
f 1071/846/10 1069/845/10 1067/844/10 1065/843/10 1063/842/10 1061/841/10 1058/840/10 1057/839/10
f 1073/847/10 1074/848/10 1075/849/10 1076/850/10
f 1077/848/9 1078/847/9 1079/850/9 1080/849/9
f 1074/96/1 1077/95/1 1080/94/1 1075/93/1
f 1076/93/5 1079/94/5 1078/95/5 1073/96/5
f 1075/272/7 1080/271/7 1079/270/7 1076/269/7
f 1073/269/3 1078/270/3 1077/271/3 1074/272/3
f 1081/851/10 1082/852/10 1083/853/10 1084/854/10
f 1085/852/9 1086/851/9 1087/854/9 1088/853/9
f 1082/106/1 1085/105/1 1088/104/1 1083/103/1
f 1084/103/5 1087/104/5 1086/105/5 1081/106/5
f 1083/272/7 1088/271/7 1087/278/7 1084/277/7
f 1081/277/3 1086/278/3 1085/271/3 1082/272/3
f 1089/855/10 1090/856/10 1091/857/10 1092/858/10
f 1093/856/9 1094/855/9 1095/858/9 1096/857/9
f 1090/118/1 1093/117/1 1096/116/1 1091/115/1
f 1092/115/5 1095/116/5 1094/117/5 1089/118/5
f 1091/286/7 1096/285/7 1095/284/7 1092/283/7
f 1089/283/3 1094/284/3 1093/285/3 1090/286/3
f 1097/851/10 1098/852/10 1099/853/10 1100/854/10
f 1101/852/9 1102/851/9 1103/854/9 1104/853/9
f 1098/124/1 1101/123/1 1104/122/1 1099/121/1
f 1100/121/5 1103/122/5 1102/123/5 1097/124/5
f 1099/286/7 1104/285/7 1103/288/7 1100/287/7
f 1097/287/3 1102/288/3 1101/285/3 1098/286/3
f 1105/859/10 1106/860/10 1107/861/10 1108/862/10
f 1109/860/9 1110/859/9 1111/862/9 1112/861/9
f 1106/136/1 1109/135/1 1112/134/1 1107/133/1
f 1108/133/5 1111/134/5 1110/135/5 1105/136/5
f 1107/296/7 1112/295/7 1111/294/7 1108/293/7
f 1105/293/3 1110/294/3 1109/295/3 1106/296/3
f 1113/851/10 1114/852/10 1115/853/10 1116/854/10
f 1117/852/9 1118/851/9 1119/854/9 1120/853/9
f 1114/142/1 1117/141/1 1120/140/1 1115/139/1
f 1116/139/5 1119/140/5 1118/141/5 1113/142/5
f 1115/296/7 1120/295/7 1119/298/7 1116/297/7
f 1113/297/3 1118/298/3 1117/295/3 1114/296/3
f 1121/863/10 1122/864/10 1123/865/10 1124/866/10
f 1125/864/9 1126/863/9 1127/866/9 1128/865/9
f 1122/154/1 1125/153/1 1128/152/1 1123/151/1
f 1124/151/5 1127/152/5 1126/153/5 1121/154/5
f 1123/306/7 1128/305/7 1127/304/7 1124/303/7
f 1121/303/3 1126/304/3 1125/305/3 1122/306/3
f 1129/867/10 1130/868/10 1131/869/10 1132/870/10
f 1133/868/9 1134/867/9 1135/870/9 1136/869/9
f 1130/162/1 1133/161/1 1136/160/1 1131/159/1
f 1132/159/5 1135/160/5 1134/161/5 1129/162/5
f 1131/306/7 1136/305/7 1135/304/7 1132/303/7
f 1129/303/3 1134/304/3 1133/305/3 1130/306/3
f 1137/168/1 1138/171/1 1139/172/1 1140/169/1
f 1138/871/2 1141/311/2 1142/314/2 1139/872/2
f 1141/311/3 1143/312/3 1144/313/3 1142/314/3
f 1143/312/4 1145/315/4 1146/316/4 1144/313/4
f 1145/171/5 1147/168/5 1148/169/5 1146/172/5
f 1147/315/6 1149/312/6 1150/313/6 1148/316/6
f 1149/312/7 1151/311/7 1152/314/7 1150/313/7
f 1151/311/8 1137/871/8 1140/872/8 1152/314/8
f 1140/873/9 1139/874/9 1142/875/9 1144/876/9 1146/877/9 1148/878/9 1150/879/9 1152/880/9
f 1151/880/10 1149/879/10 1147/878/10 1145/877/10 1143/876/10 1141/875/10 1138/874/10 1137/873/10
f 1153/881/11 1154/882/11 1155/883/11 1156/884/11
f 1154/885/5 1157/886/5 1158/887/5 1155/888/5
f 1157/882/12 1159/881/12 1160/884/12 1158/883/12
f 1159/881/13 1161/889/13 1162/890/13 1160/884/13
f 1161/886/1 1163/885/1 1164/888/1 1162/887/1
f 1163/889/14 1153/881/14 1156/884/14 1164/890/14
f 1156/891/9 1155/892/9 1158/893/9 1160/894/9 1162/895/9 1164/896/9
f 1165/881/11 1166/882/11 1167/883/11 1168/884/11
f 1166/897/5 1169/898/5 1170/899/5 1167/900/5
f 1169/882/12 1171/881/12 1172/884/12 1170/883/12
f 1171/881/13 1173/889/13 1174/890/13 1172/884/13
f 1173/898/1 1175/897/1 1176/900/1 1174/899/1
f 1175/889/14 1165/881/14 1168/884/14 1176/890/14
f 1168/901/9 1167/902/9 1170/903/9 1172/904/9 1174/905/9 1176/906/9
f 1177/578/1 1178/581/1 1179/582/1 1180/579/1
f 1178/581/2 1181/583/2 1182/584/2 1179/582/2
f 1181/213/3 1183/214/3 1184/215/3 1182/216/3
f 1183/583/4 1185/581/4 1186/582/4 1184/584/4
f 1185/581/5 1187/578/5 1188/579/5 1186/582/5
f 1187/578/6 1189/577/6 1190/580/6 1188/579/6
f 1189/214/7 1191/213/7 1192/216/7 1190/215/7
f 1191/577/8 1177/578/8 1180/579/8 1192/580/8
f 1180/907/9 1179/908/9 1182/909/9 1184/910/9 1186/911/9 1188/912/9 1190/913/9 1192/914/9
f 1191/914/10 1189/913/10 1187/912/10 1185/911/10 1183/910/10 1181/909/10 1178/908/10 1177/907/10
f 1193/594/1 1194/597/1 1195/598/1 1196/595/1
f 1194/597/2 1197/599/2 1198/600/2 1195/598/2
f 1197/225/3 1199/226/3 1200/227/3 1198/228/3
f 1199/599/4 1201/597/4 1202/598/4 1200/600/4
f 1201/597/5 1203/594/5 1204/595/5 1202/598/5
f 1203/594/6 1205/593/6 1206/596/6 1204/595/6
f 1205/226/7 1207/225/7 1208/228/7 1206/227/7
f 1207/593/8 1193/594/8 1196/595/8 1208/596/8
f 1196/915/9 1195/916/9 1198/917/9 1200/918/9 1202/919/9 1204/920/9 1206/921/9 1208/922/9
f 1207/922/10 1205/921/10 1203/920/10 1201/919/10 1199/918/10 1197/917/10 1194/916/10 1193/915/10
f 1209/609/1 1210/610/1 1211/611/1 1212/612/1
f 1210/610/2 1213/613/2 1214/614/2 1211/611/2
f 1213/237/3 1215/238/3 1216/239/3 1214/240/3
f 1215/613/4 1217/610/4 1218/611/4 1216/614/4
f 1217/610/5 1219/609/5 1220/612/5 1218/611/5
f 1219/609/6 1221/615/6 1222/616/6 1220/612/6
f 1221/238/7 1223/237/7 1224/240/7 1222/239/7
f 1223/615/8 1209/609/8 1212/612/8 1224/616/8
f 1212/923/9 1211/924/9 1214/925/9 1216/926/9 1218/927/9 1220/928/9 1222/929/9 1224/930/9
f 1223/930/10 1221/929/10 1219/928/10 1217/927/10 1215/926/10 1213/925/10 1210/924/10 1209/923/10
f 1225/626/1 1226/629/1 1227/630/1 1228/627/1
f 1226/837/2 1229/251/2 1230/254/2 1227/838/2
f 1229/251/3 1231/252/3 1232/253/3 1230/254/3
f 1231/252/4 1233/255/4 1234/256/4 1232/253/4
f 1233/629/5 1235/626/5 1236/627/5 1234/630/5
f 1235/255/6 1237/252/6 1238/253/6 1236/256/6
f 1237/252/7 1239/251/7 1240/254/7 1238/253/7
f 1239/251/8 1225/837/8 1228/838/8 1240/254/8
f 1228/931/9 1227/932/9 1230/933/9 1232/934/9 1234/935/9 1236/936/9 1238/937/9 1240/938/9
f 1239/938/10 1237/937/10 1235/936/10 1233/935/10 1231/934/10 1229/933/10 1226/932/10 1225/931/10
f 1241/939/10 1242/940/10 1243/941/10 1244/942/10
f 1245/940/9 1246/939/9 1247/942/9 1248/941/9
f 1242/648/1 1245/647/1 1248/646/1 1243/645/1
f 1244/645/5 1247/646/5 1246/647/5 1241/648/5
f 1243/272/7 1248/271/7 1247/270/7 1244/269/7
f 1241/269/3 1246/270/3 1245/271/3 1242/272/3
f 1249/943/10 1250/944/10 1251/945/10 1252/946/10
f 1253/944/9 1254/943/9 1255/946/9 1256/945/9
f 1250/656/1 1253/655/1 1256/654/1 1251/653/1
f 1252/653/5 1255/654/5 1254/655/5 1249/656/5
f 1251/272/7 1256/271/7 1255/278/7 1252/277/7
f 1249/277/3 1254/278/3 1253/271/3 1250/272/3
f 1257/947/10 1258/948/10 1259/949/10 1260/950/10
f 1261/948/9 1262/947/9 1263/950/9 1264/949/9
f 1258/664/1 1261/663/1 1264/662/1 1259/661/1
f 1260/661/5 1263/662/5 1262/663/5 1257/664/5
f 1259/286/7 1264/285/7 1263/284/7 1260/283/7
f 1257/283/3 1262/284/3 1261/285/3 1258/286/3
f 1265/943/10 1266/944/10 1267/945/10 1268/946/10
f 1269/944/9 1270/943/9 1271/946/9 1272/945/9
f 1266/668/1 1269/667/1 1272/666/1 1267/665/1
f 1268/665/5 1271/666/5 1270/667/5 1265/668/5
f 1267/286/7 1272/285/7 1271/288/7 1268/287/7
f 1265/287/3 1270/288/3 1269/285/3 1266/286/3
f 1273/951/10 1274/952/10 1275/953/10 1276/954/10
f 1277/952/9 1278/951/9 1279/954/9 1280/953/9
f 1274/676/1 1277/675/1 1280/674/1 1275/673/1
f 1276/673/5 1279/674/5 1278/675/5 1273/676/5
f 1275/296/7 1280/295/7 1279/294/7 1276/293/7
f 1273/293/3 1278/294/3 1277/295/3 1274/296/3
f 1281/943/10 1282/944/10 1283/945/10 1284/946/10
f 1285/944/9 1286/943/9 1287/946/9 1288/945/9
f 1282/680/1 1285/679/1 1288/678/1 1283/677/1
f 1284/677/5 1287/678/5 1286/679/5 1281/680/5
f 1283/296/7 1288/295/7 1287/298/7 1284/297/7
f 1281/297/3 1286/298/3 1285/295/3 1282/296/3
f 1289/955/10 1290/956/10 1291/957/10 1292/958/10
f 1293/956/9 1294/955/9 1295/958/9 1296/957/9
f 1290/688/1 1293/687/1 1296/686/1 1291/685/1
f 1292/685/5 1295/686/5 1294/687/5 1289/688/5
f 1291/306/7 1296/305/7 1295/304/7 1292/303/7
f 1289/303/3 1294/304/3 1293/305/3 1290/306/3
f 1297/959/10 1298/960/10 1299/961/10 1300/962/10
f 1301/960/9 1302/959/9 1303/962/9 1304/961/9
f 1298/696/1 1301/695/1 1304/694/1 1299/693/1
f 1300/693/5 1303/694/5 1302/695/5 1297/696/5
f 1299/306/7 1304/305/7 1303/304/7 1300/303/7
f 1297/303/3 1302/304/3 1301/305/3 1298/306/3
f 1305/698/1 1306/701/1 1307/702/1 1308/699/1
f 1306/871/2 1309/311/2 1310/314/2 1307/872/2
f 1309/311/3 1311/312/3 1312/313/3 1310/314/3
f 1311/312/4 1313/315/4 1314/316/4 1312/313/4
f 1313/701/5 1315/698/5 1316/699/5 1314/702/5
f 1315/315/6 1317/312/6 1318/313/6 1316/316/6
f 1317/312/7 1319/311/7 1320/314/7 1318/313/7
f 1319/311/8 1305/871/8 1308/872/8 1320/314/8
f 1308/963/9 1307/964/9 1310/965/9 1312/966/9 1314/967/9 1316/968/9 1318/969/9 1320/970/9
f 1319/970/10 1317/969/10 1315/968/10 1313/967/10 1311/966/10 1309/965/10 1306/964/10 1305/963/10
f 1321/881/11 1322/882/11 1323/883/11 1324/884/11
f 1322/971/5 1325/972/5 1326/973/5 1323/974/5
f 1325/882/12 1327/881/12 1328/884/12 1326/883/12
f 1327/881/13 1329/889/13 1330/890/13 1328/884/13
f 1329/972/1 1331/971/1 1332/974/1 1330/973/1
f 1331/889/14 1321/881/14 1324/884/14 1332/890/14
f 1324/975/9 1323/976/9 1326/977/9 1328/978/9 1330/979/9 1332/980/9
f 1333/881/11 1334/882/11 1335/883/11 1336/884/11
f 1334/981/5 1337/982/5 1338/983/5 1335/984/5
f 1337/882/12 1339/881/12 1340/884/12 1338/883/12
f 1339/881/13 1341/889/13 1342/890/13 1340/884/13
f 1341/982/1 1343/981/1 1344/984/1 1342/983/1
f 1343/889/14 1333/881/14 1336/884/14 1344/890/14
f 1336/985/9 1335/986/9 1338/987/9 1340/988/9 1342/989/9 1344/990/9
g roof_trusses
f 1345/991/10 1346/992/10 1347/993/10 1348/994/10
f 1349/992/9 1350/991/9 1351/994/9 1352/993/9
f 1346/995/1 1349/996/1 1352/997/1 1347/998/1
f 1348/998/5 1351/997/5 1350/996/5 1345/995/5
f 1347/999/7 1352/1000/7 1351/1001/7 1348/1002/7
f 1345/1002/3 1350/1001/3 1349/1000/3 1346/999/3
f 1353/991/10 1354/992/10 1355/993/10 1356/994/10
f 1357/992/9 1358/991/9 1359/994/9 1360/993/9
f 1354/1003/1 1357/1004/1 1360/1005/1 1355/1006/1
f 1356/1006/5 1359/1005/5 1358/1004/5 1353/1003/5
f 1355/1007/7 1360/1008/7 1359/1009/7 1356/1010/7
f 1353/1010/3 1358/1009/3 1357/1008/3 1354/1007/3
f 1361/1011/10 1362/1012/10 1363/1013/10 1364/1014/10
f 1365/1012/9 1366/1011/9 1367/1014/9 1368/1013/9
f 1362/1015/1 1365/1016/1 1368/1017/1 1363/1018/1
f 1364/1018/5 1367/1017/5 1366/1016/5 1361/1015/5
f 1363/1019/7 1368/1020/7 1367/1021/7 1364/1022/7
f 1361/1022/3 1366/1021/3 1365/1020/3 1362/1019/3
f 1369/1023/10 1370/1024/10 1371/1025/10 1372/1026/10
f 1373/1024/9 1374/1023/9 1375/1026/9 1376/1025/9
f 1370/1027/1 1373/1028/1 1376/1029/1 1371/1030/1
f 1372/1030/5 1375/1029/5 1374/1028/5 1369/1027/5
f 1371/1031/7 1376/1032/7 1375/1033/7 1372/1034/7
f 1369/1034/3 1374/1033/3 1373/1032/3 1370/1031/3
f 1377/1035/10 1378/1036/10 1379/1037/10 1380/1038/10
f 1381/1036/9 1382/1035/9 1383/1038/9 1384/1037/9
f 1378/1039/1 1381/1040/1 1384/1041/1 1379/1042/1
f 1380/1042/5 1383/1041/5 1382/1040/5 1377/1039/5
f 1379/1019/7 1384/1020/7 1383/1021/7 1380/1022/7
f 1377/1022/3 1382/1021/3 1381/1020/3 1378/1019/3
f 1385/1043/10 1386/1044/10 1387/1045/10 1388/1046/10
f 1389/1044/9 1390/1043/9 1391/1046/9 1392/1045/9
f 1386/1047/1 1389/1048/1 1392/1049/1 1387/1050/1
f 1388/1050/5 1391/1049/5 1390/1048/5 1385/1047/5
f 1387/1019/7 1392/1020/7 1391/1021/7 1388/1022/7
f 1385/1022/3 1390/1021/3 1389/1020/3 1386/1019/3
f 1393/1051/10 1394/1052/10 1395/1053/10 1396/1054/10
f 1397/1052/9 1398/1051/9 1399/1054/9 1400/1053/9
f 1394/1055/1 1397/1056/1 1400/1057/1 1395/1058/1
f 1396/1058/5 1399/1057/5 1398/1056/5 1393/1055/5
f 1395/1031/7 1400/1032/7 1399/1033/7 1396/1034/7
f 1393/1034/3 1398/1033/3 1397/1032/3 1394/1031/3
f 1401/1059/10 1402/1060/10 1403/1061/10 1404/1062/10
f 1405/1060/9 1406/1059/9 1407/1062/9 1408/1061/9
f 1402/1063/1 1405/1064/1 1408/1065/1 1403/1066/1
f 1404/1066/5 1407/1065/5 1406/1064/5 1401/1063/5
f 1403/1019/7 1408/1020/7 1407/1021/7 1404/1022/7
f 1401/1022/3 1406/1021/3 1405/1020/3 1402/1019/3
f 1409/1067/10 1410/1068/10 1411/1069/10 1412/1070/10
f 1413/1068/9 1414/1067/9 1415/1070/9 1416/1069/9
f 1410/1071/1 1413/1072/1 1416/1073/1 1411/1074/1
f 1412/1074/5 1415/1073/5 1414/1072/5 1409/1071/5
f 1411/1019/7 1416/1020/7 1415/1021/7 1412/1022/7
f 1409/1022/3 1414/1021/3 1413/1020/3 1410/1019/3
f 1417/1075/10 1418/1076/10 1419/1077/10 1420/1078/10
f 1421/1076/9 1422/1075/9 1423/1078/9 1424/1077/9
f 1418/1079/1 1421/1080/1 1424/1081/1 1419/1082/1
f 1420/1082/5 1423/1081/5 1422/1080/5 1417/1079/5
f 1419/1031/7 1424/1032/7 1423/1033/7 1420/1034/7
f 1417/1034/3 1422/1033/3 1421/1032/3 1418/1031/3
f 1425/1083/10 1426/1084/10 1427/1085/10 1428/1086/10
f 1429/1084/9 1430/1083/9 1431/1086/9 1432/1085/9
f 1426/1087/1 1429/1088/1 1432/1089/1 1427/1090/1
f 1428/1090/5 1431/1089/5 1430/1088/5 1425/1087/5
f 1427/1019/7 1432/1020/7 1431/1021/7 1428/1022/7
f 1425/1022/3 1430/1021/3 1429/1020/3 1426/1019/3
f 1433/1091/10 1434/1092/10 1435/1093/10 1436/1094/10
f 1437/1092/9 1438/1091/9 1439/1094/9 1440/1093/9
f 1434/1095/1 1437/1096/1 1440/1097/1 1435/1098/1
f 1436/1098/5 1439/1097/5 1438/1096/5 1433/1095/5
f 1435/1019/7 1440/1020/7 1439/1021/7 1436/1022/7
f 1433/1022/3 1438/1021/3 1437/1020/3 1434/1019/3
f 1441/1099/10 1442/1100/10 1443/1101/10 1444/1102/10
f 1445/1100/9 1446/1099/9 1447/1102/9 1448/1101/9
f 1442/1103/1 1445/1104/1 1448/1105/1 1443/1106/1
f 1444/1106/5 1447/1105/5 1446/1104/5 1441/1103/5
f 1443/1031/7 1448/1032/7 1447/1033/7 1444/1034/7
f 1441/1034/3 1446/1033/3 1445/1032/3 1442/1031/3
f 1449/1107/10 1450/1108/10 1451/1109/10 1452/1110/10
f 1453/1108/9 1454/1107/9 1455/1110/9 1456/1109/9
f 1450/1111/1 1453/1112/1 1456/1113/1 1451/1114/1
f 1452/1114/5 1455/1113/5 1454/1112/5 1449/1111/5
f 1451/1019/7 1456/1020/7 1455/1021/7 1452/1022/7
f 1449/1022/3 1454/1021/3 1453/1020/3 1450/1019/3
f 1457/1115/10 1458/1116/10 1459/1117/10 1460/1118/10
f 1461/1116/9 1462/1115/9 1463/1118/9 1464/1117/9
f 1458/1119/1 1461/1120/1 1464/1121/1 1459/1122/1
f 1460/1122/5 1463/1121/5 1462/1120/5 1457/1119/5
f 1459/1019/7 1464/1020/7 1463/1021/7 1460/1022/7
f 1457/1022/3 1462/1021/3 1461/1020/3 1458/1019/3
f 1465/1123/10 1466/1124/10 1467/1125/10 1468/1126/10
f 1469/1124/9 1470/1123/9 1471/1126/9 1472/1125/9
f 1466/1127/1 1469/1128/1 1472/1129/1 1467/1130/1
f 1468/1130/5 1471/1129/5 1470/1128/5 1465/1127/5
f 1467/1031/7 1472/1032/7 1471/1033/7 1468/1034/7
f 1465/1034/3 1470/1033/3 1469/1032/3 1466/1031/3
f 1473/1131/10 1474/1132/10 1475/1133/10 1476/1134/10
f 1477/1132/9 1478/1131/9 1479/1134/9 1480/1133/9
f 1474/1135/1 1477/1136/1 1480/1137/1 1475/1138/1
f 1476/1138/5 1479/1137/5 1478/1136/5 1473/1135/5
f 1475/1019/7 1480/1020/7 1479/1021/7 1476/1022/7
f 1473/1022/3 1478/1021/3 1477/1020/3 1474/1019/3
f 1481/1139/10 1482/1140/10 1483/1141/10 1484/1142/10
f 1485/1140/9 1486/1139/9 1487/1142/9 1488/1141/9
f 1482/1143/1 1485/1144/1 1488/1145/1 1483/1146/1
f 1484/1146/5 1487/1145/5 1486/1144/5 1481/1143/5
f 1483/1019/7 1488/1020/7 1487/1021/7 1484/1022/7
f 1481/1022/3 1486/1021/3 1485/1020/3 1482/1019/3
f 1489/1147/10 1490/1148/10 1491/1149/10 1492/1150/10
f 1493/1148/9 1494/1147/9 1495/1150/9 1496/1149/9
f 1490/1151/1 1493/1152/1 1496/1153/1 1491/1154/1
f 1492/1154/5 1495/1153/5 1494/1152/5 1489/1151/5
f 1491/1031/7 1496/1032/7 1495/1033/7 1492/1034/7
f 1489/1034/3 1494/1033/3 1493/1032/3 1490/1031/3
f 1497/1155/10 1498/1156/10 1499/1157/10 1500/1158/10
f 1501/1156/9 1502/1155/9 1503/1158/9 1504/1157/9
f 1498/1159/1 1501/1160/1 1504/1161/1 1499/1162/1
f 1500/1162/5 1503/1161/5 1502/1160/5 1497/1159/5
f 1499/1163/7 1504/1164/7 1503/1165/7 1500/1166/7
f 1497/1166/3 1502/1165/3 1501/1164/3 1498/1163/3
f 1505/1167/10 1506/1168/10 1507/1169/10 1508/1170/10
f 1509/1168/9 1510/1167/9 1511/1170/9 1512/1169/9
f 1506/1171/1 1509/1172/1 1512/1173/1 1507/1174/1
f 1508/1174/5 1511/1173/5 1510/1172/5 1505/1171/5
f 1507/1163/7 1512/1164/7 1511/1165/7 1508/1166/7
f 1505/1166/3 1510/1165/3 1509/1164/3 1506/1163/3
f 1513/1175/10 1514/1176/10 1515/1177/10 1516/1178/10
f 1517/1176/9 1518/1175/9 1519/1178/9 1520/1177/9
f 1514/995/1 1517/996/1 1520/997/1 1515/998/1
f 1516/998/5 1519/997/5 1518/996/5 1513/995/5
f 1515/1179/7 1520/1180/7 1519/1181/7 1516/1182/7
f 1513/1182/3 1518/1181/3 1517/1180/3 1514/1179/3
f 1521/1175/10 1522/1176/10 1523/1177/10 1524/1178/10
f 1525/1176/9 1526/1175/9 1527/1178/9 1528/1177/9
f 1522/1003/1 1525/1004/1 1528/1005/1 1523/1006/1
f 1524/1006/5 1527/1005/5 1526/1004/5 1521/1003/5
f 1523/1183/7 1528/1184/7 1527/1185/7 1524/1186/7
f 1521/1186/3 1526/1185/3 1525/1184/3 1522/1183/3
f 1529/1187/10 1530/1188/10 1531/1189/10 1532/1190/10
f 1533/1188/9 1534/1187/9 1535/1190/9 1536/1189/9
f 1530/1015/1 1533/1016/1 1536/1017/1 1531/1018/1
f 1532/1018/5 1535/1017/5 1534/1016/5 1529/1015/5
f 1531/1191/7 1536/1192/7 1535/1193/7 1532/1194/7
f 1529/1194/3 1534/1193/3 1533/1192/3 1530/1191/3
f 1537/1195/10 1538/1196/10 1539/1197/10 1540/1198/10
f 1541/1196/9 1542/1195/9 1543/1198/9 1544/1197/9
f 1538/1027/1 1541/1028/1 1544/1029/1 1539/1030/1
f 1540/1030/5 1543/1029/5 1542/1028/5 1537/1027/5
f 1539/1199/7 1544/1200/7 1543/1201/7 1540/1202/7
f 1537/1202/3 1542/1201/3 1541/1200/3 1538/1199/3
f 1545/1203/10 1546/1204/10 1547/1205/10 1548/1206/10
f 1549/1204/9 1550/1203/9 1551/1206/9 1552/1205/9
f 1546/1039/1 1549/1040/1 1552/1041/1 1547/1042/1
f 1548/1042/5 1551/1041/5 1550/1040/5 1545/1039/5
f 1547/1191/7 1552/1192/7 1551/1193/7 1548/1194/7
f 1545/1194/3 1550/1193/3 1549/1192/3 1546/1191/3
f 1553/1207/10 1554/1208/10 1555/1209/10 1556/1210/10
f 1557/1208/9 1558/1207/9 1559/1210/9 1560/1209/9
f 1554/1047/1 1557/1048/1 1560/1049/1 1555/1050/1
f 1556/1050/5 1559/1049/5 1558/1048/5 1553/1047/5
f 1555/1191/7 1560/1192/7 1559/1193/7 1556/1194/7
f 1553/1194/3 1558/1193/3 1557/1192/3 1554/1191/3
f 1561/1211/10 1562/1212/10 1563/1213/10 1564/1214/10
f 1565/1212/9 1566/1211/9 1567/1214/9 1568/1213/9
f 1562/1055/1 1565/1056/1 1568/1057/1 1563/1058/1
f 1564/1058/5 1567/1057/5 1566/1056/5 1561/1055/5
f 1563/1199/7 1568/1200/7 1567/1201/7 1564/1202/7
f 1561/1202/3 1566/1201/3 1565/1200/3 1562/1199/3
f 1569/1215/10 1570/1216/10 1571/1217/10 1572/1218/10
f 1573/1216/9 1574/1215/9 1575/1218/9 1576/1217/9
f 1570/1063/1 1573/1064/1 1576/1065/1 1571/1066/1
f 1572/1066/5 1575/1065/5 1574/1064/5 1569/1063/5
f 1571/1191/7 1576/1192/7 1575/1193/7 1572/1194/7
f 1569/1194/3 1574/1193/3 1573/1192/3 1570/1191/3
f 1577/1219/10 1578/1220/10 1579/1221/10 1580/1222/10
f 1581/1220/9 1582/1219/9 1583/1222/9 1584/1221/9
f 1578/1071/1 1581/1072/1 1584/1073/1 1579/1074/1
f 1580/1074/5 1583/1073/5 1582/1072/5 1577/1071/5
f 1579/1191/7 1584/1192/7 1583/1193/7 1580/1194/7
f 1577/1194/3 1582/1193/3 1581/1192/3 1578/1191/3
f 1585/1223/10 1586/1224/10 1587/1225/10 1588/1226/10
f 1589/1224/9 1590/1223/9 1591/1226/9 1592/1225/9
f 1586/1079/1 1589/1080/1 1592/1081/1 1587/1082/1
f 1588/1082/5 1591/1081/5 1590/1080/5 1585/1079/5
f 1587/1199/7 1592/1200/7 1591/1201/7 1588/1202/7
f 1585/1202/3 1590/1201/3 1589/1200/3 1586/1199/3
f 1593/1227/10 1594/1228/10 1595/1229/10 1596/1230/10
f 1597/1228/9 1598/1227/9 1599/1230/9 1600/1229/9
f 1594/1087/1 1597/1088/1 1600/1089/1 1595/1090/1
f 1596/1090/5 1599/1089/5 1598/1088/5 1593/1087/5
f 1595/1191/7 1600/1192/7 1599/1193/7 1596/1194/7
f 1593/1194/3 1598/1193/3 1597/1192/3 1594/1191/3
f 1601/1231/10 1602/1232/10 1603/1233/10 1604/1234/10
f 1605/1232/9 1606/1231/9 1607/1234/9 1608/1233/9
f 1602/1095/1 1605/1096/1 1608/1097/1 1603/1098/1
f 1604/1098/5 1607/1097/5 1606/1096/5 1601/1095/5
f 1603/1191/7 1608/1192/7 1607/1193/7 1604/1194/7
f 1601/1194/3 1606/1193/3 1605/1192/3 1602/1191/3
f 1609/1235/10 1610/1236/10 1611/1237/10 1612/1238/10
f 1613/1236/9 1614/1235/9 1615/1238/9 1616/1237/9
f 1610/1103/1 1613/1104/1 1616/1105/1 1611/1106/1
f 1612/1106/5 1615/1105/5 1614/1104/5 1609/1103/5
f 1611/1199/7 1616/1200/7 1615/1201/7 1612/1202/7
f 1609/1202/3 1614/1201/3 1613/1200/3 1610/1199/3
f 1617/1239/10 1618/1240/10 1619/1241/10 1620/1242/10
f 1621/1240/9 1622/1239/9 1623/1242/9 1624/1241/9
f 1618/1111/1 1621/1112/1 1624/1113/1 1619/1114/1
f 1620/1114/5 1623/1113/5 1622/1112/5 1617/1111/5
f 1619/1191/7 1624/1192/7 1623/1193/7 1620/1194/7
f 1617/1194/3 1622/1193/3 1621/1192/3 1618/1191/3
f 1625/1243/10 1626/1244/10 1627/1245/10 1628/1246/10
f 1629/1244/9 1630/1243/9 1631/1246/9 1632/1245/9
f 1626/1119/1 1629/1120/1 1632/1121/1 1627/1122/1
f 1628/1122/5 1631/1121/5 1630/1120/5 1625/1119/5
f 1627/1191/7 1632/1192/7 1631/1193/7 1628/1194/7
f 1625/1194/3 1630/1193/3 1629/1192/3 1626/1191/3
f 1633/1247/10 1634/1248/10 1635/1249/10 1636/1250/10
f 1637/1248/9 1638/1247/9 1639/1250/9 1640/1249/9
f 1634/1127/1 1637/1128/1 1640/1129/1 1635/1130/1
f 1636/1130/5 1639/1129/5 1638/1128/5 1633/1127/5
f 1635/1199/7 1640/1200/7 1639/1201/7 1636/1202/7
f 1633/1202/3 1638/1201/3 1637/1200/3 1634/1199/3
f 1641/1251/10 1642/1252/10 1643/1253/10 1644/1254/10
f 1645/1252/9 1646/1251/9 1647/1254/9 1648/1253/9
f 1642/1135/1 1645/1136/1 1648/1137/1 1643/1138/1
f 1644/1138/5 1647/1137/5 1646/1136/5 1641/1135/5
f 1643/1191/7 1648/1192/7 1647/1193/7 1644/1194/7
f 1641/1194/3 1646/1193/3 1645/1192/3 1642/1191/3
f 1649/1255/10 1650/1256/10 1651/1257/10 1652/1258/10
f 1653/1256/9 1654/1255/9 1655/1258/9 1656/1257/9
f 1650/1143/1 1653/1144/1 1656/1145/1 1651/1146/1
f 1652/1146/5 1655/1145/5 1654/1144/5 1649/1143/5
f 1651/1191/7 1656/1192/7 1655/1193/7 1652/1194/7
f 1649/1194/3 1654/1193/3 1653/1192/3 1650/1191/3
f 1657/1259/10 1658/1260/10 1659/1261/10 1660/1262/10
f 1661/1260/9 1662/1259/9 1663/1262/9 1664/1261/9
f 1658/1151/1 1661/1152/1 1664/1153/1 1659/1154/1
f 1660/1154/5 1663/1153/5 1662/1152/5 1657/1151/5
f 1659/1199/7 1664/1200/7 1663/1201/7 1660/1202/7
f 1657/1202/3 1662/1201/3 1661/1200/3 1658/1199/3
f 1665/1263/10 1666/1264/10 1667/1265/10 1668/1266/10
f 1669/1264/9 1670/1263/9 1671/1266/9 1672/1265/9
f 1666/1159/1 1669/1160/1 1672/1161/1 1667/1162/1
f 1668/1162/5 1671/1161/5 1670/1160/5 1665/1159/5
f 1667/1267/7 1672/1268/7 1671/1269/7 1668/1270/7
f 1665/1270/3 1670/1269/3 1669/1268/3 1666/1267/3
f 1673/1271/10 1674/1272/10 1675/1273/10 1676/1274/10
f 1677/1272/9 1678/1271/9 1679/1274/9 1680/1273/9
f 1674/1171/1 1677/1172/1 1680/1173/1 1675/1174/1
f 1676/1174/5 1679/1173/5 1678/1172/5 1673/1171/5
f 1675/1267/7 1680/1268/7 1679/1269/7 1676/1270/7
f 1673/1270/3 1678/1269/3 1677/1268/3 1674/1267/3
f 1681/1275/10 1682/1276/10 1683/1277/10 1684/1278/10
f 1685/1276/9 1686/1275/9 1687/1278/9 1688/1277/9
f 1682/995/1 1685/996/1 1688/997/1 1683/998/1
f 1684/998/5 1687/997/5 1686/996/5 1681/995/5
f 1683/1279/7 1688/1280/7 1687/1281/7 1684/1282/7
f 1681/1282/3 1686/1281/3 1685/1280/3 1682/1279/3
f 1689/1275/10 1690/1276/10 1691/1277/10 1692/1278/10
f 1693/1276/9 1694/1275/9 1695/1278/9 1696/1277/9
f 1690/1003/1 1693/1004/1 1696/1005/1 1691/1006/1
f 1692/1006/5 1695/1005/5 1694/1004/5 1689/1003/5
f 1691/1283/7 1696/1284/7 1695/1285/7 1692/1286/7
f 1689/1286/3 1694/1285/3 1693/1284/3 1690/1283/3
f 1697/1287/10 1698/1288/10 1699/1289/10 1700/1290/10
f 1701/1288/9 1702/1287/9 1703/1290/9 1704/1289/9
f 1698/1015/1 1701/1016/1 1704/1017/1 1699/1018/1
f 1700/1018/5 1703/1017/5 1702/1016/5 1697/1015/5
f 1699/1291/7 1704/1292/7 1703/1293/7 1700/1294/7
f 1697/1294/3 1702/1293/3 1701/1292/3 1698/1291/3
f 1705/1295/10 1706/1296/10 1707/1297/10 1708/1298/10
f 1709/1296/9 1710/1295/9 1711/1298/9 1712/1297/9
f 1706/1027/1 1709/1028/1 1712/1029/1 1707/1030/1
f 1708/1030/5 1711/1029/5 1710/1028/5 1705/1027/5
f 1707/1299/7 1712/1300/7 1711/1301/7 1708/1302/7
f 1705/1302/3 1710/1301/3 1709/1300/3 1706/1299/3
f 1713/1303/10 1714/1304/10 1715/1305/10 1716/1306/10
f 1717/1304/9 1718/1303/9 1719/1306/9 1720/1305/9
f 1714/1039/1 1717/1040/1 1720/1041/1 1715/1042/1
f 1716/1042/5 1719/1041/5 1718/1040/5 1713/1039/5
f 1715/1291/7 1720/1292/7 1719/1293/7 1716/1294/7
f 1713/1294/3 1718/1293/3 1717/1292/3 1714/1291/3
f 1721/1307/10 1722/1308/10 1723/1309/10 1724/1310/10
f 1725/1308/9 1726/1307/9 1727/1310/9 1728/1309/9
f 1722/1047/1 1725/1048/1 1728/1049/1 1723/1050/1
f 1724/1050/5 1727/1049/5 1726/1048/5 1721/1047/5
f 1723/1291/7 1728/1292/7 1727/1293/7 1724/1294/7
f 1721/1294/3 1726/1293/3 1725/1292/3 1722/1291/3
f 1729/1311/10 1730/1312/10 1731/1313/10 1732/1314/10
f 1733/1312/9 1734/1311/9 1735/1314/9 1736/1313/9
f 1730/1055/1 1733/1056/1 1736/1057/1 1731/1058/1
f 1732/1058/5 1735/1057/5 1734/1056/5 1729/1055/5
f 1731/1299/7 1736/1300/7 1735/1301/7 1732/1302/7
f 1729/1302/3 1734/1301/3 1733/1300/3 1730/1299/3
f 1737/1315/10 1738/1316/10 1739/1317/10 1740/1318/10
f 1741/1316/9 1742/1315/9 1743/1318/9 1744/1317/9
f 1738/1063/1 1741/1064/1 1744/1065/1 1739/1066/1
f 1740/1066/5 1743/1065/5 1742/1064/5 1737/1063/5
f 1739/1291/7 1744/1292/7 1743/1293/7 1740/1294/7
f 1737/1294/3 1742/1293/3 1741/1292/3 1738/1291/3
f 1745/1319/10 1746/1320/10 1747/1321/10 1748/1322/10
f 1749/1320/9 1750/1319/9 1751/1322/9 1752/1321/9
f 1746/1071/1 1749/1072/1 1752/1073/1 1747/1074/1
f 1748/1074/5 1751/1073/5 1750/1072/5 1745/1071/5
f 1747/1291/7 1752/1292/7 1751/1293/7 1748/1294/7
f 1745/1294/3 1750/1293/3 1749/1292/3 1746/1291/3
f 1753/1323/10 1754/1324/10 1755/1325/10 1756/1326/10
f 1757/1324/9 1758/1323/9 1759/1326/9 1760/1325/9
f 1754/1079/1 1757/1080/1 1760/1081/1 1755/1082/1
f 1756/1082/5 1759/1081/5 1758/1080/5 1753/1079/5
f 1755/1299/7 1760/1300/7 1759/1301/7 1756/1302/7
f 1753/1302/3 1758/1301/3 1757/1300/3 1754/1299/3
f 1761/1327/10 1762/1328/10 1763/1329/10 1764/1330/10
f 1765/1328/9 1766/1327/9 1767/1330/9 1768/1329/9
f 1762/1087/1 1765/1088/1 1768/1089/1 1763/1090/1
f 1764/1090/5 1767/1089/5 1766/1088/5 1761/1087/5
f 1763/1291/7 1768/1292/7 1767/1293/7 1764/1294/7
f 1761/1294/3 1766/1293/3 1765/1292/3 1762/1291/3
f 1769/1331/10 1770/1332/10 1771/1333/10 1772/1334/10
f 1773/1332/9 1774/1331/9 1775/1334/9 1776/1333/9
f 1770/1095/1 1773/1096/1 1776/1097/1 1771/1098/1
f 1772/1098/5 1775/1097/5 1774/1096/5 1769/1095/5
f 1771/1291/7 1776/1292/7 1775/1293/7 1772/1294/7
f 1769/1294/3 1774/1293/3 1773/1292/3 1770/1291/3
f 1777/1335/10 1778/1336/10 1779/1337/10 1780/1338/10
f 1781/1336/9 1782/1335/9 1783/1338/9 1784/1337/9
f 1778/1103/1 1781/1104/1 1784/1105/1 1779/1106/1
f 1780/1106/5 1783/1105/5 1782/1104/5 1777/1103/5
f 1779/1299/7 1784/1300/7 1783/1301/7 1780/1302/7
f 1777/1302/3 1782/1301/3 1781/1300/3 1778/1299/3
f 1785/1339/10 1786/1340/10 1787/1341/10 1788/1342/10
f 1789/1340/9 1790/1339/9 1791/1342/9 1792/1341/9
f 1786/1111/1 1789/1112/1 1792/1113/1 1787/1114/1
f 1788/1114/5 1791/1113/5 1790/1112/5 1785/1111/5
f 1787/1291/7 1792/1292/7 1791/1293/7 1788/1294/7
f 1785/1294/3 1790/1293/3 1789/1292/3 1786/1291/3
f 1793/1343/10 1794/1344/10 1795/1345/10 1796/1346/10
f 1797/1344/9 1798/1343/9 1799/1346/9 1800/1345/9
f 1794/1119/1 1797/1120/1 1800/1121/1 1795/1122/1
f 1796/1122/5 1799/1121/5 1798/1120/5 1793/1119/5
f 1795/1291/7 1800/1292/7 1799/1293/7 1796/1294/7
f 1793/1294/3 1798/1293/3 1797/1292/3 1794/1291/3
f 1801/1347/10 1802/1348/10 1803/1349/10 1804/1350/10
f 1805/1348/9 1806/1347/9 1807/1350/9 1808/1349/9
f 1802/1127/1 1805/1128/1 1808/1129/1 1803/1130/1
f 1804/1130/5 1807/1129/5 1806/1128/5 1801/1127/5
f 1803/1299/7 1808/1300/7 1807/1301/7 1804/1302/7
f 1801/1302/3 1806/1301/3 1805/1300/3 1802/1299/3
f 1809/1351/10 1810/1352/10 1811/1353/10 1812/1354/10
f 1813/1352/9 1814/1351/9 1815/1354/9 1816/1353/9
f 1810/1135/1 1813/1136/1 1816/1137/1 1811/1138/1
f 1812/1138/5 1815/1137/5 1814/1136/5 1809/1135/5
f 1811/1291/7 1816/1292/7 1815/1293/7 1812/1294/7
f 1809/1294/3 1814/1293/3 1813/1292/3 1810/1291/3
f 1817/1355/10 1818/1356/10 1819/1357/10 1820/1358/10
f 1821/1356/9 1822/1355/9 1823/1358/9 1824/1357/9
f 1818/1143/1 1821/1144/1 1824/1145/1 1819/1146/1
f 1820/1146/5 1823/1145/5 1822/1144/5 1817/1143/5
f 1819/1291/7 1824/1292/7 1823/1293/7 1820/1294/7
f 1817/1294/3 1822/1293/3 1821/1292/3 1818/1291/3
f 1825/1359/10 1826/1360/10 1827/1361/10 1828/1362/10
f 1829/1360/9 1830/1359/9 1831/1362/9 1832/1361/9
f 1826/1151/1 1829/1152/1 1832/1153/1 1827/1154/1
f 1828/1154/5 1831/1153/5 1830/1152/5 1825/1151/5
f 1827/1299/7 1832/1300/7 1831/1301/7 1828/1302/7
f 1825/1302/3 1830/1301/3 1829/1300/3 1826/1299/3
f 1833/1363/10 1834/1364/10 1835/1365/10 1836/1366/10
f 1837/1364/9 1838/1363/9 1839/1366/9 1840/1365/9
f 1834/1159/1 1837/1160/1 1840/1161/1 1835/1162/1
f 1836/1162/5 1839/1161/5 1838/1160/5 1833/1159/5
f 1835/1367/7 1840/1368/7 1839/1369/7 1836/1370/7
f 1833/1370/3 1838/1369/3 1837/1368/3 1834/1367/3
f 1841/1371/10 1842/1372/10 1843/1373/10 1844/1374/10
f 1845/1372/9 1846/1371/9 1847/1374/9 1848/1373/9
f 1842/1171/1 1845/1172/1 1848/1173/1 1843/1174/1
f 1844/1174/5 1847/1173/5 1846/1172/5 1841/1171/5
f 1843/1367/7 1848/1368/7 1847/1369/7 1844/1370/7
f 1841/1370/3 1846/1369/3 1845/1368/3 1842/1367/3
f 1849/1375/10 1850/1376/10 1851/1377/10 1852/1378/10
f 1853/1376/9 1854/1375/9 1855/1378/9 1856/1377/9
f 1850/995/1 1853/996/1 1856/997/1 1851/998/1
f 1852/998/5 1855/997/5 1854/996/5 1849/995/5
f 1851/1379/7 1856/1380/7 1855/1381/7 1852/1382/7
f 1849/1382/3 1854/1381/3 1853/1380/3 1850/1379/3
f 1857/1375/10 1858/1376/10 1859/1377/10 1860/1378/10
f 1861/1376/9 1862/1375/9 1863/1378/9 1864/1377/9
f 1858/1003/1 1861/1004/1 1864/1005/1 1859/1006/1
f 1860/1006/5 1863/1005/5 1862/1004/5 1857/1003/5
f 1859/1383/7 1864/1384/7 1863/1385/7 1860/1386/7
f 1857/1386/3 1862/1385/3 1861/1384/3 1858/1383/3
f 1865/1387/10 1866/1388/10 1867/1389/10 1868/1390/10
f 1869/1388/9 1870/1387/9 1871/1390/9 1872/1389/9
f 1866/1015/1 1869/1016/1 1872/1017/1 1867/1018/1
f 1868/1018/5 1871/1017/5 1870/1016/5 1865/1015/5
f 1867/1391/7 1872/1392/7 1871/1393/7 1868/1394/7
f 1865/1394/3 1870/1393/3 1869/1392/3 1866/1391/3
f 1873/1395/10 1874/1396/10 1875/1397/10 1876/1398/10
f 1877/1396/9 1878/1395/9 1879/1398/9 1880/1397/9
f 1874/1027/1 1877/1028/1 1880/1029/1 1875/1030/1
f 1876/1030/5 1879/1029/5 1878/1028/5 1873/1027/5
f 1875/1399/7 1880/1400/7 1879/1401/7 1876/1402/7
f 1873/1402/3 1878/1401/3 1877/1400/3 1874/1399/3
f 1881/1403/10 1882/1404/10 1883/1405/10 1884/1406/10
f 1885/1404/9 1886/1403/9 1887/1406/9 1888/1405/9
f 1882/1039/1 1885/1040/1 1888/1041/1 1883/1042/1
f 1884/1042/5 1887/1041/5 1886/1040/5 1881/1039/5
f 1883/1391/7 1888/1392/7 1887/1393/7 1884/1394/7
f 1881/1394/3 1886/1393/3 1885/1392/3 1882/1391/3
f 1889/1407/10 1890/1408/10 1891/1409/10 1892/1410/10
f 1893/1408/9 1894/1407/9 1895/1410/9 1896/1409/9
f 1890/1047/1 1893/1048/1 1896/1049/1 1891/1050/1
f 1892/1050/5 1895/1049/5 1894/1048/5 1889/1047/5
f 1891/1391/7 1896/1392/7 1895/1393/7 1892/1394/7
f 1889/1394/3 1894/1393/3 1893/1392/3 1890/1391/3
f 1897/1411/10 1898/1412/10 1899/1413/10 1900/1414/10
f 1901/1412/9 1902/1411/9 1903/1414/9 1904/1413/9
f 1898/1055/1 1901/1056/1 1904/1057/1 1899/1058/1
f 1900/1058/5 1903/1057/5 1902/1056/5 1897/1055/5
f 1899/1399/7 1904/1400/7 1903/1401/7 1900/1402/7
f 1897/1402/3 1902/1401/3 1901/1400/3 1898/1399/3
f 1905/1415/10 1906/1416/10 1907/1417/10 1908/1418/10
f 1909/1416/9 1910/1415/9 1911/1418/9 1912/1417/9
f 1906/1063/1 1909/1064/1 1912/1065/1 1907/1066/1
f 1908/1066/5 1911/1065/5 1910/1064/5 1905/1063/5
f 1907/1391/7 1912/1392/7 1911/1393/7 1908/1394/7
f 1905/1394/3 1910/1393/3 1909/1392/3 1906/1391/3
f 1913/1419/10 1914/1420/10 1915/1421/10 1916/1422/10
f 1917/1420/9 1918/1419/9 1919/1422/9 1920/1421/9
f 1914/1071/1 1917/1072/1 1920/1073/1 1915/1074/1
f 1916/1074/5 1919/1073/5 1918/1072/5 1913/1071/5
f 1915/1391/7 1920/1392/7 1919/1393/7 1916/1394/7
f 1913/1394/3 1918/1393/3 1917/1392/3 1914/1391/3
f 1921/1423/10 1922/1424/10 1923/1425/10 1924/1426/10
f 1925/1424/9 1926/1423/9 1927/1426/9 1928/1425/9
f 1922/1079/1 1925/1080/1 1928/1081/1 1923/1082/1
f 1924/1082/5 1927/1081/5 1926/1080/5 1921/1079/5
f 1923/1399/7 1928/1400/7 1927/1401/7 1924/1402/7
f 1921/1402/3 1926/1401/3 1925/1400/3 1922/1399/3
f 1929/1427/10 1930/1428/10 1931/1429/10 1932/1430/10
f 1933/1428/9 1934/1427/9 1935/1430/9 1936/1429/9
f 1930/1087/1 1933/1088/1 1936/1089/1 1931/1090/1
f 1932/1090/5 1935/1089/5 1934/1088/5 1929/1087/5
f 1931/1391/7 1936/1392/7 1935/1393/7 1932/1394/7
f 1929/1394/3 1934/1393/3 1933/1392/3 1930/1391/3
f 1937/1431/10 1938/1432/10 1939/1433/10 1940/1434/10
f 1941/1432/9 1942/1431/9 1943/1434/9 1944/1433/9
f 1938/1095/1 1941/1096/1 1944/1097/1 1939/1098/1
f 1940/1098/5 1943/1097/5 1942/1096/5 1937/1095/5
f 1939/1391/7 1944/1392/7 1943/1393/7 1940/1394/7
f 1937/1394/3 1942/1393/3 1941/1392/3 1938/1391/3
f 1945/1435/10 1946/1436/10 1947/1437/10 1948/1438/10
f 1949/1436/9 1950/1435/9 1951/1438/9 1952/1437/9
f 1946/1103/1 1949/1104/1 1952/1105/1 1947/1106/1
f 1948/1106/5 1951/1105/5 1950/1104/5 1945/1103/5
f 1947/1399/7 1952/1400/7 1951/1401/7 1948/1402/7
f 1945/1402/3 1950/1401/3 1949/1400/3 1946/1399/3
f 1953/1439/10 1954/1440/10 1955/1441/10 1956/1442/10
f 1957/1440/9 1958/1439/9 1959/1442/9 1960/1441/9
f 1954/1111/1 1957/1112/1 1960/1113/1 1955/1114/1
f 1956/1114/5 1959/1113/5 1958/1112/5 1953/1111/5
f 1955/1391/7 1960/1392/7 1959/1393/7 1956/1394/7
f 1953/1394/3 1958/1393/3 1957/1392/3 1954/1391/3
f 1961/1443/10 1962/1444/10 1963/1445/10 1964/1446/10
f 1965/1444/9 1966/1443/9 1967/1446/9 1968/1445/9
f 1962/1119/1 1965/1120/1 1968/1121/1 1963/1122/1
f 1964/1122/5 1967/1121/5 1966/1120/5 1961/1119/5
f 1963/1391/7 1968/1392/7 1967/1393/7 1964/1394/7
f 1961/1394/3 1966/1393/3 1965/1392/3 1962/1391/3
f 1969/1447/10 1970/1448/10 1971/1449/10 1972/1450/10
f 1973/1448/9 1974/1447/9 1975/1450/9 1976/1449/9
f 1970/1127/1 1973/1128/1 1976/1129/1 1971/1130/1
f 1972/1130/5 1975/1129/5 1974/1128/5 1969/1127/5
f 1971/1399/7 1976/1400/7 1975/1401/7 1972/1402/7
f 1969/1402/3 1974/1401/3 1973/1400/3 1970/1399/3
f 1977/1451/10 1978/1452/10 1979/1453/10 1980/1454/10
f 1981/1452/9 1982/1451/9 1983/1454/9 1984/1453/9
f 1978/1135/1 1981/1136/1 1984/1137/1 1979/1138/1
f 1980/1138/5 1983/1137/5 1982/1136/5 1977/1135/5
f 1979/1391/7 1984/1392/7 1983/1393/7 1980/1394/7
f 1977/1394/3 1982/1393/3 1981/1392/3 1978/1391/3
f 1985/1455/10 1986/1456/10 1987/1457/10 1988/1458/10
f 1989/1456/9 1990/1455/9 1991/1458/9 1992/1457/9
f 1986/1143/1 1989/1144/1 1992/1145/1 1987/1146/1
f 1988/1146/5 1991/1145/5 1990/1144/5 1985/1143/5
f 1987/1391/7 1992/1392/7 1991/1393/7 1988/1394/7
f 1985/1394/3 1990/1393/3 1989/1392/3 1986/1391/3
f 1993/1459/10 1994/1460/10 1995/1461/10 1996/1462/10
f 1997/1460/9 1998/1459/9 1999/1462/9 2000/1461/9
f 1994/1151/1 1997/1152/1 2000/1153/1 1995/1154/1
f 1996/1154/5 1999/1153/5 1998/1152/5 1993/1151/5
f 1995/1399/7 2000/1400/7 1999/1401/7 1996/1402/7
f 1993/1402/3 1998/1401/3 1997/1400/3 1994/1399/3
f 2001/1463/10 2002/1464/10 2003/1465/10 2004/1466/10
f 2005/1464/9 2006/1463/9 2007/1466/9 2008/1465/9
f 2002/1159/1 2005/1160/1 2008/1161/1 2003/1162/1
f 2004/1162/5 2007/1161/5 2006/1160/5 2001/1159/5
f 2003/1467/7 2008/1468/7 2007/1469/7 2004/1470/7
f 2001/1470/3 2006/1469/3 2005/1468/3 2002/1467/3
f 2009/1471/10 2010/1472/10 2011/1473/10 2012/1474/10
f 2013/1472/9 2014/1471/9 2015/1474/9 2016/1473/9
f 2010/1171/1 2013/1172/1 2016/1173/1 2011/1174/1
f 2012/1174/5 2015/1173/5 2014/1172/5 2009/1171/5
f 2011/1467/7 2016/1468/7 2015/1469/7 2012/1470/7
f 2009/1470/3 2014/1469/3 2013/1468/3 2010/1467/3
f 2017/1475/10 2018/1476/10 2019/1477/10 2020/1478/10
f 2021/1476/9 2022/1475/9 2023/1478/9 2024/1477/9
f 2018/995/1 2021/996/1 2024/997/1 2019/998/1
f 2020/998/5 2023/997/5 2022/996/5 2017/995/5
f 2019/1479/7 2024/1480/7 2023/1481/7 2020/1482/7
f 2017/1482/3 2022/1481/3 2021/1480/3 2018/1479/3
f 2025/1475/10 2026/1476/10 2027/1477/10 2028/1478/10
f 2029/1476/9 2030/1475/9 2031/1478/9 2032/1477/9
f 2026/1003/1 2029/1004/1 2032/1005/1 2027/1006/1
f 2028/1006/5 2031/1005/5 2030/1004/5 2025/1003/5
f 2027/1483/7 2032/1484/7 2031/1485/7 2028/1486/7
f 2025/1486/3 2030/1485/3 2029/1484/3 2026/1483/3
f 2033/1487/10 2034/1488/10 2035/1489/10 2036/1490/10
f 2037/1488/9 2038/1487/9 2039/1490/9 2040/1489/9
f 2034/1015/1 2037/1016/1 2040/1017/1 2035/1018/1
f 2036/1018/5 2039/1017/5 2038/1016/5 2033/1015/5
f 2035/1491/7 2040/1492/7 2039/1493/7 2036/1494/7
f 2033/1494/3 2038/1493/3 2037/1492/3 2034/1491/3
f 2041/1495/10 2042/1496/10 2043/1497/10 2044/1498/10
f 2045/1496/9 2046/1495/9 2047/1498/9 2048/1497/9
f 2042/1027/1 2045/1028/1 2048/1029/1 2043/1030/1
f 2044/1030/5 2047/1029/5 2046/1028/5 2041/1027/5
f 2043/1499/7 2048/1500/7 2047/1501/7 2044/1502/7
f 2041/1502/3 2046/1501/3 2045/1500/3 2042/1499/3
f 2049/1503/10 2050/1504/10 2051/1505/10 2052/1506/10
f 2053/1504/9 2054/1503/9 2055/1506/9 2056/1505/9
f 2050/1039/1 2053/1040/1 2056/1041/1 2051/1042/1
f 2052/1042/5 2055/1041/5 2054/1040/5 2049/1039/5
f 2051/1491/7 2056/1492/7 2055/1493/7 2052/1494/7
f 2049/1494/3 2054/1493/3 2053/1492/3 2050/1491/3
f 2057/1507/10 2058/1508/10 2059/1509/10 2060/1510/10
f 2061/1508/9 2062/1507/9 2063/1510/9 2064/1509/9
f 2058/1047/1 2061/1048/1 2064/1049/1 2059/1050/1
f 2060/1050/5 2063/1049/5 2062/1048/5 2057/1047/5
f 2059/1491/7 2064/1492/7 2063/1493/7 2060/1494/7
f 2057/1494/3 2062/1493/3 2061/1492/3 2058/1491/3
f 2065/1511/10 2066/1512/10 2067/1513/10 2068/1514/10
f 2069/1512/9 2070/1511/9 2071/1514/9 2072/1513/9
f 2066/1055/1 2069/1056/1 2072/1057/1 2067/1058/1
f 2068/1058/5 2071/1057/5 2070/1056/5 2065/1055/5
f 2067/1499/7 2072/1500/7 2071/1501/7 2068/1502/7
f 2065/1502/3 2070/1501/3 2069/1500/3 2066/1499/3
f 2073/1515/10 2074/1516/10 2075/1517/10 2076/1518/10
f 2077/1516/9 2078/1515/9 2079/1518/9 2080/1517/9
f 2074/1063/1 2077/1064/1 2080/1065/1 2075/1066/1
f 2076/1066/5 2079/1065/5 2078/1064/5 2073/1063/5
f 2075/1491/7 2080/1492/7 2079/1493/7 2076/1494/7
f 2073/1494/3 2078/1493/3 2077/1492/3 2074/1491/3
f 2081/1519/10 2082/1520/10 2083/1521/10 2084/1522/10
f 2085/1520/9 2086/1519/9 2087/1522/9 2088/1521/9
f 2082/1071/1 2085/1072/1 2088/1073/1 2083/1074/1
f 2084/1074/5 2087/1073/5 2086/1072/5 2081/1071/5
f 2083/1491/7 2088/1492/7 2087/1493/7 2084/1494/7
f 2081/1494/3 2086/1493/3 2085/1492/3 2082/1491/3
f 2089/1523/10 2090/1524/10 2091/1525/10 2092/1526/10
f 2093/1524/9 2094/1523/9 2095/1526/9 2096/1525/9
f 2090/1079/1 2093/1080/1 2096/1081/1 2091/1082/1
f 2092/1082/5 2095/1081/5 2094/1080/5 2089/1079/5
f 2091/1499/7 2096/1500/7 2095/1501/7 2092/1502/7
f 2089/1502/3 2094/1501/3 2093/1500/3 2090/1499/3
f 2097/1527/10 2098/1528/10 2099/1529/10 2100/1530/10
f 2101/1528/9 2102/1527/9 2103/1530/9 2104/1529/9
f 2098/1087/1 2101/1088/1 2104/1089/1 2099/1090/1
f 2100/1090/5 2103/1089/5 2102/1088/5 2097/1087/5
f 2099/1491/7 2104/1492/7 2103/1493/7 2100/1494/7
f 2097/1494/3 2102/1493/3 2101/1492/3 2098/1491/3
f 2105/1531/10 2106/1532/10 2107/1533/10 2108/1534/10
f 2109/1532/9 2110/1531/9 2111/1534/9 2112/1533/9
f 2106/1095/1 2109/1096/1 2112/1097/1 2107/1098/1
f 2108/1098/5 2111/1097/5 2110/1096/5 2105/1095/5
f 2107/1491/7 2112/1492/7 2111/1493/7 2108/1494/7
f 2105/1494/3 2110/1493/3 2109/1492/3 2106/1491/3
f 2113/1535/10 2114/1536/10 2115/1537/10 2116/1538/10
f 2117/1536/9 2118/1535/9 2119/1538/9 2120/1537/9
f 2114/1103/1 2117/1104/1 2120/1105/1 2115/1106/1
f 2116/1106/5 2119/1105/5 2118/1104/5 2113/1103/5
f 2115/1499/7 2120/1500/7 2119/1501/7 2116/1502/7
f 2113/1502/3 2118/1501/3 2117/1500/3 2114/1499/3
f 2121/1539/10 2122/1540/10 2123/1541/10 2124/1542/10
f 2125/1540/9 2126/1539/9 2127/1542/9 2128/1541/9
f 2122/1111/1 2125/1112/1 2128/1113/1 2123/1114/1
f 2124/1114/5 2127/1113/5 2126/1112/5 2121/1111/5
f 2123/1491/7 2128/1492/7 2127/1493/7 2124/1494/7
f 2121/1494/3 2126/1493/3 2125/1492/3 2122/1491/3
f 2129/1543/10 2130/1544/10 2131/1545/10 2132/1546/10
f 2133/1544/9 2134/1543/9 2135/1546/9 2136/1545/9
f 2130/1119/1 2133/1120/1 2136/1121/1 2131/1122/1
f 2132/1122/5 2135/1121/5 2134/1120/5 2129/1119/5
f 2131/1491/7 2136/1492/7 2135/1493/7 2132/1494/7
f 2129/1494/3 2134/1493/3 2133/1492/3 2130/1491/3
f 2137/1547/10 2138/1548/10 2139/1549/10 2140/1550/10
f 2141/1548/9 2142/1547/9 2143/1550/9 2144/1549/9
f 2138/1127/1 2141/1128/1 2144/1129/1 2139/1130/1
f 2140/1130/5 2143/1129/5 2142/1128/5 2137/1127/5
f 2139/1499/7 2144/1500/7 2143/1501/7 2140/1502/7
f 2137/1502/3 2142/1501/3 2141/1500/3 2138/1499/3
f 2145/1551/10 2146/1552/10 2147/1553/10 2148/1554/10
f 2149/1552/9 2150/1551/9 2151/1554/9 2152/1553/9
f 2146/1135/1 2149/1136/1 2152/1137/1 2147/1138/1
f 2148/1138/5 2151/1137/5 2150/1136/5 2145/1135/5
f 2147/1491/7 2152/1492/7 2151/1493/7 2148/1494/7
f 2145/1494/3 2150/1493/3 2149/1492/3 2146/1491/3
f 2153/1555/10 2154/1556/10 2155/1557/10 2156/1558/10
f 2157/1556/9 2158/1555/9 2159/1558/9 2160/1557/9
f 2154/1143/1 2157/1144/1 2160/1145/1 2155/1146/1
f 2156/1146/5 2159/1145/5 2158/1144/5 2153/1143/5
f 2155/1491/7 2160/1492/7 2159/1493/7 2156/1494/7
f 2153/1494/3 2158/1493/3 2157/1492/3 2154/1491/3
f 2161/1559/10 2162/1560/10 2163/1561/10 2164/1562/10
f 2165/1560/9 2166/1559/9 2167/1562/9 2168/1561/9
f 2162/1151/1 2165/1152/1 2168/1153/1 2163/1154/1
f 2164/1154/5 2167/1153/5 2166/1152/5 2161/1151/5
f 2163/1499/7 2168/1500/7 2167/1501/7 2164/1502/7
f 2161/1502/3 2166/1501/3 2165/1500/3 2162/1499/3
f 2169/1563/10 2170/1564/10 2171/1565/10 2172/1566/10
f 2173/1564/9 2174/1563/9 2175/1566/9 2176/1565/9
f 2170/1159/1 2173/1160/1 2176/1161/1 2171/1162/1
f 2172/1162/5 2175/1161/5 2174/1160/5 2169/1159/5
f 2171/1567/7 2176/1568/7 2175/1569/7 2172/1570/7
f 2169/1570/3 2174/1569/3 2173/1568/3 2170/1567/3
f 2177/1571/10 2178/1572/10 2179/1573/10 2180/1574/10
f 2181/1572/9 2182/1571/9 2183/1574/9 2184/1573/9
f 2178/1171/1 2181/1172/1 2184/1173/1 2179/1174/1
f 2180/1174/5 2183/1173/5 2182/1172/5 2177/1171/5
f 2179/1567/7 2184/1568/7 2183/1569/7 2180/1570/7
f 2177/1570/3 2182/1569/3 2181/1568/3 2178/1567/3
g tie_beams
f 2185/1575/10 2186/1576/10 2187/1577/10 2188/1578/10
f 2189/1576/9 2190/1575/9 2191/1578/9 2192/1577/9
f 2186/1579/1 2189/1580/1 2192/1581/1 2187/1582/1
f 2188/1582/5 2191/1581/5 2190/1580/5 2185/1579/5
f 2187/1583/7 2192/1584/7 2191/1585/7 2188/1004/7
f 2185/1004/3 2190/1585/3 2189/1584/3 2186/1583/3
f 2193/1586/10 2194/1587/10 2195/1588/10 2196/1589/10
f 2197/1587/9 2198/1586/9 2199/1589/9 2200/1588/9
f 2194/1590/1 2197/1591/1 2200/1592/1 2195/1593/1
f 2196/1593/5 2199/1592/5 2198/1591/5 2193/1590/5
f 2195/1583/7 2200/1584/7 2199/1585/7 2196/1004/7
f 2193/1004/3 2198/1585/3 2197/1584/3 2194/1583/3
f 2201/1594/10 2202/1595/10 2203/1596/10 2204/1597/10
f 2205/1595/9 2206/1594/9 2207/1597/9 2208/1596/9
f 2202/1598/1 2205/1599/1 2208/1600/1 2203/1601/1
f 2204/1601/5 2207/1600/5 2206/1599/5 2201/1598/5
f 2203/1602/7 2208/1603/7 2207/1604/7 2204/1605/7
f 2201/1605/3 2206/1604/3 2205/1603/3 2202/1602/3
