# STW_ARENA_PROP_01 - original STW production arena kit geometry
# Generated deterministically by tools/assets/generate_stw_arena_kit.py
# Axis convention: raw Z-up, +Y forward, metres, unrotated. O3DE imports OBJ
# vertices as (-x, z, y) and the runtime applies the compensating rotation
# Matrix3x3::CreateFromColumns(-X, Z, Y) at bind time.
# UVs are world-planar, scaled to 0.75 m per tile.
# No mtllib / usemtl: the runtime binds one Atom StandardPBR material through
# the mesh feature processor's default custom material slot.
o STW_ARENA_PROP_01
v -7.845000 -12.310000 0.000000
v -6.955000 -12.310000 0.000000
v -6.955000 -12.310000 0.840000
v -7.845000 -12.310000 0.840000
v -6.900000 -12.255000 0.000000
v -6.900000 -12.255000 0.840000
v -6.900000 -11.815000 0.000000
v -6.900000 -11.815000 0.840000
v -6.955000 -11.760000 0.000000
v -6.955000 -11.760000 0.840000
v -7.845000 -11.760000 0.000000
v -7.845000 -11.760000 0.840000
v -7.900000 -11.815000 0.000000
v -7.900000 -11.815000 0.840000
v -7.900000 -12.255000 0.000000
v -7.900000 -12.255000 0.840000
v -6.970000 -11.800000 0.780000
v -6.970000 -12.270000 0.780000
v -7.830000 -12.270000 0.780000
v -7.830000 -11.800000 0.780000
v -6.970000 -12.270000 0.840000
v -6.970000 -11.800000 0.840000
v -7.830000 -11.800000 0.840000
v -7.830000 -12.270000 0.840000
v -7.730000 -11.760000 0.126000
v -7.730000 -11.820000 0.126000
v -7.830000 -11.820000 0.126000
v -7.830000 -11.760000 0.126000
v -7.730000 -11.820000 0.714000
v -7.730000 -11.760000 0.714000
v -7.830000 -11.760000 0.714000
v -7.830000 -11.820000 0.714000
v -6.970000 -11.760000 0.126000
v -6.970000 -11.820000 0.126000
v -7.070000 -11.820000 0.126000
v -7.070000 -11.760000 0.126000
v -6.970000 -11.820000 0.714000
v -6.970000 -11.760000 0.714000
v -7.070000 -11.760000 0.714000
v -7.070000 -11.820000 0.714000
v -4.515000 -12.310000 0.000000
v -3.885000 -12.310000 0.000000
v -3.885000 -12.310000 0.620000
v -4.515000 -12.310000 0.620000
v -3.830000 -12.255000 0.000000
v -3.830000 -12.255000 0.620000
v -3.830000 -11.815000 0.000000
v -3.830000 -11.815000 0.620000
v -3.885000 -11.760000 0.000000
v -3.885000 -11.760000 0.620000
v -4.515000 -11.760000 0.000000
v -4.515000 -11.760000 0.620000
v -4.570000 -11.815000 0.000000
v -4.570000 -11.815000 0.620000
v -4.570000 -12.255000 0.000000
v -4.570000 -12.255000 0.620000
v -3.881800 -11.800000 0.560000
v -3.881800 -12.270000 0.560000
v -4.518200 -12.270000 0.560000
v -4.518200 -11.800000 0.560000
v -3.881800 -12.270000 0.620000
v -3.881800 -11.800000 0.620000
v -4.518200 -11.800000 0.620000
v -4.518200 -12.270000 0.620000
v -4.431200 -11.760000 0.093000
v -4.431200 -11.820000 0.093000
v -4.531200 -11.820000 0.093000
v -4.531200 -11.760000 0.093000
v -4.431200 -11.820000 0.527000
v -4.431200 -11.760000 0.527000
v -4.531200 -11.760000 0.527000
v -4.531200 -11.820000 0.527000
v -3.868800 -11.760000 0.093000
v -3.868800 -11.820000 0.093000
v -3.968800 -11.820000 0.093000
v -3.968800 -11.760000 0.093000
v -3.868800 -11.820000 0.527000
v -3.868800 -11.760000 0.527000
v -3.968800 -11.760000 0.527000
v -3.968800 -11.820000 0.527000
v 3.195000 -12.310000 0.000000
v 4.005000 -12.310000 0.000000
v 4.005000 -12.310000 0.780000
v 3.195000 -12.310000 0.780000
v 4.060000 -12.255000 0.000000
v 4.060000 -12.255000 0.780000
v 4.060000 -11.815000 0.000000
v 4.060000 -11.815000 0.780000
v 4.005000 -11.760000 0.000000
v 4.005000 -11.760000 0.780000
v 3.195000 -11.760000 0.000000
v 3.195000 -11.760000 0.780000
v 3.140000 -11.815000 0.000000
v 3.140000 -11.815000 0.780000
v 3.140000 -12.255000 0.000000
v 3.140000 -12.255000 0.780000
v 3.995600 -11.800000 0.720000
v 3.995600 -12.270000 0.720000
v 3.204400 -12.270000 0.720000
v 3.204400 -11.800000 0.720000
v 3.995600 -12.270000 0.780000
v 3.995600 -11.800000 0.780000
v 3.204400 -11.800000 0.780000
v 3.204400 -12.270000 0.780000
v 3.300400 -11.760000 0.117000
v 3.300400 -11.820000 0.117000
v 3.200400 -11.820000 0.117000
v 3.200400 -11.760000 0.117000
v 3.300400 -11.820000 0.663000
v 3.300400 -11.760000 0.663000
v 3.200400 -11.760000 0.663000
v 3.200400 -11.820000 0.663000
v 3.999600 -11.760000 0.117000
v 3.999600 -11.820000 0.117000
v 3.899600 -11.820000 0.117000
v 3.899600 -11.760000 0.117000
v 3.999600 -11.820000 0.663000
v 3.999600 -11.760000 0.663000
v 3.899600 -11.760000 0.663000
v 3.899600 -11.820000 0.663000
v 7.645000 -12.310000 0.000000
v 8.155000 -12.310000 0.000000
v 8.155000 -12.310000 0.540000
v 7.645000 -12.310000 0.540000
v 8.210000 -12.255000 0.000000
v 8.210000 -12.255000 0.540000
v 8.210000 -11.815000 0.000000
v 8.210000 -11.815000 0.540000
v 8.155000 -11.760000 0.000000
v 8.155000 -11.760000 0.540000
v 7.645000 -11.760000 0.000000
v 7.645000 -11.760000 0.540000
v 7.590000 -11.815000 0.000000
v 7.590000 -11.815000 0.540000
v 7.590000 -12.255000 0.000000
v 7.590000 -12.255000 0.540000
v 8.166600 -11.800000 0.480000
v 8.166600 -12.270000 0.480000
v 7.633400 -12.270000 0.480000
v 7.633400 -11.800000 0.480000
v 8.166600 -12.270000 0.540000
v 8.166600 -11.800000 0.540000
v 7.633400 -11.800000 0.540000
v 7.633400 -12.270000 0.540000
v 7.714400 -11.760000 0.081000
v 7.714400 -11.820000 0.081000
v 7.614400 -11.820000 0.081000
v 7.614400 -11.760000 0.081000
v 7.714400 -11.820000 0.459000
v 7.714400 -11.760000 0.459000
v 7.614400 -11.760000 0.459000
v 7.614400 -11.820000 0.459000
v 8.185600 -11.760000 0.081000
v 8.185600 -11.820000 0.081000
v 8.085600 -11.820000 0.081000
v 8.085600 -11.760000 0.081000
v 8.185600 -11.820000 0.459000
v 8.185600 -11.760000 0.459000
v 8.085600 -11.760000 0.459000
v 8.085600 -11.820000 0.459000
v -7.655000 -12.310000 0.840000
v -7.145000 -12.310000 0.840000
v -7.145000 -12.310000 1.300000
v -7.655000 -12.310000 1.300000
v -7.090000 -12.255000 0.840000
v -7.090000 -12.255000 1.300000
v -7.090000 -11.815000 0.840000
v -7.090000 -11.815000 1.300000
v -7.145000 -11.760000 0.840000
v -7.145000 -11.760000 1.300000
v -7.655000 -11.760000 0.840000
v -7.655000 -11.760000 1.300000
v -7.710000 -11.815000 0.840000
v -7.710000 -11.815000 1.300000
v -7.710000 -12.255000 0.840000
v -7.710000 -12.255000 1.300000
v -7.133400 -11.800000 1.240000
v -7.133400 -12.270000 1.240000
v -7.666600 -12.270000 1.240000
v -7.666600 -11.800000 1.240000
v -7.133400 -12.270000 1.300000
v -7.133400 -11.800000 1.300000
v -7.666600 -11.800000 1.300000
v -7.666600 -12.270000 1.300000
v -7.585600 -11.760000 0.909000
v -7.585600 -11.820000 0.909000
v -7.685600 -11.820000 0.909000
v -7.685600 -11.760000 0.909000
v -7.585600 -11.820000 1.231000
v -7.585600 -11.760000 1.231000
v -7.685600 -11.760000 1.231000
v -7.685600 -11.820000 1.231000
v -7.114400 -11.760000 0.909000
v -7.114400 -11.820000 0.909000
v -7.214400 -11.820000 0.909000
v -7.214400 -11.760000 0.909000
v -7.114400 -11.820000 1.231000
v -7.114400 -11.760000 1.231000
v -7.214400 -11.760000 1.231000
v -7.214400 -11.820000 1.231000
v 0.395000 -12.221000 1.080000
v 1.405000 -12.221000 1.080000
v 1.405000 -12.221000 1.520000
v 0.395000 -12.221000 1.520000
v 1.475000 -12.151000 1.080000
v 1.475000 -12.151000 1.520000
v 1.475000 -11.840000 1.080000
v 1.475000 -11.840000 1.520000
v 1.405000 -11.770000 1.080000
v 1.405000 -11.770000 1.520000
v 0.395000 -11.770000 1.080000
v 0.395000 -11.770000 1.520000
v 0.325000 -11.840000 1.080000
v 0.325000 -11.840000 1.520000
v 0.325000 -12.151000 1.080000
v 0.325000 -12.151000 1.520000
v 1.406000 -11.800000 1.525000
v 1.406000 -12.171000 1.525000
v 0.394000 -12.171000 1.525000
v 0.394000 -11.800000 1.525000
v 1.406000 -12.171000 1.575000
v 1.406000 -11.800000 1.575000
v 0.394000 -11.800000 1.575000
v 0.394000 -12.171000 1.575000
v -12.255000 -9.125000 0.000000
v -11.815000 -9.125000 0.000000
v -11.815000 -9.125000 0.880000
v -12.255000 -9.125000 0.880000
v -11.760000 -9.070000 0.000000
v -11.760000 -9.070000 0.880000
v -11.760000 -8.130000 0.000000
v -11.760000 -8.130000 0.880000
v -11.815000 -8.075000 0.000000
v -11.815000 -8.075000 0.880000
v -12.255000 -8.075000 0.000000
v -12.255000 -8.075000 0.880000
v -12.310000 -8.130000 0.000000
v -12.310000 -8.130000 0.880000
v -12.310000 -9.070000 0.000000
v -12.310000 -9.070000 0.880000
v -11.800000 -8.148500 0.820000
v -11.800000 -9.051500 0.820000
v -12.270000 -9.051500 0.820000
v -12.270000 -8.148500 0.820000
v -11.800000 -9.051500 0.880000
v -11.800000 -8.148500 0.880000
v -12.270000 -8.148500 0.880000
v -12.270000 -9.051500 0.880000
v -11.760000 -8.949000 0.132000
v -11.760000 -9.049000 0.132000
v -11.820000 -9.049000 0.132000
v -11.820000 -8.949000 0.132000
v -11.760000 -9.049000 0.748000
v -11.760000 -8.949000 0.748000
v -11.820000 -8.949000 0.748000
v -11.820000 -9.049000 0.748000
v -11.760000 -8.151000 0.132000
v -11.760000 -8.251000 0.132000
v -11.820000 -8.251000 0.132000
v -11.820000 -8.151000 0.132000
v -11.760000 -8.251000 0.748000
v -11.760000 -8.151000 0.748000
v -11.820000 -8.151000 0.748000
v -11.820000 -8.251000 0.748000
v -12.255000 -3.550000 0.000000
v -11.815000 -3.550000 0.000000
v -11.815000 -3.550000 0.600000
v -12.255000 -3.550000 0.600000
v -11.760000 -3.495000 0.000000
v -11.760000 -3.495000 0.600000
v -11.760000 -2.905000 0.000000
v -11.760000 -2.905000 0.600000
v -11.815000 -2.850000 0.000000
v -11.815000 -2.850000 0.600000
v -12.255000 -2.850000 0.000000
v -12.255000 -2.850000 0.600000
v -12.310000 -2.905000 0.000000
v -12.310000 -2.905000 0.600000
v -12.310000 -3.495000 0.000000
v -12.310000 -3.495000 0.600000
v -11.800000 -2.899000 0.540000
v -11.800000 -3.501000 0.540000
v -12.270000 -3.501000 0.540000
v -12.270000 -2.899000 0.540000
v -11.800000 -3.501000 0.600000
v -11.800000 -2.899000 0.600000
v -12.270000 -2.899000 0.600000
v -12.270000 -3.501000 0.600000
v -11.760000 -3.416000 0.090000
v -11.760000 -3.516000 0.090000
v -11.820000 -3.516000 0.090000
v -11.820000 -3.416000 0.090000
v -11.760000 -3.516000 0.510000
v -11.760000 -3.416000 0.510000
v -11.820000 -3.416000 0.510000
v -11.820000 -3.516000 0.510000
v -11.760000 -2.884000 0.090000
v -11.760000 -2.984000 0.090000
v -11.820000 -2.984000 0.090000
v -11.820000 -2.884000 0.090000
v -11.760000 -2.984000 0.510000
v -11.760000 -2.884000 0.510000
v -11.820000 -2.884000 0.510000
v -11.820000 -2.984000 0.510000
v -12.255000 2.920000 0.000000
v -11.815000 2.920000 0.000000
v -11.815000 2.920000 0.820000
v -12.255000 2.920000 0.820000
v -11.760000 2.975000 0.000000
v -11.760000 2.975000 0.820000
v -11.760000 3.825000 0.000000
v -11.760000 3.825000 0.820000
v -11.815000 3.880000 0.000000
v -11.815000 3.880000 0.820000
v -12.255000 3.880000 0.000000
v -12.255000 3.880000 0.820000
v -12.310000 3.825000 0.000000
v -12.310000 3.825000 0.820000
v -12.310000 2.975000 0.000000
v -12.310000 2.975000 0.820000
v -11.800000 3.812800 0.760000
v -11.800000 2.987200 0.760000
v -12.270000 2.987200 0.760000
v -12.270000 3.812800 0.760000
v -11.800000 2.987200 0.820000
v -11.800000 3.812800 0.820000
v -12.270000 3.812800 0.820000
v -12.270000 2.987200 0.820000
v -11.760000 3.085200 0.123000
v -11.760000 2.985200 0.123000
v -11.820000 2.985200 0.123000
v -11.820000 3.085200 0.123000
v -11.760000 2.985200 0.697000
v -11.760000 3.085200 0.697000
v -11.820000 3.085200 0.697000
v -11.820000 2.985200 0.697000
v -11.760000 3.814800 0.123000
v -11.760000 3.714800 0.123000
v -11.820000 3.714800 0.123000
v -11.820000 3.814800 0.123000
v -11.760000 3.714800 0.697000
v -11.760000 3.814800 0.697000
v -11.820000 3.814800 0.697000
v -11.820000 3.714800 0.697000
v -12.255000 8.670000 0.000000
v -11.815000 8.670000 0.000000
v -11.815000 8.670000 0.560000
v -12.255000 8.670000 0.560000
v -11.760000 8.725000 0.000000
v -11.760000 8.725000 0.560000
v -11.760000 9.275000 0.000000
v -11.760000 9.275000 0.560000
v -11.815000 9.330000 0.000000
v -11.815000 9.330000 0.560000
v -12.255000 9.330000 0.000000
v -12.255000 9.330000 0.560000
v -12.310000 9.275000 0.000000
v -12.310000 9.275000 0.560000
v -12.310000 8.725000 0.000000
v -12.310000 8.725000 0.560000
v -11.800000 9.283800 0.500000
v -11.800000 8.716200 0.500000
v -12.270000 8.716200 0.500000
v -12.270000 9.283800 0.500000
v -11.800000 8.716200 0.560000
v -11.800000 9.283800 0.560000
v -12.270000 9.283800 0.560000
v -12.270000 8.716200 0.560000
v -11.760000 8.799200 0.084000
v -11.760000 8.699200 0.084000
v -11.820000 8.699200 0.084000
v -11.820000 8.799200 0.084000
v -11.760000 8.699200 0.476000
v -11.760000 8.799200 0.476000
v -11.820000 8.799200 0.476000
v -11.820000 8.699200 0.476000
v -11.760000 9.300800 0.084000
v -11.760000 9.200800 0.084000
v -11.820000 9.200800 0.084000
v -11.820000 9.300800 0.084000
v -11.760000 9.200800 0.476000
v -11.760000 9.300800 0.476000
v -11.820000 9.300800 0.476000
v -11.820000 9.200800 0.476000
v 11.815000 -9.390000 0.000000
v 12.255000 -9.390000 0.000000
v 12.255000 -9.390000 0.800000
v 11.815000 -9.390000 0.800000
v 12.310000 -9.335000 0.000000
v 12.310000 -9.335000 0.800000
v 12.310000 -8.465000 0.000000
v 12.310000 -8.465000 0.800000
v 12.255000 -8.410000 0.000000
v 12.255000 -8.410000 0.800000
v 11.815000 -8.410000 0.000000
v 11.815000 -8.410000 0.800000
v 11.760000 -8.465000 0.000000
v 11.760000 -8.465000 0.800000
v 11.760000 -9.335000 0.000000
v 11.760000 -9.335000 0.800000
v 12.270000 -8.478600 0.740000
v 12.270000 -9.321400 0.740000
v 11.800000 -9.321400 0.740000
v 11.800000 -8.478600 0.740000
v 12.270000 -9.321400 0.800000
v 12.270000 -8.478600 0.800000
v 11.800000 -8.478600 0.800000
v 11.800000 -9.321400 0.800000
v 11.820000 -9.222400 0.120000
v 11.820000 -9.322400 0.120000
v 11.760000 -9.322400 0.120000
v 11.760000 -9.222400 0.120000
v 11.820000 -9.322400 0.680000
v 11.820000 -9.222400 0.680000
v 11.760000 -9.222400 0.680000
v 11.760000 -9.322400 0.680000
v 11.820000 -8.477600 0.120000
v 11.820000 -8.577600 0.120000
v 11.760000 -8.577600 0.120000
v 11.760000 -8.477600 0.120000
v 11.820000 -8.577600 0.680000
v 11.820000 -8.477600 0.680000
v 11.760000 -8.477600 0.680000
v 11.760000 -8.577600 0.680000
v 11.815000 -3.360000 0.000000
v 12.255000 -3.360000 0.000000
v 12.255000 -3.360000 0.640000
v 11.815000 -3.360000 0.640000
v 12.310000 -3.305000 0.000000
v 12.310000 -3.305000 0.640000
v 12.310000 -2.695000 0.000000
v 12.310000 -2.695000 0.640000
v 12.255000 -2.640000 0.000000
v 12.255000 -2.640000 0.640000
v 11.815000 -2.640000 0.000000
v 11.815000 -2.640000 0.640000
v 11.760000 -2.695000 0.000000
v 11.760000 -2.695000 0.640000
v 11.760000 -3.305000 0.000000
v 11.760000 -3.305000 0.640000
v 12.270000 -2.690400 0.580000
v 12.270000 -3.309600 0.580000
v 11.800000 -3.309600 0.580000
v 11.800000 -2.690400 0.580000
v 12.270000 -3.309600 0.640000
v 12.270000 -2.690400 0.640000
v 11.800000 -2.690400 0.640000
v 11.800000 -3.309600 0.640000
v 11.820000 -3.223600 0.096000
v 11.820000 -3.323600 0.096000
v 11.760000 -3.323600 0.096000
v 11.760000 -3.223600 0.096000
v 11.820000 -3.323600 0.544000
v 11.820000 -3.223600 0.544000
v 11.760000 -3.223600 0.544000
v 11.760000 -3.323600 0.544000
v 11.820000 -2.676400 0.096000
v 11.820000 -2.776400 0.096000
v 11.760000 -2.776400 0.096000
v 11.760000 -2.676400 0.096000
v 11.820000 -2.776400 0.544000
v 11.820000 -2.676400 0.544000
v 11.760000 -2.676400 0.544000
v 11.760000 -2.776400 0.544000
v 11.815000 2.590000 0.000000
v 12.255000 2.590000 0.000000
v 12.255000 2.590000 0.860000
v 11.815000 2.590000 0.860000
v 12.310000 2.645000 0.000000
v 12.310000 2.645000 0.860000
v 12.310000 3.555000 0.000000
v 12.310000 3.555000 0.860000
v 12.255000 3.610000 0.000000
v 12.255000 3.610000 0.860000
v 11.815000 3.610000 0.000000
v 11.815000 3.610000 0.860000
v 11.760000 3.555000 0.000000
v 11.760000 3.555000 0.860000
v 11.760000 2.645000 0.000000
v 11.760000 2.645000 0.860000
v 12.270000 3.538600 0.800000
v 12.270000 2.661400 0.800000
v 11.800000 2.661400 0.800000
v 11.800000 3.538600 0.800000
v 12.270000 2.661400 0.860000
v 12.270000 3.538600 0.860000
v 11.800000 3.538600 0.860000
v 11.800000 2.661400 0.860000
v 11.820000 2.762400 0.129000
v 11.820000 2.662400 0.129000
v 11.760000 2.662400 0.129000
v 11.760000 2.762400 0.129000
v 11.820000 2.662400 0.731000
v 11.820000 2.762400 0.731000
v 11.760000 2.762400 0.731000
v 11.760000 2.662400 0.731000
v 11.820000 3.537600 0.129000
v 11.820000 3.437600 0.129000
v 11.760000 3.437600 0.129000
v 11.760000 3.537600 0.129000
v 11.820000 3.437600 0.731000
v 11.820000 3.537600 0.731000
v 11.760000 3.537600 0.731000
v 11.760000 3.437600 0.731000
v 11.815000 8.500000 0.000000
v 12.255000 8.500000 0.000000
v 12.255000 8.500000 0.520000
v 11.815000 8.500000 0.520000
v 12.310000 8.555000 0.000000
v 12.310000 8.555000 0.520000
v 12.310000 9.045000 0.000000
v 12.310000 9.045000 0.520000
v 12.255000 9.100000 0.000000
v 12.255000 9.100000 0.520000
v 11.815000 9.100000 0.000000
v 11.815000 9.100000 0.520000
v 11.760000 9.045000 0.000000
v 11.760000 9.045000 0.520000
v 11.760000 8.555000 0.000000
v 11.760000 8.555000 0.520000
v 12.270000 9.058000 0.460000
v 12.270000 8.542000 0.460000
v 11.800000 8.542000 0.460000
v 11.800000 9.058000 0.460000
v 12.270000 8.542000 0.520000
v 12.270000 9.058000 0.520000
v 11.800000 9.058000 0.520000
v 11.800000 8.542000 0.520000
v 11.820000 8.622000 0.078000
v 11.820000 8.522000 0.078000
v 11.760000 8.522000 0.078000
v 11.760000 8.622000 0.078000
v 11.820000 8.522000 0.442000
v 11.820000 8.622000 0.442000
v 11.760000 8.622000 0.442000
v 11.760000 8.522000 0.442000
v 11.820000 9.078000 0.078000
v 11.820000 8.978000 0.078000
v 11.760000 8.978000 0.078000
v 11.760000 9.078000 0.078000
v 11.820000 8.978000 0.442000
v 11.820000 9.078000 0.442000
v 11.760000 9.078000 0.442000
v 11.760000 8.978000 0.442000
v 11.815000 -9.230000 0.800000
v 12.255000 -9.230000 0.800000
v 12.255000 -9.230000 1.240000
v 11.815000 -9.230000 1.240000
v 12.310000 -9.175000 0.800000
v 12.310000 -9.175000 1.240000
v 12.310000 -8.625000 0.800000
v 12.310000 -8.625000 1.240000
v 12.255000 -8.570000 0.800000
v 12.255000 -8.570000 1.240000
v 11.815000 -8.570000 0.800000
v 11.815000 -8.570000 1.240000
v 11.760000 -8.625000 0.800000
v 11.760000 -8.625000 1.240000
v 11.760000 -9.175000 0.800000
v 11.760000 -9.175000 1.240000
v 12.270000 -8.616200 1.180000
v 12.270000 -9.183800 1.180000
v 11.800000 -9.183800 1.180000
v 11.800000 -8.616200 1.180000
v 12.270000 -9.183800 1.240000
v 12.270000 -8.616200 1.240000
v 11.800000 -8.616200 1.240000
v 11.800000 -9.183800 1.240000
v 11.820000 -9.100800 0.866000
v 11.820000 -9.200800 0.866000
v 11.760000 -9.200800 0.866000
v 11.760000 -9.100800 0.866000
v 11.820000 -9.200800 1.174000
v 11.820000 -9.100800 1.174000
v 11.760000 -9.100800 1.174000
v 11.760000 -9.200800 1.174000
v 11.820000 -8.599200 0.866000
v 11.820000 -8.699200 0.866000
v 11.760000 -8.699200 0.866000
v 11.760000 -8.599200 0.866000
v 11.820000 -8.699200 1.174000
v 11.820000 -8.599200 1.174000
v 11.760000 -8.599200 1.174000
v 11.760000 -8.699200 1.174000
v -12.151000 0.025000 1.020000
v -11.840000 0.025000 1.020000
v -11.840000 0.025000 1.460000
v -12.151000 0.025000 1.460000
v -11.770000 0.095000 1.020000
v -11.770000 0.095000 1.460000
v -11.770000 1.105000 1.020000
v -11.770000 1.105000 1.460000
v -11.840000 1.175000 1.020000
v -11.840000 1.175000 1.460000
v -12.151000 1.175000 1.020000
v -12.151000 1.175000 1.460000
v -12.221000 1.105000 1.020000
v -12.221000 1.105000 1.460000
v -12.221000 0.095000 1.020000
v -12.221000 0.095000 1.460000
v -11.800000 1.106000 1.465000
v -11.800000 0.094000 1.465000
v -12.171000 0.094000 1.465000
v -12.171000 1.106000 1.465000
v -11.800000 0.094000 1.515000
v -11.800000 1.106000 1.515000
v -12.171000 1.106000 1.515000
v -12.171000 0.094000 1.515000
v 11.840000 -0.975000 1.020000
v 12.151000 -0.975000 1.020000
v 12.151000 -0.975000 1.460000
v 11.840000 -0.975000 1.460000
v 12.221000 -0.905000 1.020000
v 12.221000 -0.905000 1.460000
v 12.221000 0.105000 1.020000
v 12.221000 0.105000 1.460000
v 12.151000 0.175000 1.020000
v 12.151000 0.175000 1.460000
v 11.840000 0.175000 1.020000
v 11.840000 0.175000 1.460000
v 11.770000 0.105000 1.020000
v 11.770000 0.105000 1.460000
v 11.770000 -0.905000 1.020000
v 11.770000 -0.905000 1.460000
v 12.171000 0.106000 1.465000
v 12.171000 -0.906000 1.465000
v 11.800000 -0.906000 1.465000
v 11.800000 0.106000 1.465000
v 12.171000 -0.906000 1.515000
v 12.171000 0.106000 1.515000
v 11.800000 0.106000 1.515000
v 11.800000 -0.906000 1.515000
v -9.575000 11.760000 0.000000
v -8.825000 11.760000 0.000000
v -8.825000 11.760000 0.720000
v -9.575000 11.760000 0.720000
v -8.770000 11.815000 0.000000
v -8.770000 11.815000 0.720000
v -8.770000 12.255000 0.000000
v -8.770000 12.255000 0.720000
v -8.825000 12.310000 0.000000
v -8.825000 12.310000 0.720000
v -9.575000 12.310000 0.000000
v -9.575000 12.310000 0.720000
v -9.630000 12.255000 0.000000
v -9.630000 12.255000 0.720000
v -9.630000 11.815000 0.000000
v -9.630000 11.815000 0.720000
v -8.830200 12.270000 0.660000
v -8.830200 11.800000 0.660000
v -9.569800 11.800000 0.660000
v -9.569800 12.270000 0.660000
v -8.830200 11.800000 0.720000
v -8.830200 12.270000 0.720000
v -9.569800 12.270000 0.720000
v -9.569800 11.800000 0.720000
v -9.476800 11.820000 0.108000
v -9.476800 11.760000 0.108000
v -9.576800 11.760000 0.108000
v -9.576800 11.820000 0.108000
v -9.476800 11.760000 0.612000
v -9.476800 11.820000 0.612000
v -9.576800 11.820000 0.612000
v -9.576800 11.760000 0.612000
v -8.823200 11.820000 0.108000
v -8.823200 11.760000 0.108000
v -8.923200 11.760000 0.108000
v -8.923200 11.820000 0.108000
v -8.823200 11.760000 0.612000
v -8.823200 11.820000 0.612000
v -8.923200 11.820000 0.612000
v -8.923200 11.760000 0.612000
v 8.665000 11.760000 0.000000
v 9.335000 11.760000 0.000000
v 9.335000 11.760000 0.660000
v 8.665000 11.760000 0.660000
v 9.390000 11.815000 0.000000
v 9.390000 11.815000 0.660000
v 9.390000 12.255000 0.000000
v 9.390000 12.255000 0.660000
v 9.335000 12.310000 0.000000
v 9.335000 12.310000 0.660000
v 8.665000 12.310000 0.000000
v 8.665000 12.310000 0.660000
v 8.610000 12.255000 0.000000
v 8.610000 12.255000 0.660000
v 8.610000 11.815000 0.000000
v 8.610000 11.815000 0.660000
v 9.335400 12.270000 0.600000
v 9.335400 11.800000 0.600000
v 8.664600 11.800000 0.600000
v 8.664600 12.270000 0.600000
v 9.335400 11.800000 0.660000
v 9.335400 12.270000 0.660000
v 8.664600 12.270000 0.660000
v 8.664600 11.800000 0.660000
v 8.753600 11.820000 0.099000
v 8.753600 11.760000 0.099000
v 8.653600 11.760000 0.099000
v 8.653600 11.820000 0.099000
v 8.753600 11.760000 0.561000
v 8.753600 11.820000 0.561000
v 8.653600 11.820000 0.561000
v 8.653600 11.760000 0.561000
v 9.346400 11.820000 0.099000
v 9.346400 11.760000 0.099000
v 9.246400 11.760000 0.099000
v 9.246400 11.820000 0.099000
v 9.346400 11.760000 0.561000
v 9.346400 11.820000 0.561000
v 9.246400 11.820000 0.561000
v 9.246400 11.760000 0.561000
v -9.580000 11.770000 1.020000
v -8.820000 11.770000 1.020000
v -8.820000 11.770000 1.420000
v -9.580000 11.770000 1.420000
v -8.750000 11.840000 1.020000
v -8.750000 11.840000 1.420000
v -8.750000 12.151000 1.020000
v -8.750000 12.151000 1.420000
v -8.820000 12.221000 1.020000
v -8.820000 12.221000 1.420000
v -9.580000 12.221000 1.020000
v -9.580000 12.221000 1.420000
v -9.650000 12.151000 1.020000
v -9.650000 12.151000 1.420000
v -9.650000 11.840000 1.020000
v -9.650000 11.840000 1.420000
v -8.804000 12.171000 1.425000
v -8.804000 11.800000 1.425000
v -9.596000 11.800000 1.425000
v -9.596000 12.171000 1.425000
v -8.804000 11.800000 1.475000
v -8.804000 12.171000 1.475000
v -9.596000 12.171000 1.475000
v -9.596000 11.800000 1.475000
v -2.480000 -0.290000 2.600000
v -2.020000 -0.290000 2.600000
v -2.020000 -0.290000 3.120000
v -2.480000 -0.290000 3.120000
v -1.920000 -0.190000 2.600000
v -1.920000 -0.190000 3.120000
v -1.920000 0.190000 2.600000
v -1.920000 0.190000 3.120000
v -2.020000 0.290000 2.600000
v -2.020000 0.290000 3.120000
v -2.480000 0.290000 2.600000
v -2.480000 0.290000 3.120000
v -2.580000 0.190000 2.600000
v -2.580000 0.190000 3.120000
v -2.580000 -0.190000 2.600000
v -2.580000 -0.190000 3.120000
v -2.030000 -0.250000 3.040000
v -2.030000 -0.350000 3.040000
v -2.470000 -0.350000 3.040000
v -2.470000 -0.250000 3.040000
v -2.030000 -0.350000 3.280000
v -2.030000 -0.250000 3.280000
v -2.470000 -0.250000 3.280000
v -2.470000 -0.350000 3.280000
v 2.020000 -0.290000 2.600000
v 2.480000 -0.290000 2.600000
v 2.480000 -0.290000 3.120000
v 2.020000 -0.290000 3.120000
v 2.580000 -0.190000 2.600000
v 2.580000 -0.190000 3.120000
v 2.580000 0.190000 2.600000
v 2.580000 0.190000 3.120000
v 2.480000 0.290000 2.600000
v 2.480000 0.290000 3.120000
v 2.020000 0.290000 2.600000
v 2.020000 0.290000 3.120000
v 1.920000 0.190000 2.600000
v 1.920000 0.190000 3.120000
v 1.920000 -0.190000 2.600000
v 1.920000 -0.190000 3.120000
v 2.470000 -0.250000 3.040000
v 2.470000 -0.350000 3.040000
v 2.030000 -0.350000 3.040000
v 2.030000 -0.250000 3.040000
v 2.470000 -0.350000 3.280000
v 2.470000 -0.250000 3.280000
v 2.030000 -0.250000 3.280000
v 2.030000 -0.350000 3.280000
v -5.750000 -6.930000 -0.040000
v -5.750000 -7.870000 -0.040000
v -6.850000 -7.870000 -0.040000
v -6.850000 -6.930000 -0.040000
v -5.750000 -7.870000 0.000000
v -5.750000 -6.930000 0.000000
v -6.850000 -6.930000 0.000000
v -6.850000 -7.870000 0.000000
v -5.870000 -7.050000 -0.014000
v -5.870000 -7.750000 -0.014000
v -6.730000 -7.750000 -0.014000
v -6.730000 -7.050000 -0.014000
v -5.870000 -7.750000 0.006000
v -5.870000 -7.050000 0.006000
v -6.730000 -7.050000 0.006000
v -6.730000 -7.750000 0.006000
v 7.650000 -7.580000 -0.040000
v 7.650000 -8.520000 -0.040000
v 6.550000 -8.520000 -0.040000
v 6.550000 -7.580000 -0.040000
v 7.650000 -8.520000 0.000000
v 7.650000 -7.580000 0.000000
v 6.550000 -7.580000 0.000000
v 6.550000 -8.520000 0.000000
v 7.530000 -7.700000 -0.014000
v 7.530000 -8.400000 -0.014000
v 6.670000 -8.400000 -0.014000
v 6.670000 -7.700000 -0.014000
v 7.530000 -8.400000 0.006000
v 7.530000 -7.700000 0.006000
v 6.670000 -7.700000 0.006000
v 6.670000 -8.400000 0.006000
v -7.850000 1.670000 -0.040000
v -7.850000 0.730000 -0.040000
v -8.950000 0.730000 -0.040000
v -8.950000 1.670000 -0.040000
v -7.850000 0.730000 0.000000
v -7.850000 1.670000 0.000000
v -8.950000 1.670000 0.000000
v -8.950000 0.730000 0.000000
v -7.970000 1.550000 -0.014000
v -7.970000 0.850000 -0.014000
v -8.830000 0.850000 -0.014000
v -8.830000 1.550000 -0.014000
v -7.970000 0.850000 0.006000
v -7.970000 1.550000 0.006000
v -8.830000 1.550000 0.006000
v -8.830000 0.850000 0.006000
v 9.100000 0.870000 -0.040000
v 9.100000 -0.070000 -0.040000
v 8.000000 -0.070000 -0.040000
v 8.000000 0.870000 -0.040000
v 9.100000 -0.070000 0.000000
v 9.100000 0.870000 0.000000
v 8.000000 0.870000 0.000000
v 8.000000 -0.070000 0.000000
v 8.980000 0.750000 -0.014000
v 8.980000 0.050000 -0.014000
v 8.120000 0.050000 -0.014000
v 8.120000 0.750000 -0.014000
v 8.980000 0.050000 0.006000
v 8.980000 0.750000 0.006000
v 8.120000 0.750000 0.006000
v 8.120000 0.050000 0.006000
v -3.350000 4.870000 -0.040000
v -3.350000 3.930000 -0.040000
v -4.450000 3.930000 -0.040000
v -4.450000 4.870000 -0.040000
v -3.350000 3.930000 0.000000
v -3.350000 4.870000 0.000000
v -4.450000 4.870000 0.000000
v -4.450000 3.930000 0.000000
v -3.470000 4.750000 -0.014000
v -3.470000 4.050000 -0.014000
v -4.330000 4.050000 -0.014000
v -4.330000 4.750000 -0.014000
v -3.470000 4.050000 0.006000
v -3.470000 4.750000 0.006000
v -4.330000 4.750000 0.006000
v -4.330000 4.050000 0.006000
v 4.850000 5.570000 -0.040000
v 4.850000 4.630000 -0.040000
v 3.750000 4.630000 -0.040000
v 3.750000 5.570000 -0.040000
v 4.850000 4.630000 0.000000
v 4.850000 5.570000 0.000000
v 3.750000 5.570000 0.000000
v 3.750000 4.630000 0.000000
v 4.730000 5.450000 -0.014000
v 4.730000 4.750000 -0.014000
v 3.870000 4.750000 -0.014000
v 3.870000 5.450000 -0.014000
v 4.730000 4.750000 0.006000
v 4.730000 5.450000 0.006000
v 3.870000 5.450000 0.006000
v 3.870000 4.750000 0.006000
v -10.750000 -11.775000 2.620000
v -10.750000 -11.812500 2.684952
v 10.750000 -11.812500 2.684952
v 10.750000 -11.775000 2.620000
v -10.750000 -11.887500 2.684952
v 10.750000 -11.887500 2.684952
v -10.750000 -11.925000 2.620000
v 10.750000 -11.925000 2.620000
v -10.750000 -11.887500 2.555048
v 10.750000 -11.887500 2.555048
v -10.750000 -11.812500 2.555048
v 10.750000 -11.812500 2.555048
v -10.750000 -11.795000 2.420000
v -10.750000 -11.822500 2.467631
v 10.750000 -11.822500 2.467631
v 10.750000 -11.795000 2.420000
v -10.750000 -11.877500 2.467631
v 10.750000 -11.877500 2.467631
v -10.750000 -11.905000 2.420000
v 10.750000 -11.905000 2.420000
v -10.750000 -11.877500 2.372369
v 10.750000 -11.877500 2.372369
v -10.750000 -11.822500 2.372369
v 10.750000 -11.822500 2.372369
v -9.870000 -11.770000 2.310000
v -9.870000 -11.990000 2.310000
v -10.030000 -11.990000 2.310000
v -10.030000 -11.770000 2.310000
v -9.870000 -11.990000 2.730000
v -9.870000 -11.770000 2.730000
v -10.030000 -11.770000 2.730000
v -10.030000 -11.990000 2.730000
v -6.870000 -11.770000 2.310000
v -6.870000 -11.990000 2.310000
v -7.030000 -11.990000 2.310000
v -7.030000 -11.770000 2.310000
v -6.870000 -11.990000 2.730000
v -6.870000 -11.770000 2.730000
v -7.030000 -11.770000 2.730000
v -7.030000 -11.990000 2.730000
v -3.870000 -11.770000 2.310000
v -3.870000 -11.990000 2.310000
v -4.030000 -11.990000 2.310000
v -4.030000 -11.770000 2.310000
v -3.870000 -11.990000 2.730000
v -3.870000 -11.770000 2.730000
v -4.030000 -11.770000 2.730000
v -4.030000 -11.990000 2.730000
v -0.870000 -11.770000 2.310000
v -0.870000 -11.990000 2.310000
v -1.030000 -11.990000 2.310000
v -1.030000 -11.770000 2.310000
v -0.870000 -11.990000 2.730000
v -0.870000 -11.770000 2.730000
v -1.030000 -11.770000 2.730000
v -1.030000 -11.990000 2.730000
v 2.130000 -11.770000 2.310000
v 2.130000 -11.990000 2.310000
v 1.970000 -11.990000 2.310000
v 1.970000 -11.770000 2.310000
v 2.130000 -11.990000 2.730000
v 2.130000 -11.770000 2.730000
v 1.970000 -11.770000 2.730000
v 1.970000 -11.990000 2.730000
v 5.130000 -11.770000 2.310000
v 5.130000 -11.990000 2.310000
v 4.970000 -11.990000 2.310000
v 4.970000 -11.770000 2.310000
v 5.130000 -11.990000 2.730000
v 5.130000 -11.770000 2.730000
v 4.970000 -11.770000 2.730000
v 4.970000 -11.990000 2.730000
v 8.130000 -11.770000 2.310000
v 8.130000 -11.990000 2.310000
v 7.970000 -11.990000 2.310000
v 7.970000 -11.770000 2.310000
v 8.130000 -11.990000 2.730000
v 8.130000 -11.770000 2.730000
v 7.970000 -11.770000 2.730000
v 7.970000 -11.990000 2.730000
v -11.775000 10.750000 2.620000
v -11.812500 10.750000 2.684952
v -11.812500 -10.750000 2.684952
v -11.775000 -10.750000 2.620000
v -11.887500 10.750000 2.684952
v -11.887500 -10.750000 2.684952
v -11.925000 10.750000 2.620000
v -11.925000 -10.750000 2.620000
v -11.887500 10.750000 2.555048
v -11.887500 -10.750000 2.555048
v -11.812500 10.750000 2.555048
v -11.812500 -10.750000 2.555048
v -11.770000 -9.870000 2.310000
v -11.770000 -10.030000 2.310000
v -11.990000 -10.030000 2.310000
v -11.990000 -9.870000 2.310000
v -11.770000 -10.030000 2.730000
v -11.770000 -9.870000 2.730000
v -11.990000 -9.870000 2.730000
v -11.990000 -10.030000 2.730000
v -11.770000 -6.870000 2.310000
v -11.770000 -7.030000 2.310000
v -11.990000 -7.030000 2.310000
v -11.990000 -6.870000 2.310000
v -11.770000 -7.030000 2.730000
v -11.770000 -6.870000 2.730000
v -11.990000 -6.870000 2.730000
v -11.990000 -7.030000 2.730000
v -11.770000 -3.870000 2.310000
v -11.770000 -4.030000 2.310000
v -11.990000 -4.030000 2.310000
v -11.990000 -3.870000 2.310000
v -11.770000 -4.030000 2.730000
v -11.770000 -3.870000 2.730000
v -11.990000 -3.870000 2.730000
v -11.990000 -4.030000 2.730000
v -11.770000 -0.870000 2.310000
v -11.770000 -1.030000 2.310000
v -11.990000 -1.030000 2.310000
v -11.990000 -0.870000 2.310000
v -11.770000 -1.030000 2.730000
v -11.770000 -0.870000 2.730000
v -11.990000 -0.870000 2.730000
v -11.990000 -1.030000 2.730000
v -11.770000 2.130000 2.310000
v -11.770000 1.970000 2.310000
v -11.990000 1.970000 2.310000
v -11.990000 2.130000 2.310000
v -11.770000 1.970000 2.730000
v -11.770000 2.130000 2.730000
v -11.990000 2.130000 2.730000
v -11.990000 1.970000 2.730000
v -11.770000 5.130000 2.310000
v -11.770000 4.970000 2.310000
v -11.990000 4.970000 2.310000
v -11.990000 5.130000 2.310000
v -11.770000 4.970000 2.730000
v -11.770000 5.130000 2.730000
v -11.990000 5.130000 2.730000
v -11.990000 4.970000 2.730000
v -11.770000 8.130000 2.310000
v -11.770000 7.970000 2.310000
v -11.990000 7.970000 2.310000
v -11.990000 8.130000 2.310000
v -11.770000 7.970000 2.730000
v -11.770000 8.130000 2.730000
v -11.990000 8.130000 2.730000
v -11.990000 7.970000 2.730000
v -10.750000 11.925000 2.620000
v -10.750000 11.887500 2.684952
v 10.750000 11.887500 2.684952
v 10.750000 11.925000 2.620000
v -10.750000 11.812500 2.684952
v 10.750000 11.812500 2.684952
v -10.750000 11.775000 2.620000
v 10.750000 11.775000 2.620000
v -10.750000 11.812500 2.555048
v 10.750000 11.812500 2.555048
v -10.750000 11.887500 2.555048
v 10.750000 11.887500 2.555048
v -10.750000 11.905000 2.420000
v -10.750000 11.877500 2.467631
v 10.750000 11.877500 2.467631
v 10.750000 11.905000 2.420000
v -10.750000 11.822500 2.467631
v 10.750000 11.822500 2.467631
v -10.750000 11.795000 2.420000
v 10.750000 11.795000 2.420000
v -10.750000 11.822500 2.372369
v 10.750000 11.822500 2.372369
v -10.750000 11.877500 2.372369
v 10.750000 11.877500 2.372369
v -9.870000 11.990000 2.310000
v -9.870000 11.770000 2.310000
v -10.030000 11.770000 2.310000
v -10.030000 11.990000 2.310000
v -9.870000 11.770000 2.730000
v -9.870000 11.990000 2.730000
v -10.030000 11.990000 2.730000
v -10.030000 11.770000 2.730000
v -6.870000 11.990000 2.310000
v -6.870000 11.770000 2.310000
v -7.030000 11.770000 2.310000
v -7.030000 11.990000 2.310000
v -6.870000 11.770000 2.730000
v -6.870000 11.990000 2.730000
v -7.030000 11.990000 2.730000
v -7.030000 11.770000 2.730000
v -3.870000 11.990000 2.310000
v -3.870000 11.770000 2.310000
v -4.030000 11.770000 2.310000
v -4.030000 11.990000 2.310000
v -3.870000 11.770000 2.730000
v -3.870000 11.990000 2.730000
v -4.030000 11.990000 2.730000
v -4.030000 11.770000 2.730000
v -0.870000 11.990000 2.310000
v -0.870000 11.770000 2.310000
v -1.030000 11.770000 2.310000
v -1.030000 11.990000 2.310000
v -0.870000 11.770000 2.730000
v -0.870000 11.990000 2.730000
v -1.030000 11.990000 2.730000
v -1.030000 11.770000 2.730000
v 2.130000 11.990000 2.310000
v 2.130000 11.770000 2.310000
v 1.970000 11.770000 2.310000
v 1.970000 11.990000 2.310000
v 2.130000 11.770000 2.730000
v 2.130000 11.990000 2.730000
v 1.970000 11.990000 2.730000
v 1.970000 11.770000 2.730000
v 5.130000 11.990000 2.310000
v 5.130000 11.770000 2.310000
v 4.970000 11.770000 2.310000
v 4.970000 11.990000 2.310000
v 5.130000 11.770000 2.730000
v 5.130000 11.990000 2.730000
v 4.970000 11.990000 2.730000
v 4.970000 11.770000 2.730000
v 8.130000 11.990000 2.310000
v 8.130000 11.770000 2.310000
v 7.970000 11.770000 2.310000
v 7.970000 11.990000 2.310000
v 8.130000 11.770000 2.730000
v 8.130000 11.990000 2.730000
v 7.970000 11.990000 2.730000
v 7.970000 11.770000 2.730000
v 11.925000 10.750000 2.620000
v 11.887500 10.750000 2.684952
v 11.887500 -10.750000 2.684952
v 11.925000 -10.750000 2.620000
v 11.812500 10.750000 2.684952
v 11.812500 -10.750000 2.684952
v 11.775000 10.750000 2.620000
v 11.775000 -10.750000 2.620000
v 11.812500 10.750000 2.555048
v 11.812500 -10.750000 2.555048
v 11.887500 10.750000 2.555048
v 11.887500 -10.750000 2.555048
v 11.990000 -9.870000 2.310000
v 11.990000 -10.030000 2.310000
v 11.770000 -10.030000 2.310000
v 11.770000 -9.870000 2.310000
v 11.990000 -10.030000 2.730000
v 11.990000 -9.870000 2.730000
v 11.770000 -9.870000 2.730000
v 11.770000 -10.030000 2.730000
v 11.990000 -6.870000 2.310000
v 11.990000 -7.030000 2.310000
v 11.770000 -7.030000 2.310000
v 11.770000 -6.870000 2.310000
v 11.990000 -7.030000 2.730000
v 11.990000 -6.870000 2.730000
v 11.770000 -6.870000 2.730000
v 11.770000 -7.030000 2.730000
v 11.990000 -3.870000 2.310000
v 11.990000 -4.030000 2.310000
v 11.770000 -4.030000 2.310000
v 11.770000 -3.870000 2.310000
v 11.990000 -4.030000 2.730000
v 11.990000 -3.870000 2.730000
v 11.770000 -3.870000 2.730000
v 11.770000 -4.030000 2.730000
v 11.990000 -0.870000 2.310000
v 11.990000 -1.030000 2.310000
v 11.770000 -1.030000 2.310000
v 11.770000 -0.870000 2.310000
v 11.990000 -1.030000 2.730000
v 11.990000 -0.870000 2.730000
v 11.770000 -0.870000 2.730000
v 11.770000 -1.030000 2.730000
v 11.990000 2.130000 2.310000
v 11.990000 1.970000 2.310000
v 11.770000 1.970000 2.310000
v 11.770000 2.130000 2.310000
v 11.990000 1.970000 2.730000
v 11.990000 2.130000 2.730000
v 11.770000 2.130000 2.730000
v 11.770000 1.970000 2.730000
v 11.990000 5.130000 2.310000
v 11.990000 4.970000 2.310000
v 11.770000 4.970000 2.310000
v 11.770000 5.130000 2.310000
v 11.990000 4.970000 2.730000
v 11.990000 5.130000 2.730000
v 11.770000 5.130000 2.730000
v 11.770000 4.970000 2.730000
v 11.990000 8.130000 2.310000
v 11.990000 7.970000 2.310000
v 11.770000 7.970000 2.310000
v 11.770000 8.130000 2.310000
v 11.990000 7.970000 2.730000
v 11.990000 8.130000 2.730000
v 11.770000 8.130000 2.730000
v 11.770000 7.970000 2.730000
v -8.250000 11.770000 1.560000
v -7.750000 11.770000 1.560000
v -7.750000 11.770000 2.340000
v -8.250000 11.770000 2.340000
v -7.690000 11.830000 1.560000
v -7.690000 11.830000 2.340000
v -7.690000 12.050000 1.560000
v -7.690000 12.050000 2.340000
v -7.750000 12.110000 1.560000
v -7.750000 12.110000 2.340000
v -8.250000 12.110000 1.560000
v -8.250000 12.110000 2.340000
v -8.310000 12.050000 1.560000
v -8.310000 12.050000 2.340000
v -8.310000 11.830000 1.560000
v -8.310000 11.830000 2.340000
v -7.845000 12.042000 1.460000
v -7.845000 11.838000 1.460000
v -8.155000 11.838000 1.460000
v -8.155000 12.042000 1.460000
v -7.845000 11.838000 1.560000
v -7.845000 12.042000 1.560000
v -8.155000 12.042000 1.560000
v -8.155000 11.838000 1.560000
v -2.780000 11.770000 1.920000
v -2.420000 11.770000 1.920000
v -2.420000 11.770000 2.480000
v -2.780000 11.770000 2.480000
v -2.360000 11.830000 1.920000
v -2.360000 11.830000 2.480000
v -2.360000 12.010000 1.920000
v -2.360000 12.010000 2.480000
v -2.420000 12.070000 1.920000
v -2.420000 12.070000 2.480000
v -2.780000 12.070000 1.920000
v -2.780000 12.070000 2.480000
v -2.840000 12.010000 1.920000
v -2.840000 12.010000 2.480000
v -2.840000 11.830000 1.920000
v -2.840000 11.830000 2.480000
v -2.480000 12.010000 1.820000
v -2.480000 11.830000 1.820000
v -2.720000 11.830000 1.820000
v -2.720000 12.010000 1.820000
v -2.480000 11.830000 1.920000
v -2.480000 12.010000 1.920000
v -2.720000 12.010000 1.920000
v -2.720000 11.830000 1.920000
v 3.510000 11.770000 1.530000
v 4.090000 11.770000 1.530000
v 4.090000 11.770000 2.170000
v 3.510000 11.770000 2.170000
v 4.150000 11.830000 1.530000
v 4.150000 11.830000 2.170000
v 4.150000 12.070000 1.530000
v 4.150000 12.070000 2.170000
v 4.090000 12.130000 1.530000
v 4.090000 12.130000 2.170000
v 3.510000 12.130000 1.530000
v 3.510000 12.130000 2.170000
v 3.450000 12.070000 1.530000
v 3.450000 12.070000 2.170000
v 3.450000 11.830000 1.530000
v 3.450000 11.830000 2.170000
v 3.975000 12.058000 1.430000
v 3.975000 11.842000 1.430000
v 3.625000 11.842000 1.430000
v 3.625000 12.058000 1.430000
v 3.975000 11.842000 1.530000
v 3.975000 12.058000 1.530000
v 3.625000 12.058000 1.530000
v 3.625000 11.842000 1.530000
v 8.940000 11.770000 1.790000
v 9.260000 11.770000 1.790000
v 9.260000 11.770000 2.310000
v 8.940000 11.770000 2.310000
v 9.320000 11.830000 1.790000
v 9.320000 11.830000 2.310000
v 9.320000 11.990000 1.790000
v 9.320000 11.990000 2.310000
v 9.260000 12.050000 1.790000
v 9.260000 12.050000 2.310000
v 8.940000 12.050000 1.790000
v 8.940000 12.050000 2.310000
v 8.880000 11.990000 1.790000
v 8.880000 11.990000 2.310000
v 8.880000 11.830000 1.790000
v 8.880000 11.830000 2.310000
v 9.210000 11.994000 1.690000
v 9.210000 11.826000 1.690000
v 8.990000 11.826000 1.690000
v 8.990000 11.994000 1.690000
v 9.210000 11.826000 1.790000
v 9.210000 11.994000 1.790000
v 8.990000 11.994000 1.790000
v 8.990000 11.826000 1.790000
v -12.050000 -3.730000 1.640000
v -11.830000 -3.730000 1.640000
v -11.830000 -3.730000 2.360000
v -12.050000 -3.730000 2.360000
v -11.770000 -3.670000 1.640000
v -11.770000 -3.670000 2.360000
v -11.770000 -3.130000 1.640000
v -11.770000 -3.130000 2.360000
v -11.830000 -3.070000 1.640000
v -11.830000 -3.070000 2.360000
v -12.050000 -3.070000 1.640000
v -12.050000 -3.070000 2.360000
v -12.110000 -3.130000 1.640000
v -12.110000 -3.130000 2.360000
v -12.110000 -3.670000 1.640000
v -12.110000 -3.670000 2.360000
v -11.855000 -3.202000 1.540000
v -11.855000 -3.598000 1.540000
v -12.025000 -3.598000 1.540000
v -12.025000 -3.202000 1.540000
v -11.855000 -3.598000 1.640000
v -11.855000 -3.202000 1.640000
v -12.025000 -3.202000 1.640000
v -12.025000 -3.598000 1.640000
v -12.010000 4.950000 1.610000
v -11.830000 4.950000 1.610000
v -11.830000 4.950000 2.190000
v -12.010000 4.950000 2.190000
v -11.770000 5.010000 1.610000
v -11.770000 5.010000 2.190000
v -11.770000 5.390000 1.610000
v -11.770000 5.390000 2.190000
v -11.830000 5.450000 1.610000
v -11.830000 5.450000 2.190000
v -12.010000 5.450000 1.610000
v -12.010000 5.450000 2.190000
v -12.070000 5.390000 1.610000
v -12.070000 5.390000 2.190000
v -12.070000 5.010000 1.610000
v -12.070000 5.010000 2.190000
v -11.845000 5.350000 1.510000
v -11.845000 5.050000 1.510000
v -11.995000 5.050000 1.510000
v -11.995000 5.350000 1.510000
v -11.845000 5.050000 1.610000
v -11.845000 5.350000 1.610000
v -11.995000 5.350000 1.610000
v -11.995000 5.050000 1.610000
v 11.830000 -2.100000 1.760000
v 12.050000 -2.100000 1.760000
v 12.050000 -2.100000 2.440000
v 11.830000 -2.100000 2.440000
v 12.110000 -2.040000 1.760000
v 12.110000 -2.040000 2.440000
v 12.110000 -1.560000 1.760000
v 12.110000 -1.560000 2.440000
v 12.050000 -1.500000 1.760000
v 12.050000 -1.500000 2.440000
v 11.830000 -1.500000 1.760000
v 11.830000 -1.500000 2.440000
v 11.770000 -1.560000 1.760000
v 11.770000 -1.560000 2.440000
v 11.770000 -2.040000 1.760000
v 11.770000 -2.040000 2.440000
v 12.025000 -1.620000 1.660000
v 12.025000 -1.980000 1.660000
v 11.855000 -1.980000 1.660000
v 11.855000 -1.620000 1.660000
v 12.025000 -1.980000 1.760000
v 12.025000 -1.620000 1.760000
v 11.855000 -1.620000 1.760000
v 11.855000 -1.980000 1.760000
v 11.830000 6.370000 1.610000
v 12.010000 6.370000 1.610000
v 12.010000 6.370000 2.150000
v 11.830000 6.370000 2.150000
v 12.070000 6.430000 1.610000
v 12.070000 6.430000 2.150000
v 12.070000 6.770000 1.610000
v 12.070000 6.770000 2.150000
v 12.010000 6.830000 1.610000
v 12.010000 6.830000 2.150000
v 11.830000 6.830000 1.610000
v 11.830000 6.830000 2.150000
v 11.770000 6.770000 1.610000
v 11.770000 6.770000 2.150000
v 11.770000 6.430000 1.610000
v 11.770000 6.430000 2.150000
v 11.995000 6.738000 1.510000
v 11.995000 6.462000 1.510000
v 11.845000 6.462000 1.510000
v 11.845000 6.738000 1.510000
v 11.995000 6.462000 1.610000
v 11.995000 6.738000 1.610000
v 11.845000 6.738000 1.610000
v 11.845000 6.462000 1.610000
v -10.050000 12.000000 6.070000
v -10.050000 11.700000 6.070000
v -10.350000 11.700000 6.070000
v -10.350000 12.000000 6.070000
v -10.050000 11.700000 6.430000
v -10.050000 12.000000 6.430000
v -10.350000 12.000000 6.430000
v -10.350000 11.700000 6.430000
v -10.150000 11.850000 6.400000
v -10.175000 11.893301 6.400000
v -10.175000 11.893301 7.850000
v -10.150000 11.850000 7.850000
v -10.225000 11.893301 6.400000
v -10.225000 11.893301 7.850000
v -10.250000 11.850000 6.400000
v -10.250000 11.850000 7.850000
v -10.225000 11.806699 6.400000
v -10.225000 11.806699 7.850000
v -10.175000 11.806699 6.400000
v -10.175000 11.806699 7.850000
v -9.940000 11.880000 7.025000
v -9.940000 11.820000 7.025000
v -10.460000 11.820000 7.025000
v -10.460000 11.880000 7.025000
v -9.940000 11.820000 7.075000
v -9.940000 11.880000 7.075000
v -10.460000 11.880000 7.075000
v -10.460000 11.820000 7.075000
v -9.940000 11.880000 7.425000
v -9.940000 11.820000 7.425000
v -10.460000 11.820000 7.425000
v -10.460000 11.880000 7.425000
v -9.940000 11.820000 7.475000
v -9.940000 11.880000 7.475000
v -10.460000 11.880000 7.475000
v -10.460000 11.820000 7.475000
v 10.550000 12.000000 6.070000
v 10.550000 11.700000 6.070000
v 10.250000 11.700000 6.070000
v 10.250000 12.000000 6.070000
v 10.550000 11.700000 6.430000
v 10.550000 12.000000 6.430000
v 10.250000 12.000000 6.430000
v 10.250000 11.700000 6.430000
v 10.450000 11.850000 6.400000
v 10.425000 11.893301 6.400000
v 10.425000 11.893301 7.850000
v 10.450000 11.850000 7.850000
v 10.375000 11.893301 6.400000
v 10.375000 11.893301 7.850000
v 10.350000 11.850000 6.400000
v 10.350000 11.850000 7.850000
v 10.375000 11.806699 6.400000
v 10.375000 11.806699 7.850000
v 10.425000 11.806699 6.400000
v 10.425000 11.806699 7.850000
v 10.660000 11.880000 7.025000
v 10.660000 11.820000 7.025000
v 10.140000 11.820000 7.025000
v 10.140000 11.880000 7.025000
v 10.660000 11.820000 7.075000
v 10.660000 11.880000 7.075000
v 10.140000 11.880000 7.075000
v 10.140000 11.820000 7.075000
v 10.660000 11.880000 7.425000
v 10.660000 11.820000 7.425000
v 10.140000 11.820000 7.425000
v 10.140000 11.880000 7.425000
v 10.660000 11.820000 7.475000
v 10.660000 11.880000 7.475000
v 10.140000 11.880000 7.475000
v 10.140000 11.820000 7.475000
v -2.570000 -2.570000 -0.024000
v -2.570000 -3.430000 -0.024000
v -3.430000 -3.430000 -0.024000
v -3.430000 -2.570000 -0.024000
v -2.570000 -3.430000 0.000000
v -2.570000 -2.570000 0.000000
v -3.430000 -2.570000 0.000000
v -3.430000 -3.430000 0.000000
v -2.690000 -2.690000 -0.010000
v -2.690000 -3.310000 -0.010000
v -3.310000 -3.310000 -0.010000
v -3.310000 -2.690000 -0.010000
v -2.690000 -3.310000 0.002000
v -2.690000 -2.690000 0.002000
v -3.310000 -2.690000 0.002000
v -3.310000 -3.310000 0.002000
v 4.430000 1.430000 -0.024000
v 4.430000 0.570000 -0.024000
v 3.570000 0.570000 -0.024000
v 3.570000 1.430000 -0.024000
v 4.430000 0.570000 0.000000
v 4.430000 1.430000 0.000000
v 3.570000 1.430000 0.000000
v 3.570000 0.570000 0.000000
v 4.310000 1.310000 -0.010000
v 4.310000 0.690000 -0.010000
v 3.690000 0.690000 -0.010000
v 3.690000 1.310000 -0.010000
v 4.310000 0.690000 0.002000
v 4.310000 1.310000 0.002000
v 3.690000 1.310000 0.002000
v 3.690000 0.690000 0.002000
v -8.570000 -4.570000 -0.024000
v -8.570000 -5.430000 -0.024000
v -9.430000 -5.430000 -0.024000
v -9.430000 -4.570000 -0.024000
v -8.570000 -5.430000 0.000000
v -8.570000 -4.570000 0.000000
v -9.430000 -4.570000 0.000000
v -9.430000 -5.430000 0.000000
v -8.690000 -4.690000 -0.010000
v -8.690000 -5.310000 -0.010000
v -9.310000 -5.310000 -0.010000
v -9.310000 -4.690000 -0.010000
v -8.690000 -5.310000 0.002000
v -8.690000 -4.690000 0.002000
v -9.310000 -4.690000 0.002000
v -9.310000 -5.310000 0.002000
v 8.430000 6.430000 -0.024000
v 8.430000 5.570000 -0.024000
v 7.570000 5.570000 -0.024000
v 7.570000 6.430000 -0.024000
v 8.430000 5.570000 0.000000
v 8.430000 6.430000 0.000000
v 7.570000 6.430000 0.000000
v 7.570000 5.570000 0.000000
v 8.310000 6.310000 -0.010000
v 8.310000 5.690000 -0.010000
v 7.690000 5.690000 -0.010000
v 7.690000 6.310000 -0.010000
v 8.310000 5.690000 0.002000
v 8.310000 6.310000 0.002000
v 7.690000 6.310000 0.002000
v 7.690000 5.690000 0.002000
v -7.860000 11.770000 4.290000
v -7.140000 11.770000 4.290000
v -7.140000 11.770000 4.550000
v -7.860000 11.770000 4.550000
v -7.060000 11.850000 4.290000
v -7.060000 11.850000 4.550000
v -7.060000 12.030000 4.290000
v -7.060000 12.030000 4.550000
v -7.140000 12.110000 4.290000
v -7.140000 12.110000 4.550000
v -7.860000 12.110000 4.290000
v -7.860000 12.110000 4.550000
v -7.940000 12.030000 4.290000
v -7.940000 12.030000 4.550000
v -7.940000 11.850000 4.290000
v -7.940000 11.850000 4.550000
v -7.150000 11.850000 4.250000
v -7.150000 11.750000 4.250000
v -7.850000 11.750000 4.250000
v -7.850000 11.850000 4.250000
v -7.150000 11.750000 4.350000
v -7.150000 11.850000 4.350000
v -7.850000 11.850000 4.350000
v -7.850000 11.750000 4.350000
v -0.360000 11.770000 4.290000
v 0.360000 11.770000 4.290000
v 0.360000 11.770000 4.550000
v -0.360000 11.770000 4.550000
v 0.440000 11.850000 4.290000
v 0.440000 11.850000 4.550000
v 0.440000 12.030000 4.290000
v 0.440000 12.030000 4.550000
v 0.360000 12.110000 4.290000
v 0.360000 12.110000 4.550000
v -0.360000 12.110000 4.290000
v -0.360000 12.110000 4.550000
v -0.440000 12.030000 4.290000
v -0.440000 12.030000 4.550000
v -0.440000 11.850000 4.290000
v -0.440000 11.850000 4.550000
v 0.350000 11.850000 4.250000
v 0.350000 11.750000 4.250000
v -0.350000 11.750000 4.250000
v -0.350000 11.850000 4.250000
v 0.350000 11.750000 4.350000
v 0.350000 11.850000 4.350000
v -0.350000 11.850000 4.350000
v -0.350000 11.750000 4.350000
v 7.140000 11.770000 4.290000
v 7.860000 11.770000 4.290000
v 7.860000 11.770000 4.550000
v 7.140000 11.770000 4.550000
v 7.940000 11.850000 4.290000
v 7.940000 11.850000 4.550000
v 7.940000 12.030000 4.290000
v 7.940000 12.030000 4.550000
v 7.860000 12.110000 4.290000
v 7.860000 12.110000 4.550000
v 7.140000 12.110000 4.290000
v 7.140000 12.110000 4.550000
v 7.060000 12.030000 4.290000
v 7.060000 12.030000 4.550000
v 7.060000 11.850000 4.290000
v 7.060000 11.850000 4.550000
v 7.850000 11.850000 4.250000
v 7.850000 11.750000 4.250000
v 7.150000 11.750000 4.250000
v 7.150000 11.850000 4.250000
v 7.850000 11.750000 4.350000
v 7.850000 11.850000 4.350000
v 7.150000 11.850000 4.350000
v 7.150000 11.750000 4.350000
v -9.610000 -4.310000 5.830000
v -9.190000 -4.310000 5.830000
v -9.190000 -4.310000 6.130000
v -9.610000 -4.310000 6.130000
v -9.090000 -4.210000 5.830000
v -9.090000 -4.210000 6.130000
v -9.090000 -3.790000 5.830000
v -9.090000 -3.790000 6.130000
v -9.190000 -3.690000 5.830000
v -9.190000 -3.690000 6.130000
v -9.610000 -3.690000 5.830000
v -9.610000 -3.690000 6.130000
v -9.710000 -3.790000 5.830000
v -9.710000 -3.790000 6.130000
v -9.710000 -4.210000 5.830000
v -9.710000 -4.210000 6.130000
v -9.180000 -3.780000 5.720000
v -9.180000 -4.220000 5.720000
v -9.620000 -4.220000 5.720000
v -9.620000 -3.780000 5.720000
v -9.180000 -4.220000 5.840000
v -9.180000 -3.780000 5.840000
v -9.620000 -3.780000 5.840000
v -9.620000 -4.220000 5.840000
v 9.190000 -4.310000 5.830000
v 9.610000 -4.310000 5.830000
v 9.610000 -4.310000 6.130000
v 9.190000 -4.310000 6.130000
v 9.710000 -4.210000 5.830000
v 9.710000 -4.210000 6.130000
v 9.710000 -3.790000 5.830000
v 9.710000 -3.790000 6.130000
v 9.610000 -3.690000 5.830000
v 9.610000 -3.690000 6.130000
v 9.190000 -3.690000 5.830000
v 9.190000 -3.690000 6.130000
v 9.090000 -3.790000 5.830000
v 9.090000 -3.790000 6.130000
v 9.090000 -4.210000 5.830000
v 9.090000 -4.210000 6.130000
v 9.620000 -3.780000 5.720000
v 9.620000 -4.220000 5.720000
v 9.180000 -4.220000 5.720000
v 9.180000 -3.780000 5.720000
v 9.620000 -4.220000 5.840000
v 9.620000 -3.780000 5.840000
v 9.180000 -3.780000 5.840000
v 9.180000 -4.220000 5.840000
v -9.610000 3.690000 5.830000
v -9.190000 3.690000 5.830000
v -9.190000 3.690000 6.130000
v -9.610000 3.690000 6.130000
v -9.090000 3.790000 5.830000
v -9.090000 3.790000 6.130000
v -9.090000 4.210000 5.830000
v -9.090000 4.210000 6.130000
v -9.190000 4.310000 5.830000
v -9.190000 4.310000 6.130000
v -9.610000 4.310000 5.830000
v -9.610000 4.310000 6.130000
v -9.710000 4.210000 5.830000
v -9.710000 4.210000 6.130000
v -9.710000 3.790000 5.830000
v -9.710000 3.790000 6.130000
v -9.180000 4.220000 5.720000
v -9.180000 3.780000 5.720000
v -9.620000 3.780000 5.720000
v -9.620000 4.220000 5.720000
v -9.180000 3.780000 5.840000
v -9.180000 4.220000 5.840000
v -9.620000 4.220000 5.840000
v -9.620000 3.780000 5.840000
v 9.190000 3.690000 5.830000
v 9.610000 3.690000 5.830000
v 9.610000 3.690000 6.130000
v 9.190000 3.690000 6.130000
v 9.710000 3.790000 5.830000
v 9.710000 3.790000 6.130000
v 9.710000 4.210000 5.830000
v 9.710000 4.210000 6.130000
v 9.610000 4.310000 5.830000
v 9.610000 4.310000 6.130000
v 9.190000 4.310000 5.830000
v 9.190000 4.310000 6.130000
v 9.090000 4.210000 5.830000
v 9.090000 4.210000 6.130000
v 9.090000 3.790000 5.830000
v 9.090000 3.790000 6.130000
v 9.620000 4.220000 5.720000
v 9.620000 3.780000 5.720000
v 9.180000 3.780000 5.720000
v 9.180000 4.220000 5.720000
v 9.620000 3.780000 5.840000
v 9.620000 4.220000 5.840000
v 9.180000 4.220000 5.840000
v 9.180000 3.780000 5.840000
vt -10.460000 0.000000
vt -9.273333 0.000000
vt -9.273333 1.120000
vt -10.460000 1.120000
vt -9.200000 0.000000
vt -9.200000 1.120000
vt -16.340000 0.000000
vt -15.753333 0.000000
vt -15.753333 1.120000
vt -16.340000 1.120000
vt -10.533333 0.000000
vt -10.533333 1.120000
vt -10.460000 -16.413333
vt -9.273333 -16.413333
vt -9.200000 -16.340000
vt -9.200000 -15.753333
vt -9.273333 -15.680000
vt -10.460000 -15.680000
vt -10.533333 -15.753333
vt -10.533333 -16.340000
vt -9.293333 -15.733333
vt -9.293333 -16.360000
vt -10.440000 -16.360000
vt -10.440000 -15.733333
vt -9.293333 1.040000
vt -9.293333 1.120000
vt -10.440000 1.120000
vt -10.440000 1.040000
vt -16.360000 1.040000
vt -16.360000 1.120000
vt -15.733333 1.120000
vt -15.733333 1.040000
vt -10.306667 -15.680000
vt -10.306667 -15.760000
vt -10.440000 -15.760000
vt -10.440000 -15.680000
vt -10.306667 0.168000
vt -10.306667 0.952000
vt -10.440000 0.952000
vt -10.440000 0.168000
vt -15.760000 0.168000
vt -15.760000 0.952000
vt -15.680000 0.952000
vt -15.680000 0.168000
vt -9.293333 -15.680000
vt -9.293333 -15.760000
vt -9.426667 -15.760000
vt -9.426667 -15.680000
vt -9.293333 0.168000
vt -9.293333 0.952000
vt -9.426667 0.952000
vt -9.426667 0.168000
vt -6.020000 0.000000
vt -5.180000 0.000000
vt -5.180000 0.826667
vt -6.020000 0.826667
vt -5.106667 0.000000
vt -5.106667 0.826667
vt -15.753333 0.826667
vt -16.340000 0.826667
vt -6.093333 0.000000
vt -6.093333 0.826667
vt -6.020000 -16.413333
vt -5.180000 -16.413333
vt -5.106667 -16.340000
vt -5.106667 -15.753333
vt -5.180000 -15.680000
vt -6.020000 -15.680000
vt -6.093333 -15.753333
vt -6.093333 -16.340000
vt -5.175733 -15.733333
vt -5.175733 -16.360000
vt -6.024267 -16.360000
vt -6.024267 -15.733333
vt -5.175733 0.746667
vt -5.175733 0.826667
vt -6.024267 0.826667
vt -6.024267 0.746667
vt -16.360000 0.746667
vt -16.360000 0.826667
vt -15.733333 0.826667
vt -15.733333 0.746667
vt -5.908267 -15.680000
vt -5.908267 -15.760000
vt -6.041600 -15.760000
vt -6.041600 -15.680000
vt -5.908267 0.124000
vt -5.908267 0.702667
vt -6.041600 0.702667
vt -6.041600 0.124000
vt -15.760000 0.124000
vt -15.760000 0.702667
vt -15.680000 0.702667
vt -15.680000 0.124000
vt -5.158400 -15.680000
vt -5.158400 -15.760000
vt -5.291733 -15.760000
vt -5.291733 -15.680000
vt -5.158400 0.124000
vt -5.158400 0.702667
vt -5.291733 0.702667
vt -5.291733 0.124000
vt 4.260000 0.000000
vt 5.340000 0.000000
vt 5.340000 1.040000
vt 4.260000 1.040000
vt -16.413333 0.000000
vt -16.340000 1.040000
vt -16.413333 1.040000
vt -15.753333 1.040000
vt -15.680000 0.000000
vt -15.680000 1.040000
vt 4.186667 0.000000
vt 4.186667 1.040000
vt 4.260000 -16.413333
vt 5.340000 -16.413333
vt 5.413333 -16.340000
vt 5.413333 -15.753333
vt 5.340000 -15.680000
vt 4.260000 -15.680000
vt 4.186667 -15.753333
vt 4.186667 -16.340000
vt 5.327467 -15.733333
vt 5.327467 -16.360000
vt 4.272533 -16.360000
vt 4.272533 -15.733333
vt 5.327467 0.960000
vt 5.327467 1.040000
vt 4.272533 1.040000
vt 4.272533 0.960000
vt -16.360000 0.960000
vt -15.733333 0.960000
vt 4.400533 -15.680000
vt 4.400533 -15.760000
vt 4.267200 -15.760000
vt 4.267200 -15.680000
vt 4.400533 0.156000
vt 4.400533 0.884000
vt 4.267200 0.884000
vt 4.267200 0.156000
vt -15.760000 0.156000
vt -15.760000 0.884000
vt -15.680000 0.884000
vt -15.680000 0.156000
vt 5.332800 -15.680000
vt 5.332800 -15.760000
vt 5.199467 -15.760000
vt 5.199467 -15.680000
vt 5.332800 0.156000
vt 5.332800 0.884000
vt 5.199467 0.884000
vt 5.199467 0.156000
vt 10.193333 0.000000
vt 10.873333 0.000000
vt 10.873333 0.720000
vt 10.193333 0.720000
vt 10.946667 0.000000
vt 10.946667 0.720000
vt -15.753333 0.720000
vt -16.340000 0.720000
vt 10.120000 0.000000
vt 10.120000 0.720000
vt 10.193333 -16.413333
vt 10.873333 -16.413333
vt 10.946667 -16.340000
vt 10.946667 -15.753333
vt 10.873333 -15.680000
vt 10.193333 -15.680000
vt 10.120000 -15.753333
vt 10.120000 -16.340000
vt 10.888800 -15.733333
vt 10.888800 -16.360000
vt 10.177867 -16.360000
vt 10.177867 -15.733333
vt 10.888800 0.640000
vt 10.888800 0.720000
vt 10.177867 0.720000
vt 10.177867 0.640000
vt -16.360000 0.640000
vt -16.360000 0.720000
vt -15.733333 0.720000
vt -15.733333 0.640000
vt 10.285867 -15.680000
vt 10.285867 -15.760000
vt 10.152533 -15.760000
vt 10.152533 -15.680000
vt 10.285867 0.108000
vt 10.285867 0.612000
vt 10.152533 0.612000
vt 10.152533 0.108000
vt -15.760000 0.108000
vt -15.760000 0.612000
vt -15.680000 0.612000
vt -15.680000 0.108000
vt 10.914133 -15.680000
vt 10.914133 -15.760000
vt 10.780800 -15.760000
vt 10.780800 -15.680000
vt 10.914133 0.108000
vt 10.914133 0.612000
vt 10.780800 0.612000
vt 10.780800 0.108000
vt -10.206667 1.120000
vt -9.526667 1.120000
vt -9.526667 1.733333
vt -10.206667 1.733333
vt -9.453333 1.120000
vt -9.453333 1.733333
vt -15.753333 1.733333
vt -16.340000 1.733333
vt -10.280000 1.120000
vt -10.280000 1.733333
vt -10.206667 -16.413333
vt -9.526667 -16.413333
vt -9.453333 -16.340000
vt -9.453333 -15.753333
vt -9.526667 -15.680000
vt -10.206667 -15.680000
vt -10.280000 -15.753333
vt -10.280000 -16.340000
vt -9.511200 -15.733333
vt -9.511200 -16.360000
vt -10.222133 -16.360000
vt -10.222133 -15.733333
vt -9.511200 1.653333
vt -9.511200 1.733333
vt -10.222133 1.733333
vt -10.222133 1.653333
vt -16.360000 1.653333
vt -16.360000 1.733333
vt -15.733333 1.733333
vt -15.733333 1.653333
vt -10.114133 -15.680000
vt -10.114133 -15.760000
vt -10.247467 -15.760000
vt -10.247467 -15.680000
vt -10.114133 1.212000
vt -10.114133 1.641333
vt -10.247467 1.641333
vt -10.247467 1.212000
vt -15.760000 1.212000
vt -15.760000 1.641333
vt -15.680000 1.641333
vt -15.680000 1.212000
vt -9.485867 -15.680000
vt -9.485867 -15.760000
vt -9.619200 -15.760000
vt -9.619200 -15.680000
vt -9.485867 1.212000
vt -9.485867 1.641333
vt -9.619200 1.641333
vt -9.619200 1.212000
vt 0.526667 1.440000
vt 1.873333 1.440000
vt 1.873333 2.026667
vt 0.526667 2.026667
vt -16.294667 1.440000
vt -16.201333 1.440000
vt -16.201333 2.026667
vt -16.294667 2.026667
vt -15.786667 1.440000
vt -15.786667 2.026667
vt -15.693333 1.440000
vt -15.693333 2.026667
vt 0.526667 -16.294667
vt 1.873333 -16.294667
vt 1.966667 -16.201333
vt 1.966667 -15.786667
vt 1.873333 -15.693333
vt 0.526667 -15.693333
vt 0.433333 -15.786667
vt 0.433333 -16.201333
vt 1.874667 -15.733333
vt 1.874667 -16.228000
vt 0.525333 -16.228000
vt 0.525333 -15.733333
vt 1.874667 2.033333
vt 1.874667 2.100000
vt 0.525333 2.100000
vt 0.525333 2.033333
vt -16.228000 2.033333
vt -16.228000 2.100000
vt -15.733333 2.100000
vt -15.733333 2.033333
vt -15.753333 1.173333
vt -16.340000 1.173333
vt -12.166667 0.000000
vt -12.093333 0.000000
vt -12.093333 1.173333
vt -12.166667 1.173333
vt -10.840000 0.000000
vt -10.840000 1.173333
vt -10.766667 0.000000
vt -10.766667 1.173333
vt -16.340000 -12.166667
vt -15.753333 -12.166667
vt -15.680000 -12.093333
vt -15.680000 -10.840000
vt -15.753333 -10.766667
vt -16.340000 -10.766667
vt -16.413333 -10.840000
vt -16.413333 -12.093333
vt -15.733333 -10.864667
vt -15.733333 -12.068667
vt -16.360000 -12.068667
vt -16.360000 -10.864667
vt -15.733333 1.093333
vt -15.733333 1.173333
vt -16.360000 1.173333
vt -16.360000 1.093333
vt -12.068667 1.093333
vt -12.068667 1.173333
vt -10.864667 1.173333
vt -10.864667 1.093333
vt -15.680000 -11.932000
vt -15.680000 -12.065333
vt -15.760000 -12.065333
vt -15.760000 -11.932000
vt -15.680000 0.176000
vt -15.680000 0.997333
vt -15.760000 0.997333
vt -15.760000 0.176000
vt -12.065333 0.176000
vt -12.065333 0.997333
vt -11.932000 0.997333
vt -11.932000 0.176000
vt -15.680000 -10.868000
vt -15.680000 -11.001333
vt -15.760000 -11.001333
vt -15.760000 -10.868000
vt -11.001333 0.176000
vt -11.001333 0.997333
vt -10.868000 0.997333
vt -10.868000 0.176000
vt -15.753333 0.800000
vt -16.340000 0.800000
vt -4.733333 0.000000
vt -4.660000 0.000000
vt -4.660000 0.800000
vt -4.733333 0.800000
vt -3.873333 0.000000
vt -3.873333 0.800000
vt -3.800000 0.000000
vt -3.800000 0.800000
vt -16.413333 0.800000
vt -16.340000 -4.733333
vt -15.753333 -4.733333
vt -15.680000 -4.660000
vt -15.680000 -3.873333
vt -15.753333 -3.800000
vt -16.340000 -3.800000
vt -16.413333 -3.873333
vt -16.413333 -4.660000
vt -15.733333 -3.865333
vt -15.733333 -4.668000
vt -16.360000 -4.668000
vt -16.360000 -3.865333
vt -15.733333 0.800000
vt -16.360000 0.800000
vt -4.668000 0.720000
vt -4.668000 0.800000
vt -3.865333 0.800000
vt -3.865333 0.720000
vt -15.680000 -4.554667
vt -15.680000 -4.688000
vt -15.760000 -4.688000
vt -15.760000 -4.554667
vt -15.680000 0.120000
vt -15.680000 0.680000
vt -15.760000 0.680000
vt -15.760000 0.120000
vt -4.688000 0.120000
vt -4.688000 0.680000
vt -4.554667 0.680000
vt -4.554667 0.120000
vt -15.680000 -3.845333
vt -15.680000 -3.978667
vt -15.760000 -3.978667
vt -15.760000 -3.845333
vt -3.978667 0.120000
vt -3.978667 0.680000
vt -3.845333 0.680000
vt -3.845333 0.120000
vt -15.753333 1.093333
vt -16.340000 1.093333
vt 3.893333 0.000000
vt 3.966667 0.000000
vt 3.966667 1.093333
vt 3.893333 1.093333
vt 5.100000 0.000000
vt 5.100000 1.093333
vt 5.173333 0.000000
vt 5.173333 1.093333
vt -16.340000 3.893333
vt -15.753333 3.893333
vt -15.680000 3.966667
vt -15.680000 5.100000
vt -15.753333 5.173333
vt -16.340000 5.173333
vt -16.413333 5.100000
vt -16.413333 3.966667
vt -15.733333 5.083733
vt -15.733333 3.982933
vt -16.360000 3.982933
vt -16.360000 5.083733
vt -15.733333 1.013333
vt -16.360000 1.013333
vt 3.982933 1.013333
vt 3.982933 1.093333
vt 5.083733 1.093333
vt 5.083733 1.013333
vt -15.680000 4.113600
vt -15.680000 3.980267
vt -15.760000 3.980267
vt -15.760000 4.113600
vt -15.680000 0.164000
vt -15.680000 0.929333
vt -15.760000 0.929333
vt -15.760000 0.164000
vt 3.980267 0.164000
vt 3.980267 0.929333
vt 4.113600 0.929333
vt 4.113600 0.164000
vt -15.680000 5.086400
vt -15.680000 4.953067
vt -15.760000 4.953067
vt -15.760000 5.086400
vt 4.953067 0.164000
vt 4.953067 0.929333
vt 5.086400 0.929333
vt 5.086400 0.164000
vt -15.753333 0.746667
vt -16.340000 0.746667
vt -15.680000 0.746667
vt 11.633333 0.000000
vt 12.366667 0.000000
vt 12.366667 0.746667
vt 11.633333 0.746667
vt -16.413333 0.746667
vt -16.340000 11.560000
vt -15.753333 11.560000
vt -15.680000 11.633333
vt -15.680000 12.366667
vt -15.753333 12.440000
vt -16.340000 12.440000
vt -16.413333 12.366667
vt -16.413333 11.633333
vt -15.733333 12.378400
vt -15.733333 11.621600
vt -16.360000 11.621600
vt -16.360000 12.378400
vt -15.733333 0.666667
vt -16.360000 0.666667
vt 11.621600 0.666667
vt 11.621600 0.746667
vt 12.378400 0.746667
vt 12.378400 0.666667
vt -15.680000 11.732267
vt -15.680000 11.598933
vt -15.760000 11.598933
vt -15.760000 11.732267
vt -15.680000 0.112000
vt -15.680000 0.634667
vt -15.760000 0.634667
vt -15.760000 0.112000
vt 11.598933 0.112000
vt 11.598933 0.634667
vt 11.732267 0.634667
vt 11.732267 0.112000
vt -15.680000 12.401067
vt -15.680000 12.267733
vt -15.760000 12.267733
vt -15.760000 12.401067
vt 12.267733 0.112000
vt 12.267733 0.634667
vt 12.401067 0.634667
vt 12.401067 0.112000
vt 15.753333 0.000000
vt 16.340000 0.000000
vt 16.340000 1.066667
vt 15.753333 1.066667
vt -12.520000 0.000000
vt -12.446667 0.000000
vt -12.446667 1.066667
vt -12.520000 1.066667
vt -11.286667 0.000000
vt -11.286667 1.066667
vt -11.213333 0.000000
vt -11.213333 1.066667
vt 15.680000 0.000000
vt 15.680000 1.066667
vt 15.753333 -12.520000
vt 16.340000 -12.520000
vt 16.413333 -12.446667
vt 16.413333 -11.286667
vt 16.340000 -11.213333
vt 15.753333 -11.213333
vt 15.680000 -11.286667
vt 15.680000 -12.446667
vt 16.360000 -11.304800
vt 16.360000 -12.428533
vt 15.733333 -12.428533
vt 15.733333 -11.304800
vt 16.360000 0.986667
vt 16.360000 1.066667
vt 15.733333 1.066667
vt 15.733333 0.986667
vt -12.428533 0.986667
vt -12.428533 1.066667
vt -11.304800 1.066667
vt -11.304800 0.986667
vt 15.760000 -12.296533
vt 15.760000 -12.429867
vt 15.680000 -12.429867
vt 15.680000 -12.296533
vt 15.760000 0.160000
vt 15.760000 0.906667
vt 15.680000 0.906667
vt 15.680000 0.160000
vt -12.429867 0.160000
vt -12.429867 0.906667
vt -12.296533 0.906667
vt -12.296533 0.160000
vt 15.760000 -11.303467
vt 15.760000 -11.436800
vt 15.680000 -11.436800
vt 15.680000 -11.303467
vt -11.436800 0.160000
vt -11.436800 0.906667
vt -11.303467 0.906667
vt -11.303467 0.160000
vt 16.340000 0.853333
vt 15.753333 0.853333
vt -4.480000 0.000000
vt -4.406667 0.000000
vt -4.406667 0.853333
vt -4.480000 0.853333
vt -3.593333 0.000000
vt -3.593333 0.853333
vt -3.520000 0.000000
vt -3.520000 0.853333
vt 15.753333 -4.480000
vt 16.340000 -4.480000
vt 16.413333 -4.406667
vt 16.413333 -3.593333
vt 16.340000 -3.520000
vt 15.753333 -3.520000
vt 15.680000 -3.593333
vt 15.680000 -4.406667
vt 16.360000 -3.587200
vt 16.360000 -4.412800
vt 15.733333 -4.412800
vt 15.733333 -3.587200
vt 16.360000 0.773333
vt 16.360000 0.853333
vt 15.733333 0.853333
vt 15.733333 0.773333
vt -4.412800 0.773333
vt -4.412800 0.853333
vt -3.587200 0.853333
vt -3.587200 0.773333
vt 15.760000 -4.298133
vt 15.760000 -4.431467
vt 15.680000 -4.431467
vt 15.680000 -4.298133
vt 15.760000 0.128000
vt 15.760000 0.725333
vt 15.680000 0.725333
vt 15.680000 0.128000
vt -4.431467 0.128000
vt -4.431467 0.725333
vt -4.298133 0.725333
vt -4.298133 0.128000
vt 15.760000 -3.568533
vt 15.760000 -3.701867
vt 15.680000 -3.701867
vt 15.680000 -3.568533
vt -3.701867 0.128000
vt -3.701867 0.725333
vt -3.568533 0.725333
vt -3.568533 0.128000
vt 16.340000 1.146667
vt 15.753333 1.146667
vt 3.453333 0.000000
vt 3.526667 0.000000
vt 3.526667 1.146667
vt 3.453333 1.146667
vt 4.740000 0.000000
vt 4.740000 1.146667
vt 4.813333 0.000000
vt 4.813333 1.146667
vt 15.753333 3.453333
vt 16.340000 3.453333
vt 16.413333 3.526667
vt 16.413333 4.740000
vt 16.340000 4.813333
vt 15.753333 4.813333
vt 15.680000 4.740000
vt 15.680000 3.526667
vt 16.360000 4.718133
vt 16.360000 3.548533
vt 15.733333 3.548533
vt 15.733333 4.718133
vt 16.360000 1.146667
vt 15.733333 1.146667
vt 3.548533 1.066667
vt 3.548533 1.146667
vt 4.718133 1.146667
vt 4.718133 1.066667
vt 15.760000 3.683200
vt 15.760000 3.549867
vt 15.680000 3.549867
vt 15.680000 3.683200
vt 15.760000 0.172000
vt 15.760000 0.974667
vt 15.680000 0.974667
vt 15.680000 0.172000
vt 3.549867 0.172000
vt 3.549867 0.974667
vt 3.683200 0.974667
vt 3.683200 0.172000
vt 15.760000 4.716800
vt 15.760000 4.583467
vt 15.680000 4.583467
vt 15.680000 4.716800
vt 4.583467 0.172000
vt 4.583467 0.974667
vt 4.716800 0.974667
vt 4.716800 0.172000
vt 16.340000 0.693333
vt 15.753333 0.693333
vt 16.413333 0.000000
vt 16.413333 0.693333
vt 11.406667 0.000000
vt 12.060000 0.000000
vt 12.060000 0.693333
vt 11.406667 0.693333
vt 15.680000 0.693333
vt 15.753333 11.333333
vt 16.340000 11.333333
vt 16.413333 11.406667
vt 16.413333 12.060000
vt 16.340000 12.133333
vt 15.753333 12.133333
vt 15.680000 12.060000
vt 15.680000 11.406667
vt 16.360000 12.077333
vt 16.360000 11.389333
vt 15.733333 11.389333
vt 15.733333 12.077333
vt 16.360000 0.613333
vt 16.360000 0.693333
vt 15.733333 0.693333
vt 15.733333 0.613333
vt 11.389333 0.613333
vt 11.389333 0.693333
vt 12.077333 0.693333
vt 12.077333 0.613333
vt 15.760000 11.496000
vt 15.760000 11.362667
vt 15.680000 11.362667
vt 15.680000 11.496000
vt 15.760000 0.104000
vt 15.760000 0.589333
vt 15.680000 0.589333
vt 15.680000 0.104000
vt 11.362667 0.104000
vt 11.362667 0.589333
vt 11.496000 0.589333
vt 11.496000 0.104000
vt 15.760000 12.104000
vt 15.760000 11.970667
vt 15.680000 11.970667
vt 15.680000 12.104000
vt 11.970667 0.104000
vt 11.970667 0.589333
vt 12.104000 0.589333
vt 12.104000 0.104000
vt 16.340000 1.653333
vt 15.753333 1.653333
vt -12.306667 1.066667
vt -12.233333 1.066667
vt -12.233333 1.653333
vt -12.306667 1.653333
vt -11.500000 1.066667
vt -11.500000 1.653333
vt -11.426667 1.066667
vt -11.426667 1.653333
vt 15.753333 -12.306667
vt 16.340000 -12.306667
vt 16.413333 -12.233333
vt 16.413333 -11.500000
vt 16.340000 -11.426667
vt 15.753333 -11.426667
vt 15.680000 -11.500000
vt 15.680000 -12.233333
vt 16.360000 -11.488267
vt 16.360000 -12.245067
vt 15.733333 -12.245067
vt 15.733333 -11.488267
vt 16.360000 1.573333
vt 16.360000 1.653333
vt 15.733333 1.653333
vt 15.733333 1.573333
vt -12.245067 1.573333
vt -12.245067 1.653333
vt -11.488267 1.653333
vt -11.488267 1.573333
vt 15.760000 -12.134400
vt 15.760000 -12.267733
vt 15.680000 -12.267733
vt 15.680000 -12.134400
vt 15.760000 1.154667
vt 15.760000 1.565333
vt 15.680000 1.565333
vt 15.680000 1.154667
vt -12.267733 1.154667
vt -12.267733 1.565333
vt -12.134400 1.565333
vt -12.134400 1.154667
vt 15.760000 -11.465600
vt 15.760000 -11.598933
vt 15.680000 -11.598933
vt 15.680000 -11.465600
vt -11.598933 1.154667
vt -11.598933 1.565333
vt -11.465600 1.565333
vt -11.465600 1.154667
vt -16.201333 1.360000
vt -15.786667 1.360000
vt -15.786667 1.946667
vt -16.201333 1.946667
vt -15.693333 1.360000
vt -15.693333 1.946667
vt 0.126667 1.360000
vt 1.473333 1.360000
vt 1.473333 1.946667
vt 0.126667 1.946667
vt -16.294667 1.360000
vt -16.294667 1.946667
vt -16.201333 0.033333
vt -15.786667 0.033333
vt -15.693333 0.126667
vt -15.693333 1.473333
vt -15.786667 1.566667
vt -16.201333 1.566667
vt -16.294667 1.473333
vt -16.294667 0.126667
vt -15.733333 1.474667
vt -15.733333 0.125333
vt -16.228000 0.125333
vt -16.228000 1.474667
vt -15.733333 1.953333
vt -15.733333 2.020000
vt -16.228000 2.020000
vt -16.228000 1.953333
vt 0.125333 1.953333
vt 0.125333 2.020000
vt 1.474667 2.020000
vt 1.474667 1.953333
vt 15.786667 1.360000
vt 16.201333 1.360000
vt 16.201333 1.946667
vt 15.786667 1.946667
vt 16.294667 1.360000
vt 16.294667 1.946667
vt -1.206667 1.360000
vt 0.140000 1.360000
vt 0.140000 1.946667
vt -1.206667 1.946667
vt 15.693333 1.360000
vt 15.693333 1.946667
vt 15.786667 -1.300000
vt 16.201333 -1.300000
vt 16.294667 -1.206667
vt 16.294667 0.140000
vt 16.201333 0.233333
vt 15.786667 0.233333
vt 15.693333 0.140000
vt 15.693333 -1.206667
vt 16.228000 0.141333
vt 16.228000 -1.208000
vt 15.733333 -1.208000
vt 15.733333 0.141333
vt 16.228000 1.953333
vt 16.228000 2.020000
vt 15.733333 2.020000
vt 15.733333 1.953333
vt -1.208000 1.953333
vt -1.208000 2.020000
vt 0.141333 2.020000
vt 0.141333 1.953333
vt -12.766667 0.000000
vt -11.766667 0.000000
vt -11.766667 0.960000
vt -12.766667 0.960000
vt -11.693333 0.000000
vt -11.693333 0.960000
vt 16.340000 0.960000
vt 15.753333 0.960000
vt -12.840000 0.000000
vt -12.840000 0.960000
vt -12.766667 15.680000
vt -11.766667 15.680000
vt -11.693333 15.753333
vt -11.693333 16.340000
vt -11.766667 16.413333
vt -12.766667 16.413333
vt -12.840000 16.340000
vt -12.840000 15.753333
vt -11.773600 16.360000
vt -11.773600 15.733333
vt -12.759733 15.733333
vt -12.759733 16.360000
vt -11.773600 0.880000
vt -11.773600 0.960000
vt -12.759733 0.960000
vt -12.759733 0.880000
vt 15.733333 0.880000
vt 15.733333 0.960000
vt 16.360000 0.960000
vt 16.360000 0.880000
vt -12.635733 15.760000
vt -12.635733 15.680000
vt -12.769067 15.680000
vt -12.769067 15.760000
vt -12.635733 0.144000
vt -12.635733 0.816000
vt -12.769067 0.816000
vt -12.769067 0.144000
vt 15.680000 0.144000
vt 15.680000 0.816000
vt 15.760000 0.816000
vt 15.760000 0.144000
vt -11.764267 15.760000
vt -11.764267 15.680000
vt -11.897600 15.680000
vt -11.897600 15.760000
vt -11.764267 0.144000
vt -11.764267 0.816000
vt -11.897600 0.816000
vt -11.897600 0.144000
vt 11.553333 0.000000
vt 12.446667 0.000000
vt 12.446667 0.880000
vt 11.553333 0.880000
vt 15.753333 0.880000
vt 15.680000 0.880000
vt 16.340000 0.880000
vt 16.413333 0.880000
vt 11.553333 15.680000
vt 12.446667 15.680000
vt 12.520000 15.753333
vt 12.520000 16.340000
vt 12.446667 16.413333
vt 11.553333 16.413333
vt 11.480000 16.340000
vt 11.480000 15.753333
vt 12.447200 16.360000
vt 12.447200 15.733333
vt 11.552800 15.733333
vt 11.552800 16.360000
vt 12.447200 0.800000
vt 12.447200 0.880000
vt 11.552800 0.880000
vt 11.552800 0.800000
vt 15.733333 0.800000
vt 16.360000 0.800000
vt 11.671467 15.760000
vt 11.671467 15.680000
vt 11.538133 15.680000
vt 11.538133 15.760000
vt 11.671467 0.132000
vt 11.671467 0.748000
vt 11.538133 0.748000
vt 11.538133 0.132000
vt 15.680000 0.132000
vt 15.680000 0.748000
vt 15.760000 0.748000
vt 15.760000 0.132000
vt 12.461867 15.760000
vt 12.461867 15.680000
vt 12.328533 15.680000
vt 12.328533 15.760000
vt 12.461867 0.132000
vt 12.461867 0.748000
vt 12.328533 0.748000
vt 12.328533 0.132000
vt -12.773333 1.360000
vt -11.760000 1.360000
vt -11.760000 1.893333
vt -12.773333 1.893333
vt 15.786667 1.893333
vt 15.693333 1.893333
vt 16.201333 1.893333
vt 16.294667 1.893333
vt -12.773333 15.693333
vt -11.760000 15.693333
vt -11.666667 15.786667
vt -11.666667 16.201333
vt -11.760000 16.294667
vt -12.773333 16.294667
vt -12.866667 16.201333
vt -12.866667 15.786667
vt -11.738667 16.228000
vt -11.738667 15.733333
vt -12.794667 15.733333
vt -12.794667 16.228000
vt -11.738667 1.900000
vt -11.738667 1.966667
vt -12.794667 1.966667
vt -12.794667 1.900000
vt 15.733333 1.900000
vt 15.733333 1.966667
vt 16.228000 1.966667
vt 16.228000 1.900000
vt -3.306667 3.466667
vt -2.693333 3.466667
vt -2.693333 4.160000
vt -3.306667 4.160000
vt -0.386667 3.466667
vt -0.253333 3.466667
vt -0.253333 4.160000
vt -0.386667 4.160000
vt 0.253333 3.466667
vt 0.253333 4.160000
vt 0.386667 3.466667
vt 0.386667 4.160000
vt -3.306667 -0.386667
vt -2.693333 -0.386667
vt -2.560000 -0.253333
vt -2.560000 0.253333
vt -2.693333 0.386667
vt -3.306667 0.386667
vt -3.440000 0.253333
vt -3.440000 -0.253333
vt -2.706667 -0.333333
vt -2.706667 -0.466667
vt -3.293333 -0.466667
vt -3.293333 -0.333333
vt -2.706667 4.053333
vt -2.706667 4.373333
vt -3.293333 4.373333
vt -3.293333 4.053333
vt -0.466667 4.053333
vt -0.466667 4.373333
vt -0.333333 4.373333
vt -0.333333 4.053333
vt 2.693333 3.466667
vt 3.306667 3.466667
vt 3.306667 4.160000
vt 2.693333 4.160000
vt 2.693333 -0.386667
vt 3.306667 -0.386667
vt 3.440000 -0.253333
vt 3.440000 0.253333
vt 3.306667 0.386667
vt 2.693333 0.386667
vt 2.560000 0.253333
vt 2.560000 -0.253333
vt 3.293333 -0.333333
vt 3.293333 -0.466667
vt 2.706667 -0.466667
vt 2.706667 -0.333333
vt 3.293333 4.053333
vt 3.293333 4.373333
vt 2.706667 4.373333
vt 2.706667 4.053333
vt -7.666667 -9.240000
vt -7.666667 -10.493333
vt -9.133333 -10.493333
vt -9.133333 -9.240000
vt -7.666667 -0.053333
vt -7.666667 0.000000
vt -9.133333 0.000000
vt -9.133333 -0.053333
vt -10.493333 -0.053333
vt -10.493333 0.000000
vt -9.240000 0.000000
vt -9.240000 -0.053333
vt -7.826667 -9.400000
vt -7.826667 -10.333333
vt -8.973333 -10.333333
vt -8.973333 -9.400000
vt -7.826667 -0.018667
vt -7.826667 0.008000
vt -8.973333 0.008000
vt -8.973333 -0.018667
vt -10.333333 -0.018667
vt -10.333333 0.008000
vt -9.400000 0.008000
vt -9.400000 -0.018667
vt 10.200000 -10.106667
vt 10.200000 -11.360000
vt 8.733333 -11.360000
vt 8.733333 -10.106667
vt 10.200000 -0.053333
vt 10.200000 0.000000
vt 8.733333 0.000000
vt 8.733333 -0.053333
vt -11.360000 -0.053333
vt -11.360000 0.000000
vt -10.106667 0.000000
vt -10.106667 -0.053333
vt 10.040000 -10.266667
vt 10.040000 -11.200000
vt 8.893333 -11.200000
vt 8.893333 -10.266667
vt 10.040000 -0.018667
vt 10.040000 0.008000
vt 8.893333 0.008000
vt 8.893333 -0.018667
vt -11.200000 -0.018667
vt -11.200000 0.008000
vt -10.266667 0.008000
vt -10.266667 -0.018667
vt -10.466667 2.226667
vt -10.466667 0.973333
vt -11.933333 0.973333
vt -11.933333 2.226667
vt -10.466667 -0.053333
vt -10.466667 0.000000
vt -11.933333 0.000000
vt -11.933333 -0.053333
vt 0.973333 -0.053333
vt 0.973333 0.000000
vt 2.226667 0.000000
vt 2.226667 -0.053333
vt -10.626667 2.066667
vt -10.626667 1.133333
vt -11.773333 1.133333
vt -11.773333 2.066667
vt -10.626667 -0.018667
vt -10.626667 0.008000
vt -11.773333 0.008000
vt -11.773333 -0.018667
vt 1.133333 -0.018667
vt 1.133333 0.008000
vt 2.066667 0.008000
vt 2.066667 -0.018667
vt 12.133333 1.160000
vt 12.133333 -0.093333
vt 10.666667 -0.093333
vt 10.666667 1.160000
vt 12.133333 -0.053333
vt 12.133333 0.000000
vt 10.666667 0.000000
vt 10.666667 -0.053333
vt -0.093333 -0.053333
vt -0.093333 0.000000
vt 1.160000 0.000000
vt 1.160000 -0.053333
vt 11.973333 1.000000
vt 11.973333 0.066667
vt 10.826667 0.066667
vt 10.826667 1.000000
vt 11.973333 -0.018667
vt 11.973333 0.008000
vt 10.826667 0.008000
vt 10.826667 -0.018667
vt 0.066667 -0.018667
vt 0.066667 0.008000
vt 1.000000 0.008000
vt 1.000000 -0.018667
vt -4.466667 6.493333
vt -4.466667 5.240000
vt -5.933333 5.240000
vt -5.933333 6.493333
vt -4.466667 -0.053333
vt -4.466667 0.000000
vt -5.933333 0.000000
vt -5.933333 -0.053333
vt 5.240000 -0.053333
vt 5.240000 0.000000
vt 6.493333 0.000000
vt 6.493333 -0.053333
vt -4.626667 6.333333
vt -4.626667 5.400000
vt -5.773333 5.400000
vt -5.773333 6.333333
vt -4.626667 -0.018667
vt -4.626667 0.008000
vt -5.773333 0.008000
vt -5.773333 -0.018667
vt 5.400000 -0.018667
vt 5.400000 0.008000
vt 6.333333 0.008000
vt 6.333333 -0.018667
vt 6.466667 7.426667
vt 6.466667 6.173333
vt 5.000000 6.173333
vt 5.000000 7.426667
vt 6.466667 -0.053333
vt 6.466667 0.000000
vt 5.000000 0.000000
vt 5.000000 -0.053333
vt 6.173333 -0.053333
vt 6.173333 0.000000
vt 7.426667 0.000000
vt 7.426667 -0.053333
vt 6.306667 7.266667
vt 6.306667 6.333333
vt 5.160000 6.333333
vt 5.160000 7.266667
vt 6.306667 -0.018667
vt 6.306667 0.008000
vt 5.160000 0.008000
vt 5.160000 -0.018667
vt 7.266667 0.008000
vt 7.266667 -0.018667
vt -14.333333 3.493333
vt -14.333333 3.579936
vt 14.333333 3.579936
vt 14.333333 3.493333
vt -14.333333 -15.750000
vt -14.333333 -15.850000
vt 14.333333 -15.850000
vt 14.333333 -15.750000
vt -14.333333 3.406731
vt 14.333333 3.406731
vt -14.333333 3.226667
vt -14.333333 3.290175
vt 14.333333 3.290175
vt 14.333333 3.226667
vt -14.333333 -15.763333
vt -14.333333 -15.836667
vt 14.333333 -15.836667
vt 14.333333 -15.763333
vt -14.333333 3.163158
vt 14.333333 3.163158
vt -13.160000 -15.693333
vt -13.160000 -15.986667
vt -13.373333 -15.986667
vt -13.373333 -15.693333
vt -13.160000 3.080000
vt -13.160000 3.640000
vt -13.373333 3.640000
vt -13.373333 3.080000
vt -15.986667 3.080000
vt -15.986667 3.640000
vt -15.693333 3.640000
vt -15.693333 3.080000
vt -9.160000 -15.693333
vt -9.160000 -15.986667
vt -9.373333 -15.986667
vt -9.373333 -15.693333
vt -9.160000 3.080000
vt -9.160000 3.640000
vt -9.373333 3.640000
vt -9.373333 3.080000
vt -5.160000 -15.693333
vt -5.160000 -15.986667
vt -5.373333 -15.986667
vt -5.373333 -15.693333
vt -5.160000 3.080000
vt -5.160000 3.640000
vt -5.373333 3.640000
vt -5.373333 3.080000
vt -1.160000 -15.693333
vt -1.160000 -15.986667
vt -1.373333 -15.986667
vt -1.373333 -15.693333
vt -1.160000 3.080000
vt -1.160000 3.640000
vt -1.373333 3.640000
vt -1.373333 3.080000
vt 2.840000 -15.693333
vt 2.840000 -15.986667
vt 2.626667 -15.986667
vt 2.626667 -15.693333
vt 2.840000 3.080000
vt 2.840000 3.640000
vt 2.626667 3.640000
vt 2.626667 3.080000
vt 6.840000 -15.693333
vt 6.840000 -15.986667
vt 6.626667 -15.986667
vt 6.626667 -15.693333
vt 6.840000 3.080000
vt 6.840000 3.640000
vt 6.626667 3.640000
vt 6.626667 3.080000
vt 10.840000 -15.693333
vt 10.840000 -15.986667
vt 10.626667 -15.986667
vt 10.626667 -15.693333
vt 10.840000 3.080000
vt 10.840000 3.640000
vt 10.626667 3.640000
vt 10.626667 3.080000
vt -15.750000 14.333333
vt -15.850000 14.333333
vt -15.850000 -14.333333
vt -15.750000 -14.333333
vt -15.693333 -13.160000
vt -15.693333 -13.373333
vt -15.986667 -13.373333
vt -15.986667 -13.160000
vt -15.693333 -9.160000
vt -15.693333 -9.373333
vt -15.986667 -9.373333
vt -15.986667 -9.160000
vt -15.693333 -5.160000
vt -15.693333 -5.373333
vt -15.986667 -5.373333
vt -15.986667 -5.160000
vt -15.693333 -1.160000
vt -15.693333 -1.373333
vt -15.986667 -1.373333
vt -15.986667 -1.160000
vt -15.693333 2.840000
vt -15.693333 2.626667
vt -15.986667 2.626667
vt -15.986667 2.840000
vt -15.693333 6.840000
vt -15.693333 6.626667
vt -15.986667 6.626667
vt -15.986667 6.840000
vt -15.693333 10.840000
vt -15.693333 10.626667
vt -15.986667 10.626667
vt -15.986667 10.840000
vt -14.333333 15.850000
vt -14.333333 15.750000
vt 14.333333 15.750000
vt 14.333333 15.850000
vt -14.333333 15.836667
vt -14.333333 15.763333
vt 14.333333 15.763333
vt 14.333333 15.836667
vt -13.160000 15.986667
vt -13.160000 15.693333
vt -13.373333 15.693333
vt -13.373333 15.986667
vt 15.693333 3.080000
vt 15.693333 3.640000
vt 15.986667 3.640000
vt 15.986667 3.080000
vt -9.160000 15.986667
vt -9.160000 15.693333
vt -9.373333 15.693333
vt -9.373333 15.986667
vt -5.160000 15.986667
vt -5.160000 15.693333
vt -5.373333 15.693333
vt -5.373333 15.986667
vt -1.160000 15.986667
vt -1.160000 15.693333
vt -1.373333 15.693333
vt -1.373333 15.986667
vt 2.840000 15.986667
vt 2.840000 15.693333
vt 2.626667 15.693333
vt 2.626667 15.986667
vt 6.840000 15.986667
vt 6.840000 15.693333
vt 6.626667 15.693333
vt 6.626667 15.986667
vt 10.840000 15.986667
vt 10.840000 15.693333
vt 10.626667 15.693333
vt 10.626667 15.986667
vt 15.850000 14.333333
vt 15.750000 14.333333
vt 15.750000 -14.333333
vt 15.850000 -14.333333
vt 15.986667 -13.160000
vt 15.986667 -13.373333
vt 15.693333 -13.373333
vt 15.693333 -13.160000
vt 15.986667 -9.160000
vt 15.986667 -9.373333
vt 15.693333 -9.373333
vt 15.693333 -9.160000
vt 15.986667 -5.160000
vt 15.986667 -5.373333
vt 15.693333 -5.373333
vt 15.693333 -5.160000
vt 15.986667 -1.160000
vt 15.986667 -1.373333
vt 15.693333 -1.373333
vt 15.693333 -1.160000
vt 15.986667 2.840000
vt 15.986667 2.626667
vt 15.693333 2.626667
vt 15.693333 2.840000
vt 15.986667 6.840000
vt 15.986667 6.626667
vt 15.693333 6.626667
vt 15.693333 6.840000
vt 15.986667 10.840000
vt 15.986667 10.626667
vt 15.693333 10.626667
vt 15.693333 10.840000
vt -11.000000 2.080000
vt -10.333333 2.080000
vt -10.333333 3.120000
vt -11.000000 3.120000
vt 15.693333 2.080000
vt 15.773333 2.080000
vt 15.773333 3.120000
vt 15.693333 3.120000
vt 16.066667 2.080000
vt 16.066667 3.120000
vt 16.146667 2.080000
vt 16.146667 3.120000
vt -11.000000 15.693333
vt -10.333333 15.693333
vt -10.253333 15.773333
vt -10.253333 16.066667
vt -10.333333 16.146667
vt -11.000000 16.146667
vt -11.080000 16.066667
vt -11.080000 15.773333
vt -10.460000 16.056000
vt -10.460000 15.784000
vt -10.873333 15.784000
vt -10.873333 16.056000
vt -10.460000 1.946667
vt -10.460000 2.080000
vt -10.873333 2.080000
vt -10.873333 1.946667
vt 15.784000 1.946667
vt 15.784000 2.080000
vt 16.056000 2.080000
vt 16.056000 1.946667
vt -3.706667 2.560000
vt -3.226667 2.560000
vt -3.226667 3.306667
vt -3.706667 3.306667
vt 15.693333 2.560000
vt 15.773333 2.560000
vt 15.773333 3.306667
vt 15.693333 3.306667
vt 16.013333 2.560000
vt 16.013333 3.306667
vt 16.093333 2.560000
vt 16.093333 3.306667
vt -3.706667 15.693333
vt -3.226667 15.693333
vt -3.146667 15.773333
vt -3.146667 16.013333
vt -3.226667 16.093333
vt -3.706667 16.093333
vt -3.786667 16.013333
vt -3.786667 15.773333
vt -3.306667 16.013333
vt -3.306667 15.773333
vt -3.626667 15.773333
vt -3.626667 16.013333
vt -3.306667 2.426667
vt -3.306667 2.560000
vt -3.626667 2.560000
vt -3.626667 2.426667
vt 15.773333 2.426667
vt 16.013333 2.426667
vt 4.680000 2.040000
vt 5.453333 2.040000
vt 5.453333 2.893333
vt 4.680000 2.893333
vt 15.693333 2.040000
vt 15.773333 2.040000
vt 15.773333 2.893333
vt 15.693333 2.893333
vt 16.093333 2.040000
vt 16.093333 2.893333
vt 16.173333 2.040000
vt 16.173333 2.893333
vt 4.680000 15.693333
vt 5.453333 15.693333
vt 5.533333 15.773333
vt 5.533333 16.093333
vt 5.453333 16.173333
vt 4.680000 16.173333
vt 4.600000 16.093333
vt 4.600000 15.773333
vt 5.300000 16.077333
vt 5.300000 15.789333
vt 4.833333 15.789333
vt 4.833333 16.077333
vt 5.300000 1.906667
vt 5.300000 2.040000
vt 4.833333 2.040000
vt 4.833333 1.906667
vt 15.789333 1.906667
vt 15.789333 2.040000
vt 16.077333 2.040000
vt 16.077333 1.906667
vt 11.920000 2.386667
vt 12.346667 2.386667
vt 12.346667 3.080000
vt 11.920000 3.080000
vt 15.693333 2.386667
vt 15.773333 2.386667
vt 15.773333 3.080000
vt 15.986667 2.386667
vt 16.066667 2.386667
vt 16.066667 3.080000
vt 11.920000 15.693333
vt 12.346667 15.693333
vt 12.426667 15.773333
vt 12.426667 15.986667
vt 12.346667 16.066667
vt 11.920000 16.066667
vt 11.840000 15.986667
vt 11.840000 15.773333
vt 12.280000 15.992000
vt 12.280000 15.768000
vt 11.986667 15.768000
vt 11.986667 15.992000
vt 12.280000 2.253333
vt 12.280000 2.386667
vt 11.986667 2.386667
vt 11.986667 2.253333
vt 15.768000 2.253333
vt 15.768000 2.386667
vt 15.992000 2.386667
vt 15.992000 2.253333
vt -16.066667 2.186667
vt -15.773333 2.186667
vt -15.773333 3.146667
vt -16.066667 3.146667
vt -4.973333 2.186667
vt -4.893333 2.186667
vt -4.893333 3.146667
vt -4.973333 3.146667
vt -4.173333 2.186667
vt -4.173333 3.146667
vt -4.093333 2.186667
vt -4.093333 3.146667
vt -16.146667 2.186667
vt -16.146667 3.146667
vt -16.066667 -4.973333
vt -15.773333 -4.973333
vt -15.693333 -4.893333
vt -15.693333 -4.173333
vt -15.773333 -4.093333
vt -16.066667 -4.093333
vt -16.146667 -4.173333
vt -16.146667 -4.893333
vt -15.806667 -4.269333
vt -15.806667 -4.797333
vt -16.033333 -4.797333
vt -16.033333 -4.269333
vt -15.806667 2.053333
vt -15.806667 2.186667
vt -16.033333 2.186667
vt -16.033333 2.053333
vt -4.797333 2.053333
vt -4.797333 2.186667
vt -4.269333 2.186667
vt -4.269333 2.053333
vt -16.013333 2.146667
vt -15.773333 2.146667
vt -15.773333 2.920000
vt -16.013333 2.920000
vt 6.600000 2.146667
vt 6.680000 2.146667
vt 6.680000 2.920000
vt 6.600000 2.920000
vt 7.186667 2.146667
vt 7.186667 2.920000
vt 7.266667 2.146667
vt 7.266667 2.920000
vt -16.093333 2.146667
vt -16.093333 2.920000
vt -16.013333 6.600000
vt -15.773333 6.600000
vt -15.693333 6.680000
vt -15.693333 7.186667
vt -15.773333 7.266667
vt -16.013333 7.266667
vt -16.093333 7.186667
vt -16.093333 6.680000
vt -15.793333 7.133333
vt -15.793333 6.733333
vt -15.993333 6.733333
vt -15.993333 7.133333
vt -15.793333 2.013333
vt -15.793333 2.146667
vt -15.993333 2.146667
vt -15.993333 2.013333
vt 6.733333 2.013333
vt 6.733333 2.146667
vt 7.133333 2.146667
vt 7.133333 2.013333
vt 15.773333 2.346667
vt 16.066667 2.346667
vt 16.066667 3.253333
vt 15.773333 3.253333
vt -2.800000 2.346667
vt -2.720000 2.346667
vt -2.720000 3.253333
vt -2.800000 3.253333
vt -2.080000 2.346667
vt -2.080000 3.253333
vt -2.000000 2.346667
vt -2.000000 3.253333
vt 15.693333 2.346667
vt 15.693333 3.253333
vt 15.773333 -2.800000
vt 16.066667 -2.800000
vt 16.146667 -2.720000
vt 16.146667 -2.080000
vt 16.066667 -2.000000
vt 15.773333 -2.000000
vt 15.693333 -2.080000
vt 15.693333 -2.720000
vt 16.033333 -2.160000
vt 16.033333 -2.640000
vt 15.806667 -2.640000
vt 15.806667 -2.160000
vt 16.033333 2.213333
vt 16.033333 2.346667
vt 15.806667 2.346667
vt 15.806667 2.213333
vt -2.640000 2.213333
vt -2.640000 2.346667
vt -2.160000 2.346667
vt -2.160000 2.213333
vt 15.773333 2.146667
vt 16.013333 2.146667
vt 16.013333 2.866667
vt 15.773333 2.866667
vt 16.093333 2.146667
vt 16.093333 2.866667
vt 8.573333 2.146667
vt 9.026667 2.146667
vt 9.026667 2.866667
vt 8.573333 2.866667
vt 15.693333 2.146667
vt 15.693333 2.866667
vt 15.773333 8.493333
vt 16.013333 8.493333
vt 16.093333 8.573333
vt 16.093333 9.026667
vt 16.013333 9.106667
vt 15.773333 9.106667
vt 15.693333 9.026667
vt 15.693333 8.573333
vt 15.993333 8.984000
vt 15.993333 8.616000
vt 15.793333 8.616000
vt 15.793333 8.984000
vt 15.993333 2.013333
vt 15.993333 2.146667
vt 15.793333 2.146667
vt 15.793333 2.013333
vt 8.616000 2.013333
vt 8.616000 2.146667
vt 8.984000 2.146667
vt 8.984000 2.013333
vt -13.400000 16.000000
vt -13.400000 15.600000
vt -13.800000 15.600000
vt -13.800000 16.000000
vt -13.400000 8.093333
vt -13.400000 8.573333
vt -13.800000 8.573333
vt -13.800000 8.093333
vt 15.600000 8.093333
vt 15.600000 8.573333
vt 16.000000 8.573333
vt 16.000000 8.093333
vt 15.800000 8.533333
vt 15.857735 8.533333
vt 15.857735 10.466667
vt 15.800000 10.466667
vt -13.566667 8.533333
vt -13.633333 8.533333
vt -13.633333 10.466667
vt -13.566667 10.466667
vt 15.742265 8.533333
vt 15.742265 10.466667
vt -13.253333 15.840000
vt -13.253333 15.760000
vt -13.946667 15.760000
vt -13.946667 15.840000
vt -13.253333 9.366667
vt -13.253333 9.433333
vt -13.946667 9.433333
vt -13.946667 9.366667
vt 15.760000 9.366667
vt 15.760000 9.433333
vt 15.840000 9.433333
vt 15.840000 9.366667
vt -13.253333 9.900000
vt -13.253333 9.966667
vt -13.946667 9.966667
vt -13.946667 9.900000
vt 15.760000 9.900000
vt 15.760000 9.966667
vt 15.840000 9.966667
vt 15.840000 9.900000
vt 14.066667 16.000000
vt 14.066667 15.600000
vt 13.666667 15.600000
vt 13.666667 16.000000
vt 14.066667 8.093333
vt 14.066667 8.573333
vt 13.666667 8.573333
vt 13.666667 8.093333
vt 13.900000 8.533333
vt 13.833333 8.533333
vt 13.833333 10.466667
vt 13.900000 10.466667
vt 14.213333 15.840000
vt 14.213333 15.760000
vt 13.520000 15.760000
vt 13.520000 15.840000
vt 14.213333 9.366667
vt 14.213333 9.433333
vt 13.520000 9.433333
vt 13.520000 9.366667
vt 14.213333 9.900000
vt 14.213333 9.966667
vt 13.520000 9.966667
vt 13.520000 9.900000
vt -3.426667 -3.426667
vt -3.426667 -4.573333
vt -4.573333 -4.573333
vt -4.573333 -3.426667
vt -3.426667 -0.032000
vt -3.426667 0.000000
vt -4.573333 0.000000
vt -4.573333 -0.032000
vt -3.586667 -3.586667
vt -3.586667 -4.413333
vt -4.413333 -4.413333
vt -4.413333 -3.586667
vt -3.586667 -0.013333
vt -3.586667 0.002667
vt -4.413333 0.002667
vt -4.413333 -0.013333
vt 5.906667 1.906667
vt 5.906667 0.760000
vt 4.760000 0.760000
vt 4.760000 1.906667
vt 5.906667 -0.032000
vt 5.906667 0.000000
vt 4.760000 0.000000
vt 4.760000 -0.032000
vt 0.760000 -0.032000
vt 0.760000 0.000000
vt 1.906667 0.000000
vt 1.906667 -0.032000
vt 5.746667 1.746667
vt 5.746667 0.920000
vt 4.920000 0.920000
vt 4.920000 1.746667
vt 5.746667 -0.013333
vt 5.746667 0.002667
vt 4.920000 0.002667
vt 4.920000 -0.013333
vt 0.920000 -0.013333
vt 0.920000 0.002667
vt 1.746667 0.002667
vt 1.746667 -0.013333
vt -11.426667 -6.093333
vt -11.426667 -7.240000
vt -12.573333 -7.240000
vt -12.573333 -6.093333
vt -11.426667 -0.032000
vt -11.426667 0.000000
vt -12.573333 0.000000
vt -12.573333 -0.032000
vt -7.240000 -0.032000
vt -7.240000 0.000000
vt -6.093333 -0.032000
vt -11.586667 -6.253333
vt -11.586667 -7.080000
vt -12.413333 -7.080000
vt -12.413333 -6.253333
vt -11.586667 -0.013333
vt -11.586667 0.002667
vt -12.413333 0.002667
vt -12.413333 -0.013333
vt -7.080000 -0.013333
vt -7.080000 0.002667
vt -6.253333 0.002667
vt -6.253333 -0.013333
vt 11.240000 8.573333
vt 11.240000 7.426667
vt 10.093333 7.426667
vt 10.093333 8.573333
vt 11.240000 -0.032000
vt 11.240000 0.000000
vt 10.093333 0.000000
vt 10.093333 -0.032000
vt 7.426667 -0.032000
vt 8.573333 0.000000
vt 8.573333 -0.032000
vt 11.080000 8.413333
vt 11.080000 7.586667
vt 10.253333 7.586667
vt 10.253333 8.413333
vt 11.080000 -0.013333
vt 11.080000 0.002667
vt 10.253333 0.002667
vt 10.253333 -0.013333
vt 7.586667 -0.013333
vt 7.586667 0.002667
vt 8.413333 0.002667
vt 8.413333 -0.013333
vt -10.480000 5.720000
vt -9.520000 5.720000
vt -9.520000 6.066667
vt -10.480000 6.066667
vt -9.413333 5.720000
vt -9.413333 6.066667
vt 15.800000 5.720000
vt 16.040000 5.720000
vt 16.040000 6.066667
vt 15.800000 6.066667
vt 16.146667 5.720000
vt 16.146667 6.066667
vt 15.693333 5.720000
vt 15.693333 6.066667
vt -10.480000 15.693333
vt -9.520000 15.693333
vt -9.413333 15.800000
vt -9.413333 16.040000
vt -9.520000 16.146667
vt -10.480000 16.146667
vt -10.586667 16.040000
vt -10.586667 15.800000
vt -9.533333 15.800000
vt -9.533333 15.666667
vt -10.466667 15.666667
vt -10.466667 15.800000
vt -9.533333 5.666667
vt -9.533333 5.800000
vt -10.466667 5.800000
vt -10.466667 5.666667
vt 15.666667 5.666667
vt 15.666667 5.800000
vt 15.800000 5.800000
vt 15.800000 5.666667
vt -0.480000 5.720000
vt 0.480000 5.720000
vt 0.480000 6.066667
vt -0.480000 6.066667
vt -0.480000 15.693333
vt 0.480000 15.693333
vt 0.586667 15.800000
vt 0.586667 16.040000
vt 0.480000 16.146667
vt -0.480000 16.146667
vt -0.586667 16.040000
vt -0.586667 15.800000
vt 0.466667 15.800000
vt 0.466667 15.666667
vt -0.466667 15.666667
vt -0.466667 15.800000
vt 0.466667 5.666667
vt 0.466667 5.800000
vt -0.466667 5.800000
vt -0.466667 5.666667
vt 9.520000 5.720000
vt 10.480000 5.720000
vt 10.480000 6.066667
vt 9.520000 6.066667
vt 9.413333 5.720000
vt 9.413333 6.066667
vt 9.520000 15.693333
vt 10.480000 15.693333
vt 10.586667 15.800000
vt 10.586667 16.040000
vt 10.480000 16.146667
vt 9.520000 16.146667
vt 9.413333 16.040000
vt 9.413333 15.800000
vt 10.466667 15.800000
vt 10.466667 15.666667
vt 9.533333 15.666667
vt 9.533333 15.800000
vt 10.466667 5.666667
vt 10.466667 5.800000
vt 9.533333 5.800000
vt 9.533333 5.666667
vt -12.813333 7.773333
vt -12.253333 7.773333
vt -12.253333 8.173333
vt -12.813333 8.173333
vt -5.746667 7.773333
vt -5.613333 7.773333
vt -5.613333 8.173333
vt -5.746667 8.173333
vt -5.053333 7.773333
vt -5.053333 8.173333
vt -4.920000 7.773333
vt -4.920000 8.173333
vt -12.946667 7.773333
vt -12.946667 8.173333
vt -12.813333 -5.746667
vt -12.253333 -5.746667
vt -12.120000 -5.613333
vt -12.120000 -5.053333
vt -12.253333 -4.920000
vt -12.813333 -4.920000
vt -12.946667 -5.053333
vt -12.946667 -5.613333
vt -12.240000 -5.040000
vt -12.240000 -5.626667
vt -12.826667 -5.626667
vt -12.826667 -5.040000
vt -12.240000 7.626667
vt -12.240000 7.786667
vt -12.826667 7.786667
vt -12.826667 7.626667
vt -5.626667 7.626667
vt -5.626667 7.786667
vt -5.040000 7.786667
vt -5.040000 7.626667
vt 12.253333 7.773333
vt 12.813333 7.773333
vt 12.813333 8.173333
vt 12.253333 8.173333
vt 12.946667 7.773333
vt 12.946667 8.173333
vt 12.253333 -5.746667
vt 12.813333 -5.746667
vt 12.946667 -5.613333
vt 12.946667 -5.053333
vt 12.813333 -4.920000
vt 12.253333 -4.920000
vt 12.120000 -5.053333
vt 12.120000 -5.613333
vt 12.826667 -5.040000
vt 12.826667 -5.626667
vt 12.240000 -5.626667
vt 12.240000 -5.040000
vt 12.826667 7.626667
vt 12.826667 7.786667
vt 12.240000 7.786667
vt 12.240000 7.626667
vt 4.920000 7.773333
vt 5.053333 7.773333
vt 5.053333 8.173333
vt 4.920000 8.173333
vt 5.613333 7.773333
vt 5.613333 8.173333
vt 5.746667 7.773333
vt 5.746667 8.173333
vt -12.813333 4.920000
vt -12.253333 4.920000
vt -12.120000 5.053333
vt -12.120000 5.613333
vt -12.253333 5.746667
vt -12.813333 5.746667
vt -12.946667 5.613333
vt -12.946667 5.053333
vt -12.240000 5.626667
vt -12.240000 5.040000
vt -12.826667 5.040000
vt -12.826667 5.626667
vt 5.040000 7.626667
vt 5.040000 7.786667
vt 5.626667 7.786667
vt 5.626667 7.626667
vt 12.253333 4.920000
vt 12.813333 4.920000
vt 12.946667 5.053333
vt 12.946667 5.613333
vt 12.813333 5.746667
vt 12.253333 5.746667
vt 12.120000 5.613333
vt 12.120000 5.053333
vt 12.826667 5.626667
vt 12.826667 5.040000
vt 12.240000 5.040000
vt 12.240000 5.626667
vn 0.000000 -1.000000 0.000000
vn 0.707107 -0.707107 0.000000
vn 1.000000 0.000000 0.000000
vn 0.707107 0.707107 0.000000
vn 0.000000 1.000000 0.000000
vn -0.707107 0.707107 0.000000
vn -1.000000 0.000000 0.000000
vn -0.707107 -0.707107 0.000000
vn 0.000000 0.000000 1.000000
vn 0.000000 0.000000 -1.000000
vn 0.000000 0.866025 0.500000
vn 0.000000 -0.866025 0.500000
vn 0.000000 -0.866025 -0.500000
vn 0.000000 0.866025 -0.500000
vn 0.866025 0.000000 0.500000
vn -0.866025 0.000000 0.500000
vn -0.866025 0.000000 -0.500000
vn 0.866025 0.000000 -0.500000
vn 0.866025 0.500000 0.000000
vn -0.866025 0.500000 0.000000
vn -0.866025 -0.500000 0.000000
vn 0.866025 -0.500000 0.000000
g props_foreground
f 1/1/1 2/2/1 3/3/1 4/4/1
f 2/2/2 5/5/2 6/6/2 3/3/2
f 5/7/3 7/8/3 8/9/3 6/10/3
f 7/5/4 9/2/4 10/3/4 8/6/4
f 9/2/5 11/1/5 12/4/5 10/3/5
f 11/1/6 13/11/6 14/12/6 12/4/6
f 13/8/7 15/7/7 16/10/7 14/9/7
f 15/11/8 1/1/8 4/4/8 16/12/8
f 4/13/9 3/14/9 6/15/9 8/16/9 10/17/9 12/18/9 14/19/9 16/20/9
f 15/20/10 13/19/10 11/18/10 9/17/10 7/16/10 5/15/10 2/14/10 1/13/10
f 17/21/10 18/22/10 19/23/10 20/24/10
f 21/22/9 22/21/9 23/24/9 24/23/9
f 18/25/1 21/26/1 24/27/1 19/28/1
f 20/28/5 23/27/5 22/26/5 17/25/5
f 19/29/7 24/30/7 23/31/7 20/32/7
f 17/32/3 22/31/3 21/30/3 18/29/3
f 25/33/10 26/34/10 27/35/10 28/36/10
f 29/34/9 30/33/9 31/36/9 32/35/9
f 26/37/1 29/38/1 32/39/1 27/40/1
f 28/40/5 31/39/5 30/38/5 25/37/5
f 27/41/7 32/42/7 31/43/7 28/44/7
f 25/44/3 30/43/3 29/42/3 26/41/3
f 33/45/10 34/46/10 35/47/10 36/48/10
f 37/46/9 38/45/9 39/48/9 40/47/9
f 34/49/1 37/50/1 40/51/1 35/52/1
f 36/52/5 39/51/5 38/50/5 33/49/5
f 35/41/7 40/42/7 39/43/7 36/44/7
f 33/44/3 38/43/3 37/42/3 34/41/3
f 41/53/1 42/54/1 43/55/1 44/56/1
f 42/54/2 45/57/2 46/58/2 43/55/2
f 45/7/3 47/8/3 48/59/3 46/60/3
f 47/57/4 49/54/4 50/55/4 48/58/4
f 49/54/5 51/53/5 52/56/5 50/55/5
f 51/53/6 53/61/6 54/62/6 52/56/6
f 53/8/7 55/7/7 56/60/7 54/59/7
f 55/61/8 41/53/8 44/56/8 56/62/8
f 44/63/9 43/64/9 46/65/9 48/66/9 50/67/9 52/68/9 54/69/9 56/70/9
f 55/70/10 53/69/10 51/68/10 49/67/10 47/66/10 45/65/10 42/64/10 41/63/10
f 57/71/10 58/72/10 59/73/10 60/74/10
f 61/72/9 62/71/9 63/74/9 64/73/9
f 58/75/1 61/76/1 64/77/1 59/78/1
f 60/78/5 63/77/5 62/76/5 57/75/5
f 59/79/7 64/80/7 63/81/7 60/82/7
f 57/82/3 62/81/3 61/80/3 58/79/3
f 65/83/10 66/84/10 67/85/10 68/86/10
f 69/84/9 70/83/9 71/86/9 72/85/9
f 66/87/1 69/88/1 72/89/1 67/90/1
f 68/90/5 71/89/5 70/88/5 65/87/5
f 67/91/7 72/92/7 71/93/7 68/94/7
f 65/94/3 70/93/3 69/92/3 66/91/3
f 73/95/10 74/96/10 75/97/10 76/98/10
f 77/96/9 78/95/9 79/98/9 80/97/9
f 74/99/1 77/100/1 80/101/1 75/102/1
f 76/102/5 79/101/5 78/100/5 73/99/5
f 75/91/7 80/92/7 79/93/7 76/94/7
f 73/94/3 78/93/3 77/92/3 74/91/3
f 81/103/1 82/104/1 83/105/1 84/106/1
f 82/107/2 85/7/2 86/108/2 83/109/2
f 85/7/3 87/8/3 88/110/3 86/108/3
f 87/8/4 89/111/4 90/112/4 88/110/4
f 89/104/5 91/103/5 92/106/5 90/105/5
f 91/103/6 93/113/6 94/114/6 92/106/6
f 93/8/7 95/7/7 96/108/7 94/110/7
f 95/113/8 81/103/8 84/106/8 96/114/8
f 84/115/9 83/116/9 86/117/9 88/118/9 90/119/9 92/120/9 94/121/9 96/122/9
f 95/122/10 93/121/10 91/120/10 89/119/10 87/118/10 85/117/10 82/116/10 81/115/10
f 97/123/10 98/124/10 99/125/10 100/126/10
f 101/124/9 102/123/9 103/126/9 104/125/9
f 98/127/1 101/128/1 104/129/1 99/130/1
f 100/130/5 103/129/5 102/128/5 97/127/5
f 99/131/7 104/29/7 103/32/7 100/132/7
f 97/132/3 102/32/3 101/29/3 98/131/3
f 105/133/10 106/134/10 107/135/10 108/136/10
f 109/134/9 110/133/9 111/136/9 112/135/9
f 106/137/1 109/138/1 112/139/1 107/140/1
f 108/140/5 111/139/5 110/138/5 105/137/5
f 107/141/7 112/142/7 111/143/7 108/144/7
f 105/144/3 110/143/3 109/142/3 106/141/3
f 113/145/10 114/146/10 115/147/10 116/148/10
f 117/146/9 118/145/9 119/148/9 120/147/9
f 114/149/1 117/150/1 120/151/1 115/152/1
f 116/152/5 119/151/5 118/150/5 113/149/5
f 115/141/7 120/142/7 119/143/7 116/144/7
f 113/144/3 118/143/3 117/142/3 114/141/3
f 121/153/1 122/154/1 123/155/1 124/156/1
f 122/154/2 125/157/2 126/158/2 123/155/2
f 125/7/3 127/8/3 128/159/3 126/160/3
f 127/157/4 129/154/4 130/155/4 128/158/4
f 129/154/5 131/153/5 132/156/5 130/155/5
f 131/153/6 133/161/6 134/162/6 132/156/6
f 133/8/7 135/7/7 136/160/7 134/159/7
f 135/161/8 121/153/8 124/156/8 136/162/8
f 124/163/9 123/164/9 126/165/9 128/166/9 130/167/9 132/168/9 134/169/9 136/170/9
f 135/170/10 133/169/10 131/168/10 129/167/10 127/166/10 125/165/10 122/164/10 121/163/10
f 137/171/10 138/172/10 139/173/10 140/174/10
f 141/172/9 142/171/9 143/174/9 144/173/9
f 138/175/1 141/176/1 144/177/1 139/178/1
f 140/178/5 143/177/5 142/176/5 137/175/5
f 139/179/7 144/180/7 143/181/7 140/182/7
f 137/182/3 142/181/3 141/180/3 138/179/3
f 145/183/10 146/184/10 147/185/10 148/186/10
f 149/184/9 150/183/9 151/186/9 152/185/9
f 146/187/1 149/188/1 152/189/1 147/190/1
f 148/190/5 151/189/5 150/188/5 145/187/5
f 147/191/7 152/192/7 151/193/7 148/194/7
f 145/194/3 150/193/3 149/192/3 146/191/3
f 153/195/10 154/196/10 155/197/10 156/198/10
f 157/196/9 158/195/9 159/198/9 160/197/9
f 154/199/1 157/200/1 160/201/1 155/202/1
f 156/202/5 159/201/5 158/200/5 153/199/5
f 155/191/7 160/192/7 159/193/7 156/194/7
f 153/194/3 158/193/3 157/192/3 154/191/3
f 161/203/1 162/204/1 163/205/1 164/206/1
f 162/204/2 165/207/2 166/208/2 163/205/2
f 165/10/3 167/9/3 168/209/3 166/210/3
f 167/207/4 169/204/4 170/205/4 168/208/4
f 169/204/5 171/203/5 172/206/5 170/205/5
f 171/203/6 173/211/6 174/212/6 172/206/6
f 173/9/7 175/10/7 176/210/7 174/209/7
f 175/211/8 161/203/8 164/206/8 176/212/8
f 164/213/9 163/214/9 166/215/9 168/216/9 170/217/9 172/218/9 174/219/9 176/220/9
f 175/220/10 173/219/10 171/218/10 169/217/10 167/216/10 165/215/10 162/214/10 161/213/10
f 177/221/10 178/222/10 179/223/10 180/224/10
f 181/222/9 182/221/9 183/224/9 184/223/9
f 178/225/1 181/226/1 184/227/1 179/228/1
f 180/228/5 183/227/5 182/226/5 177/225/5
f 179/229/7 184/230/7 183/231/7 180/232/7
f 177/232/3 182/231/3 181/230/3 178/229/3
f 185/233/10 186/234/10 187/235/10 188/236/10
f 189/234/9 190/233/9 191/236/9 192/235/9
f 186/237/1 189/238/1 192/239/1 187/240/1
f 188/240/5 191/239/5 190/238/5 185/237/5
f 187/241/7 192/242/7 191/243/7 188/244/7
f 185/244/3 190/243/3 189/242/3 186/241/3
f 193/245/10 194/246/10 195/247/10 196/248/10
f 197/246/9 198/245/9 199/248/9 200/247/9
f 194/249/1 197/250/1 200/251/1 195/252/1
f 196/252/5 199/251/5 198/250/5 193/249/5
f 195/241/7 200/242/7 199/243/7 196/244/7
f 193/244/3 198/243/3 197/242/3 194/241/3
f 201/253/1 202/254/1 203/255/1 204/256/1
f 202/257/2 205/258/2 206/259/2 203/260/2
f 205/258/3 207/261/3 208/262/3 206/259/3
f 207/261/4 209/263/4 210/264/4 208/262/4
f 209/254/5 211/253/5 212/256/5 210/255/5
f 211/263/6 213/261/6 214/262/6 212/264/6
f 213/261/7 215/258/7 216/259/7 214/262/7
f 215/258/8 201/257/8 204/260/8 216/259/8
f 204/265/9 203/266/9 206/267/9 208/268/9 210/269/9 212/270/9 214/271/9 216/272/9
f 215/272/10 213/271/10 211/270/10 209/269/10 207/268/10 205/267/10 202/266/10 201/265/10
f 217/273/10 218/274/10 219/275/10 220/276/10
f 221/274/9 222/273/9 223/276/9 224/275/9
f 218/277/1 221/278/1 224/279/1 219/280/1
f 220/280/5 223/279/5 222/278/5 217/277/5
f 219/281/7 224/282/7 223/283/7 220/284/7
f 217/284/3 222/283/3 221/282/3 218/281/3
g props_midfield
f 225/7/1 226/8/1 227/285/1 228/286/1
f 226/287/2 229/288/2 230/289/2 227/290/2
f 229/288/3 231/291/3 232/292/3 230/289/3
f 231/291/4 233/293/4 234/294/4 232/292/4
f 233/8/5 235/7/5 236/286/5 234/285/5
f 235/293/6 237/291/6 238/292/6 236/294/6
f 237/291/7 239/288/7 240/289/7 238/292/7
f 239/288/8 225/287/8 228/290/8 240/289/8
f 228/295/9 227/296/9 230/297/9 232/298/9 234/299/9 236/300/9 238/301/9 240/302/9
f 239/302/10 237/301/10 235/300/10 233/299/10 231/298/10 229/297/10 226/296/10 225/295/10
f 241/303/10 242/304/10 243/305/10 244/306/10
f 245/304/9 246/303/9 247/306/9 248/305/9
f 242/307/1 245/308/1 248/309/1 243/310/1
f 244/310/5 247/309/5 246/308/5 241/307/5
f 243/311/7 248/312/7 247/313/7 244/314/7
f 241/314/3 246/313/3 245/312/3 242/311/3
f 249/315/10 250/316/10 251/317/10 252/318/10
f 253/316/9 254/315/9 255/318/9 256/317/9
f 250/319/1 253/320/1 256/321/1 251/322/1
f 252/322/5 255/321/5 254/320/5 249/319/5
f 251/323/7 256/324/7 255/325/7 252/326/7
f 249/326/3 254/325/3 253/324/3 250/323/3
f 257/327/10 258/328/10 259/329/10 260/330/10
f 261/328/9 262/327/9 263/330/9 264/329/9
f 258/319/1 261/320/1 264/321/1 259/322/1
f 260/322/5 263/321/5 262/320/5 257/319/5
f 259/331/7 264/332/7 263/333/7 260/334/7
f 257/334/3 262/333/3 261/332/3 258/331/3
f 265/7/1 266/8/1 267/335/1 268/336/1
f 266/337/2 269/338/2 270/339/2 267/340/2
f 269/338/3 271/341/3 272/342/3 270/339/3
f 271/341/4 273/343/4 274/344/4 272/342/4
f 273/8/5 275/7/5 276/336/5 274/335/5
f 275/7/6 277/107/6 278/345/6 276/336/6
f 277/341/7 279/338/7 280/339/7 278/342/7
f 279/107/8 265/7/8 268/336/8 280/345/8
f 268/346/9 267/347/9 270/348/9 272/349/9 274/350/9 276/351/9 278/352/9 280/353/9
f 279/353/10 277/352/10 275/351/10 273/350/10 271/349/10 269/348/10 266/347/10 265/346/10
f 281/354/10 282/355/10 283/356/10 284/357/10
f 285/355/9 286/354/9 287/357/9 288/356/9
f 282/181/1 285/358/1 288/359/1 283/180/1
f 284/180/5 287/359/5 286/358/5 281/181/5
f 283/360/7 288/361/7 287/362/7 284/363/7
f 281/363/3 286/362/3 285/361/3 282/360/3
f 289/364/10 290/365/10 291/366/10 292/367/10
f 293/365/9 294/364/9 295/367/9 296/366/9
f 290/368/1 293/369/1 296/370/1 291/371/1
f 292/371/5 295/370/5 294/369/5 289/368/5
f 291/372/7 296/373/7 295/374/7 292/375/7
f 289/375/3 294/374/3 293/373/3 290/372/3
f 297/376/10 298/377/10 299/378/10 300/379/10
f 301/377/9 302/376/9 303/379/9 304/378/9
f 298/368/1 301/369/1 304/370/1 299/371/1
f 300/371/5 303/370/5 302/369/5 297/368/5
f 299/380/7 304/381/7 303/382/7 300/383/7
f 297/383/3 302/382/3 301/381/3 298/380/3
f 305/7/1 306/8/1 307/384/1 308/385/1
f 306/386/2 309/387/2 310/388/2 307/389/2
f 309/387/3 311/390/3 312/391/3 310/388/3
f 311/390/4 313/392/4 314/393/4 312/391/4
f 313/8/5 315/7/5 316/385/5 314/384/5
f 315/392/6 317/390/6 318/391/6 316/393/6
f 317/390/7 319/387/7 320/388/7 318/391/7
f 319/387/8 305/386/8 308/389/8 320/388/8
f 308/394/9 307/395/9 310/396/9 312/397/9 314/398/9 316/399/9 318/400/9 320/401/9
f 319/401/10 317/400/10 315/399/10 313/398/10 311/397/10 309/396/10 306/395/10 305/394/10
f 321/402/10 322/403/10 323/404/10 324/405/10
f 325/403/9 326/402/9 327/405/9 328/404/9
f 322/406/1 325/307/1 328/310/1 323/407/1
f 324/407/5 327/310/5 326/307/5 321/406/5
f 323/408/7 328/409/7 327/410/7 324/411/7
f 321/411/3 326/410/3 325/409/3 322/408/3
f 329/412/10 330/413/10 331/414/10 332/415/10
f 333/413/9 334/412/9 335/415/9 336/414/9
f 330/416/1 333/417/1 336/418/1 331/419/1
f 332/419/5 335/418/5 334/417/5 329/416/5
f 331/420/7 336/421/7 335/422/7 332/423/7
f 329/423/3 334/422/3 333/421/3 330/420/3
f 337/424/10 338/425/10 339/426/10 340/427/10
f 341/425/9 342/424/9 343/427/9 344/426/9
f 338/416/1 341/417/1 344/418/1 339/419/1
f 340/419/5 343/418/5 342/417/5 337/416/5
f 339/428/7 344/429/7 343/430/7 340/431/7
f 337/431/3 342/430/3 341/429/3 338/428/3
f 345/7/1 346/8/1 347/432/1 348/433/1
f 346/8/2 349/111/2 350/434/2 347/432/2
f 349/435/3 351/436/3 352/437/3 350/438/3
f 351/111/4 353/8/4 354/432/4 352/434/4
f 353/8/5 355/7/5 356/433/5 354/432/5
f 355/7/6 357/107/6 358/439/6 356/433/6
f 357/436/7 359/435/7 360/438/7 358/437/7
f 359/107/8 345/7/8 348/433/8 360/439/8
f 348/440/9 347/441/9 350/442/9 352/443/9 354/444/9 356/445/9 358/446/9 360/447/9
f 359/447/10 357/446/10 355/445/10 353/444/10 351/443/10 349/442/10 346/441/10 345/440/10
f 361/448/10 362/449/10 363/450/10 364/451/10
f 365/449/9 366/448/9 367/451/9 368/450/9
f 362/452/1 365/82/1 368/79/1 363/453/1
f 364/453/5 367/79/5 366/82/5 361/452/5
f 363/454/7 368/455/7 367/456/7 364/457/7
f 361/457/3 366/456/3 365/455/3 362/454/3
f 369/458/10 370/459/10 371/460/10 372/461/10
f 373/459/9 374/458/9 375/461/9 376/460/9
f 370/462/1 373/463/1 376/464/1 371/465/1
f 372/465/5 375/464/5 374/463/5 369/462/5
f 371/466/7 376/467/7 375/468/7 372/469/7
f 369/469/3 374/468/3 373/467/3 370/466/3
f 377/470/10 378/471/10 379/472/10 380/473/10
f 381/471/9 382/470/9 383/473/9 384/472/9
f 378/462/1 381/463/1 384/464/1 379/465/1
f 380/465/5 383/464/5 382/463/5 377/462/5
f 379/474/7 384/475/7 383/476/7 380/477/7
f 377/477/3 382/476/3 381/475/3 378/474/3
f 385/478/1 386/479/1 387/480/1 388/481/1
f 386/482/2 389/483/2 390/484/2 387/485/2
f 389/483/3 391/486/3 392/487/3 390/484/3
f 391/486/4 393/488/4 394/489/4 392/487/4
f 393/479/5 395/478/5 396/481/5 394/480/5
f 395/478/6 397/490/6 398/491/6 396/481/6
f 397/486/7 399/483/7 400/484/7 398/487/7
f 399/490/8 385/478/8 388/481/8 400/491/8
f 388/492/9 387/493/9 390/494/9 392/495/9 394/496/9 396/497/9 398/498/9 400/499/9
f 399/499/10 397/498/10 395/497/10 393/496/10 391/495/10 389/494/10 386/493/10 385/492/10
f 401/500/10 402/501/10 403/502/10 404/503/10
f 405/501/9 406/500/9 407/503/9 408/502/9
f 402/504/1 405/505/1 408/506/1 403/507/1
f 404/507/5 407/506/5 406/505/5 401/504/5
f 403/508/7 408/509/7 407/510/7 404/511/7
f 401/511/3 406/510/3 405/509/3 402/508/3
f 409/512/10 410/513/10 411/514/10 412/515/10
f 413/513/9 414/512/9 415/515/9 416/514/9
f 410/516/1 413/517/1 416/518/1 411/519/1
f 412/519/5 415/518/5 414/517/5 409/516/5
f 411/520/7 416/521/7 415/522/7 412/523/7
f 409/523/3 414/522/3 413/521/3 410/520/3
f 417/524/10 418/525/10 419/526/10 420/527/10
f 421/525/9 422/524/9 423/527/9 424/526/9
f 418/516/1 421/517/1 424/518/1 419/519/1
f 420/519/5 423/518/5 422/517/5 417/516/5
f 419/528/7 424/529/7 423/530/7 420/531/7
f 417/531/3 422/530/3 421/529/3 418/528/3
f 425/478/1 426/479/1 427/532/1 428/533/1
f 426/534/2 429/535/2 430/536/2 427/537/2
f 429/535/3 431/538/3 432/539/3 430/536/3
f 431/538/4 433/540/4 434/541/4 432/539/4
f 433/479/5 435/478/5 436/533/5 434/532/5
f 435/540/6 437/538/6 438/539/6 436/541/6
f 437/538/7 439/535/7 440/536/7 438/539/7
f 439/535/8 425/534/8 428/537/8 440/536/8
f 428/542/9 427/543/9 430/544/9 432/545/9 434/546/9 436/547/9 438/548/9 440/549/9
f 439/549/10 437/548/10 435/547/10 433/546/10 431/545/10 429/544/10 426/543/10 425/542/10
f 441/550/10 442/551/10 443/552/10 444/553/10
f 445/551/9 446/550/9 447/553/9 448/552/9
f 442/554/1 445/555/1 448/556/1 443/557/1
f 444/557/5 447/556/5 446/555/5 441/554/5
f 443/558/7 448/559/7 447/560/7 444/561/7
f 441/561/3 446/560/3 445/559/3 442/558/3
f 449/562/10 450/563/10 451/564/10 452/565/10
f 453/563/9 454/562/9 455/565/9 456/564/9
f 450/566/1 453/567/1 456/568/1 451/569/1
f 452/569/5 455/568/5 454/567/5 449/566/5
f 451/570/7 456/571/7 455/572/7 452/573/7
f 449/573/3 454/572/3 453/571/3 450/570/3
f 457/574/10 458/575/10 459/576/10 460/577/10
f 461/575/9 462/574/9 463/577/9 464/576/9
f 458/566/1 461/567/1 464/568/1 459/569/1
f 460/569/5 463/568/5 462/567/5 457/566/5
f 459/578/7 464/579/7 463/580/7 460/581/7
f 457/581/3 462/580/3 461/579/3 458/578/3
f 465/478/1 466/479/1 467/582/1 468/583/1
f 466/584/2 469/585/2 470/586/2 467/587/2
f 469/585/3 471/588/3 472/589/3 470/586/3
f 471/588/4 473/590/4 474/591/4 472/589/4
f 473/479/5 475/478/5 476/583/5 474/582/5
f 475/590/6 477/588/6 478/589/6 476/591/6
f 477/588/7 479/585/7 480/586/7 478/589/7
f 479/585/8 465/584/8 468/587/8 480/586/8
f 468/592/9 467/593/9 470/594/9 472/595/9 474/596/9 476/597/9 478/598/9 480/599/9
f 479/599/10 477/598/10 475/597/10 473/596/10 471/595/10 469/594/10 466/593/10 465/592/10
f 481/600/10 482/601/10 483/602/10 484/603/10
f 485/601/9 486/600/9 487/603/9 488/602/9
f 482/505/1 485/604/1 488/605/1 483/506/1
f 484/506/5 487/605/5 486/604/5 481/505/5
f 483/606/7 488/607/7 487/608/7 484/609/7
f 481/609/3 486/608/3 485/607/3 482/606/3
f 489/610/10 490/611/10 491/612/10 492/613/10
f 493/611/9 494/610/9 495/613/9 496/612/9
f 490/614/1 493/615/1 496/616/1 491/617/1
f 492/617/5 495/616/5 494/615/5 489/614/5
f 491/618/7 496/619/7 495/620/7 492/621/7
f 489/621/3 494/620/3 493/619/3 490/618/3
f 497/622/10 498/623/10 499/624/10 500/625/10
f 501/623/9 502/622/9 503/625/9 504/624/9
f 498/614/1 501/615/1 504/616/1 499/617/1
f 500/617/5 503/616/5 502/615/5 497/614/5
f 499/626/7 504/627/7 503/628/7 500/629/7
f 497/629/3 502/628/3 501/627/3 498/626/3
f 505/478/1 506/479/1 507/630/1 508/631/1
f 506/479/2 509/632/2 510/633/2 507/630/2
f 509/634/3 511/635/3 512/636/3 510/637/3
f 511/632/4 513/479/4 514/630/4 512/633/4
f 513/479/5 515/478/5 516/631/5 514/630/5
f 515/478/6 517/490/6 518/638/6 516/631/6
f 517/635/7 519/634/7 520/637/7 518/636/7
f 519/490/8 505/478/8 508/631/8 520/638/8
f 508/639/9 507/640/9 510/641/9 512/642/9 514/643/9 516/644/9 518/645/9 520/646/9
f 519/646/10 517/645/10 515/644/10 513/643/10 511/642/10 509/641/10 506/640/10 505/639/10
f 521/647/10 522/648/10 523/649/10 524/650/10
f 525/648/9 526/647/9 527/650/9 528/649/9
f 522/651/1 525/652/1 528/653/1 523/654/1
f 524/654/5 527/653/5 526/652/5 521/651/5
f 523/655/7 528/656/7 527/657/7 524/658/7
f 521/658/3 526/657/3 525/656/3 522/655/3
f 529/659/10 530/660/10 531/661/10 532/662/10
f 533/660/9 534/659/9 535/662/9 536/661/9
f 530/663/1 533/664/1 536/665/1 531/666/1
f 532/666/5 535/665/5 534/664/5 529/663/5
f 531/667/7 536/668/7 535/669/7 532/670/7
f 529/670/3 534/669/3 533/668/3 530/667/3
f 537/671/10 538/672/10 539/673/10 540/674/10
f 541/672/9 542/671/9 543/674/9 544/673/9
f 538/663/1 541/664/1 544/665/1 539/666/1
f 540/666/5 543/665/5 542/664/5 537/663/5
f 539/675/7 544/676/7 543/677/7 540/678/7
f 537/678/3 542/677/3 541/676/3 538/675/3
f 545/481/1 546/480/1 547/679/1 548/680/1
f 546/681/2 549/682/2 550/683/2 547/684/2
f 549/682/3 551/685/3 552/686/3 550/683/3
f 551/685/4 553/687/4 554/688/4 552/686/4
f 553/480/5 555/481/5 556/680/5 554/679/5
f 555/687/6 557/685/6 558/686/6 556/688/6
f 557/685/7 559/682/7 560/683/7 558/686/7
f 559/682/8 545/681/8 548/684/8 560/683/8
f 548/689/9 547/690/9 550/691/9 552/692/9 554/693/9 556/694/9 558/695/9 560/696/9
f 559/696/10 557/695/10 555/694/10 553/693/10 551/692/10 549/691/10 546/690/10 545/689/10
f 561/697/10 562/698/10 563/699/10 564/700/10
f 565/698/9 566/697/9 567/700/9 568/699/9
f 562/701/1 565/702/1 568/703/1 563/704/1
f 564/704/5 567/703/5 566/702/5 561/701/5
f 563/705/7 568/706/7 567/707/7 564/708/7
f 561/708/3 566/707/3 565/706/3 562/705/3
f 569/709/10 570/710/10 571/711/10 572/712/10
f 573/710/9 574/709/9 575/712/9 576/711/9
f 570/713/1 573/714/1 576/715/1 571/716/1
f 572/716/5 575/715/5 574/714/5 569/713/5
f 571/717/7 576/718/7 575/719/7 572/720/7
f 569/720/3 574/719/3 573/718/3 570/717/3
f 577/721/10 578/722/10 579/723/10 580/724/10
f 581/722/9 582/721/9 583/724/9 584/723/9
f 578/713/1 581/714/1 584/715/1 579/716/1
f 580/716/5 583/715/5 582/714/5 577/713/5
f 579/725/7 584/726/7 583/727/7 580/728/7
f 577/728/3 582/727/3 581/726/3 578/725/3
f 585/729/1 586/730/1 587/731/1 588/732/1
f 586/730/2 589/733/2 590/734/2 587/731/2
f 589/735/3 591/736/3 592/737/3 590/738/3
f 591/733/4 593/730/4 594/731/4 592/734/4
f 593/730/5 595/729/5 596/732/5 594/731/5
f 595/729/6 597/739/6 598/740/6 596/732/6
f 597/736/7 599/735/7 600/738/7 598/737/7
f 599/739/8 585/729/8 588/732/8 600/740/8
f 588/741/9 587/742/9 590/743/9 592/744/9 594/745/9 596/746/9 598/747/9 600/748/9
f 599/748/10 597/747/10 595/746/10 593/745/10 591/744/10 589/743/10 586/742/10 585/741/10
f 601/749/10 602/750/10 603/751/10 604/752/10
f 605/750/9 606/749/9 607/752/9 608/751/9
f 602/753/1 605/754/1 608/755/1 603/756/1
f 604/756/5 607/755/5 606/754/5 601/753/5
f 603/757/7 608/758/7 607/759/7 604/760/7
f 601/760/3 606/759/3 605/758/3 602/757/3
f 609/761/1 610/762/1 611/763/1 612/764/1
f 610/762/2 613/765/2 614/766/2 611/763/2
f 613/767/3 615/768/3 616/769/3 614/770/3
f 615/765/4 617/762/4 618/763/4 616/766/4
f 617/762/5 619/761/5 620/764/5 618/763/5
f 619/761/6 621/771/6 622/772/6 620/764/6
f 621/768/7 623/767/7 624/770/7 622/769/7
f 623/771/8 609/761/8 612/764/8 624/772/8
f 612/773/9 611/774/9 614/775/9 616/776/9 618/777/9 620/778/9 622/779/9 624/780/9
f 623/780/10 621/779/10 619/778/10 617/777/10 615/776/10 613/775/10 610/774/10 609/773/10
f 625/781/10 626/782/10 627/783/10 628/784/10
f 629/782/9 630/781/9 631/784/9 632/783/9
f 626/785/1 629/786/1 632/787/1 627/788/1
f 628/788/5 631/787/5 630/786/5 625/785/5
f 627/789/7 632/790/7 631/791/7 628/792/7
f 625/792/3 630/791/3 629/790/3 626/789/3
g props_arch_focus
f 633/793/1 634/794/1 635/795/1 636/796/1
f 634/794/2 637/797/2 638/798/2 635/795/2
f 637/478/3 639/479/3 640/799/3 638/800/3
f 639/797/4 641/794/4 642/795/4 640/798/4
f 641/794/5 643/793/5 644/796/5 642/795/5
f 643/793/6 645/801/6 646/802/6 644/796/6
f 645/479/7 647/478/7 648/800/7 646/799/7
f 647/801/8 633/793/8 636/796/8 648/802/8
f 636/803/9 635/804/9 638/805/9 640/806/9 642/807/9 644/808/9 646/809/9 648/810/9
f 647/810/10 645/809/10 643/808/10 641/807/10 639/806/10 637/805/10 634/804/10 633/803/10
f 649/811/10 650/812/10 651/813/10 652/814/10
f 653/812/9 654/811/9 655/814/9 656/813/9
f 650/815/1 653/816/1 656/817/1 651/818/1
f 652/818/5 655/817/5 654/816/5 649/815/5
f 651/819/7 656/820/7 655/821/7 652/822/7
f 649/822/3 654/821/3 653/820/3 650/819/3
f 657/823/10 658/824/10 659/825/10 660/826/10
f 661/824/9 662/823/9 663/826/9 664/825/9
f 658/827/1 661/828/1 664/829/1 659/830/1
f 660/830/5 663/829/5 662/828/5 657/827/5
f 659/831/7 664/832/7 663/833/7 660/834/7
f 657/834/3 662/833/3 661/832/3 658/831/3
f 665/835/10 666/836/10 667/837/10 668/838/10
f 669/836/9 670/835/9 671/838/9 672/837/9
f 666/839/1 669/840/1 672/841/1 667/842/1
f 668/842/5 671/841/5 670/840/5 665/839/5
f 667/831/7 672/832/7 671/833/7 668/834/7
f 665/834/3 670/833/3 669/832/3 666/831/3
f 673/843/1 674/844/1 675/845/1 676/846/1
f 674/490/2 677/478/2 678/847/2 675/848/2
f 677/478/3 679/479/3 680/849/3 678/847/3
f 679/479/4 681/632/4 682/850/4 680/849/4
f 681/844/5 683/843/5 684/846/5 682/845/5
f 683/632/6 685/479/6 686/849/6 684/850/6
f 685/479/7 687/478/7 688/847/7 686/849/7
f 687/478/8 673/490/8 676/848/8 688/847/8
f 676/851/9 675/852/9 678/853/9 680/854/9 682/855/9 684/856/9 686/857/9 688/858/9
f 687/858/10 685/857/10 683/856/10 681/855/10 679/854/10 677/853/10 674/852/10 673/851/10
f 689/859/10 690/860/10 691/861/10 692/862/10
f 693/860/9 694/859/9 695/862/9 696/861/9
f 690/863/1 693/864/1 696/865/1 691/866/1
f 692/866/5 695/865/5 694/864/5 689/863/5
f 691/867/7 696/819/7 695/822/7 692/868/7
f 689/868/3 694/822/3 693/819/3 690/867/3
f 697/869/10 698/870/10 699/871/10 700/872/10
f 701/870/9 702/869/9 703/872/9 704/871/9
f 698/873/1 701/874/1 704/875/1 699/876/1
f 700/876/5 703/875/5 702/874/5 697/873/5
f 699/877/7 704/878/7 703/879/7 700/880/7
f 697/880/3 702/879/3 701/878/3 698/877/3
f 705/881/10 706/882/10 707/883/10 708/884/10
f 709/882/9 710/881/9 711/884/9 712/883/9
f 706/885/1 709/886/1 712/887/1 707/888/1
f 708/888/5 711/887/5 710/886/5 705/885/5
f 707/877/7 712/878/7 711/879/7 708/880/7
f 705/880/3 710/879/3 709/878/3 706/877/3
f 713/889/1 714/890/1 715/891/1 716/892/1
f 714/771/2 717/761/2 718/893/2 715/894/2
f 717/761/3 719/762/3 720/895/3 718/893/3
f 719/762/4 721/765/4 722/896/4 720/895/4
f 721/890/5 723/889/5 724/892/5 722/891/5
f 723/765/6 725/762/6 726/895/6 724/896/6
f 725/762/7 727/761/7 728/893/7 726/895/7
f 727/761/8 713/771/8 716/894/8 728/893/8
f 716/897/9 715/898/9 718/899/9 720/900/9 722/901/9 724/902/9 726/903/9 728/904/9
f 727/904/10 725/903/10 723/902/10 721/901/10 719/900/10 717/899/10 714/898/10 713/897/10
f 729/905/10 730/906/10 731/907/10 732/908/10
f 733/906/9 734/905/9 735/908/9 736/907/9
f 730/909/1 733/910/1 736/911/1 731/912/1
f 732/912/5 735/911/5 734/910/5 729/909/5
f 731/913/7 736/914/7 735/915/7 732/916/7
f 729/916/3 734/915/3 733/914/3 730/913/3
f 737/917/1 738/918/1 739/919/1 740/920/1
f 738/921/2 741/922/2 742/923/2 739/924/2
f 741/922/3 743/925/3 744/926/3 742/923/3
f 743/925/4 745/927/4 746/928/4 744/926/4
f 745/918/5 747/917/5 748/920/5 746/919/5
f 747/927/6 749/925/6 750/926/6 748/928/6
f 749/925/7 751/922/7 752/923/7 750/926/7
f 751/922/8 737/921/8 740/924/8 752/923/8
f 740/929/9 739/930/9 742/931/9 744/932/9 746/933/9 748/934/9 750/935/9 752/936/9
f 751/936/10 749/935/10 747/934/10 745/933/10 743/932/10 741/931/10 738/930/10 737/929/10
f 753/937/10 754/938/10 755/939/10 756/940/10
f 757/938/9 758/937/9 759/940/9 760/939/9
f 754/941/1 757/942/1 760/943/1 755/944/1
f 756/944/5 759/943/5 758/942/5 753/941/5
f 755/945/7 760/946/7 759/947/7 756/948/7
f 753/948/3 758/947/3 757/946/3 754/945/3
f 761/949/1 762/950/1 763/951/1 764/952/1
f 762/921/2 765/922/2 766/923/2 763/924/2
f 765/922/3 767/925/3 768/926/3 766/923/3
f 767/925/4 769/927/4 770/928/4 768/926/4
f 769/950/5 771/949/5 772/952/5 770/951/5
f 771/927/6 773/925/6 774/926/6 772/928/6
f 773/925/7 775/922/7 776/923/7 774/926/7
f 775/922/8 761/921/8 764/924/8 776/923/8
f 764/953/9 763/954/9 766/955/9 768/956/9 770/957/9 772/958/9 774/959/9 776/960/9
f 775/960/10 773/959/10 771/958/10 769/957/10 767/956/10 765/955/10 762/954/10 761/953/10
f 777/961/10 778/962/10 779/963/10 780/964/10
f 781/962/9 782/961/9 783/964/9 784/963/9
f 778/965/1 781/966/1 784/967/1 779/968/1
f 780/968/5 783/967/5 782/966/5 777/965/5
f 779/945/7 784/946/7 783/947/7 780/948/7
f 777/948/3 782/947/3 781/946/3 778/945/3
f 785/969/10 786/970/10 787/971/10 788/972/10
f 789/970/9 790/969/9 791/972/9 792/971/9
f 786/973/1 789/974/1 792/975/1 787/976/1
f 788/976/5 791/975/5 790/974/5 785/973/5
f 787/977/7 792/978/7 791/979/7 788/980/7
f 785/980/3 790/979/3 789/978/3 786/977/3
f 793/981/10 794/982/10 795/983/10 796/984/10
f 797/982/9 798/981/9 799/984/9 800/983/9
f 794/985/1 797/986/1 800/987/1 795/988/1
f 796/988/5 799/987/5 798/986/5 793/985/5
f 795/989/7 800/990/7 799/991/7 796/992/7
f 793/992/3 798/991/3 797/990/3 794/989/3
f 801/993/10 802/994/10 803/995/10 804/996/10
f 805/994/9 806/993/9 807/996/9 808/995/9
f 802/997/1 805/998/1 808/999/1 803/1000/1
f 804/1000/5 807/999/5 806/998/5 801/997/5
f 803/1001/7 808/1002/7 807/1003/7 804/1004/7
f 801/1004/3 806/1003/3 805/1002/3 802/1001/3
f 809/1005/10 810/1006/10 811/1007/10 812/1008/10
f 813/1006/9 814/1005/9 815/1008/9 816/1007/9
f 810/1009/1 813/1010/1 816/1011/1 811/1012/1
f 812/1012/5 815/1011/5 814/1010/5 809/1009/5
f 811/1013/7 816/1014/7 815/1015/7 812/1016/7
f 809/1016/3 814/1015/3 813/1014/3 810/1013/3
f 817/1017/10 818/1018/10 819/1019/10 820/1020/10
f 821/1018/9 822/1017/9 823/1020/9 824/1019/9
f 818/1021/1 821/1022/1 824/1023/1 819/1024/1
f 820/1024/5 823/1023/5 822/1022/5 817/1021/5
f 819/1025/7 824/1026/7 823/1027/7 820/1028/7
f 817/1028/3 822/1027/3 821/1026/3 818/1025/3
f 825/1029/10 826/1030/10 827/1031/10 828/1032/10
f 829/1030/9 830/1029/9 831/1032/9 832/1031/9
f 826/1033/1 829/1034/1 832/1035/1 827/1036/1
f 828/1036/5 831/1035/5 830/1034/5 825/1033/5
f 827/1037/7 832/1038/7 831/1039/7 828/1040/7
f 825/1040/3 830/1039/3 829/1038/3 826/1037/3
f 833/1041/10 834/1042/10 835/1043/10 836/1044/10
f 837/1042/9 838/1041/9 839/1044/9 840/1043/9
f 834/1045/1 837/1046/1 840/1047/1 835/1048/1
f 836/1048/5 839/1047/5 838/1046/5 833/1045/5
f 835/1049/7 840/1050/7 839/1051/7 836/1052/7
f 833/1052/3 838/1051/3 837/1050/3 834/1049/3
f 841/1053/10 842/1054/10 843/1055/10 844/1056/10
f 845/1054/9 846/1053/9 847/1056/9 848/1055/9
f 842/1057/1 845/1058/1 848/1059/1 843/1060/1
f 844/1060/5 847/1059/5 846/1058/5 841/1057/5
f 843/1061/7 848/1062/7 847/1063/7 844/1064/7
f 841/1064/3 846/1063/3 845/1062/3 842/1061/3
f 849/1065/10 850/1066/10 851/1067/10 852/1068/10
f 853/1066/9 854/1065/9 855/1068/9 856/1067/9
f 850/1069/1 853/1070/1 856/1071/1 851/1072/1
f 852/1072/5 855/1071/5 854/1070/5 849/1069/5
f 851/1073/7 856/1074/7 855/1075/7 852/1076/7
f 849/1076/3 854/1075/3 853/1074/3 850/1073/3
f 857/1077/10 858/1078/10 859/1079/10 860/1080/10
f 861/1078/9 862/1077/9 863/1080/9 864/1079/9
f 858/1081/1 861/1082/1 864/1083/1 859/1084/1
f 860/1084/5 863/1083/5 862/1082/5 857/1081/5
f 859/1085/7 864/1086/7 863/1087/7 860/1088/7
f 857/1088/3 862/1087/3 861/1086/3 858/1085/3
f 865/1089/10 866/1090/10 867/1091/10 868/1092/10
f 869/1090/9 870/1089/9 871/1092/9 872/1091/9
f 866/1093/1 869/1094/1 872/1095/1 867/1096/1
f 868/1096/5 871/1095/5 870/1094/5 865/1093/5
f 867/1097/7 872/1098/7 871/1099/7 868/1100/7
f 865/1100/3 870/1099/3 869/1098/3 866/1097/3
f 873/1101/10 874/1102/10 875/1103/10 876/1104/10
f 877/1102/9 878/1101/9 879/1104/9 880/1103/9
f 874/1105/1 877/1106/1 880/1107/1 875/1108/1
f 876/1108/5 879/1107/5 878/1106/5 873/1105/5
f 875/1088/7 880/1087/7 879/1109/7 876/1110/7
f 873/1110/3 878/1109/3 877/1087/3 874/1088/3
g props_conduit_runs
f 881/1111/11 882/1112/11 883/1113/11 884/1114/11
f 882/1115/9 885/1116/9 886/1117/9 883/1118/9
f 885/1112/12 887/1111/12 888/1114/12 886/1113/12
f 887/1111/13 889/1119/13 890/1120/13 888/1114/13
f 889/1116/10 891/1115/10 892/1118/10 890/1117/10
f 891/1119/14 881/1111/14 884/1114/14 892/1120/14
f 893/1121/11 894/1122/11 895/1123/11 896/1124/11
f 894/1125/9 897/1126/9 898/1127/9 895/1128/9
f 897/1122/12 899/1121/12 900/1124/12 898/1123/12
f 899/1121/13 901/1129/13 902/1130/13 900/1124/13
f 901/1126/10 903/1125/10 904/1128/10 902/1127/10
f 903/1129/14 893/1121/14 896/1124/14 904/1130/14
f 905/1131/10 906/1132/10 907/1133/10 908/1134/10
f 909/1132/9 910/1131/9 911/1134/9 912/1133/9
f 906/1135/1 909/1136/1 912/1137/1 907/1138/1
f 908/1138/5 911/1137/5 910/1136/5 905/1135/5
f 907/1139/7 912/1140/7 911/1141/7 908/1142/7
f 905/1142/3 910/1141/3 909/1140/3 906/1139/3
f 913/1143/10 914/1144/10 915/1145/10 916/1146/10
f 917/1144/9 918/1143/9 919/1146/9 920/1145/9
f 914/1147/1 917/1148/1 920/1149/1 915/1150/1
f 916/1150/5 919/1149/5 918/1148/5 913/1147/5
f 915/1139/7 920/1140/7 919/1141/7 916/1142/7
f 913/1142/3 918/1141/3 917/1140/3 914/1139/3
f 921/1151/10 922/1152/10 923/1153/10 924/1154/10
f 925/1152/9 926/1151/9 927/1154/9 928/1153/9
f 922/1155/1 925/1156/1 928/1157/1 923/1158/1
f 924/1158/5 927/1157/5 926/1156/5 921/1155/5
f 923/1139/7 928/1140/7 927/1141/7 924/1142/7
f 921/1142/3 926/1141/3 925/1140/3 922/1139/3
f 929/1159/10 930/1160/10 931/1161/10 932/1162/10
f 933/1160/9 934/1159/9 935/1162/9 936/1161/9
f 930/1163/1 933/1164/1 936/1165/1 931/1166/1
f 932/1166/5 935/1165/5 934/1164/5 929/1163/5
f 931/1139/7 936/1140/7 935/1141/7 932/1142/7
f 929/1142/3 934/1141/3 933/1140/3 930/1139/3
f 937/1167/10 938/1168/10 939/1169/10 940/1170/10
f 941/1168/9 942/1167/9 943/1170/9 944/1169/9
f 938/1171/1 941/1172/1 944/1173/1 939/1174/1
f 940/1174/5 943/1173/5 942/1172/5 937/1171/5
f 939/1139/7 944/1140/7 943/1141/7 940/1142/7
f 937/1142/3 942/1141/3 941/1140/3 938/1139/3
f 945/1175/10 946/1176/10 947/1177/10 948/1178/10
f 949/1176/9 950/1175/9 951/1178/9 952/1177/9
f 946/1179/1 949/1180/1 952/1181/1 947/1182/1
f 948/1182/5 951/1181/5 950/1180/5 945/1179/5
f 947/1139/7 952/1140/7 951/1141/7 948/1142/7
f 945/1142/3 950/1141/3 949/1140/3 946/1139/3
f 953/1183/10 954/1184/10 955/1185/10 956/1186/10
f 957/1184/9 958/1183/9 959/1186/9 960/1185/9
f 954/1187/1 957/1188/1 960/1189/1 955/1190/1
f 956/1190/5 959/1189/5 958/1188/5 953/1187/5
f 955/1139/7 960/1140/7 959/1141/7 956/1142/7
f 953/1142/3 958/1141/3 957/1140/3 954/1139/3
f 961/1114/15 962/1113/15 963/1112/15 964/1111/15
f 962/1191/9 965/1192/9 966/1193/9 963/1194/9
f 965/1113/16 967/1114/16 968/1111/16 966/1112/16
f 967/1114/17 969/1120/17 970/1119/17 968/1111/17
f 969/1192/10 971/1191/10 972/1194/10 970/1193/10
f 971/1120/18 961/1114/18 964/1111/18 972/1119/18
f 973/1195/10 974/1196/10 975/1197/10 976/1198/10
f 977/1196/9 978/1195/9 979/1198/9 980/1197/9
f 974/1142/1 977/1141/1 980/1140/1 975/1139/1
f 976/1139/5 979/1140/5 978/1141/5 973/1142/5
f 975/1138/7 980/1137/7 979/1136/7 976/1135/7
f 973/1135/3 978/1136/3 977/1137/3 974/1138/3
f 981/1199/10 982/1200/10 983/1201/10 984/1202/10
f 985/1200/9 986/1199/9 987/1202/9 988/1201/9
f 982/1142/1 985/1141/1 988/1140/1 983/1139/1
f 984/1139/5 987/1140/5 986/1141/5 981/1142/5
f 983/1150/7 988/1149/7 987/1148/7 984/1147/7
f 981/1147/3 986/1148/3 985/1149/3 982/1150/3
f 989/1203/10 990/1204/10 991/1205/10 992/1206/10
f 993/1204/9 994/1203/9 995/1206/9 996/1205/9
f 990/1142/1 993/1141/1 996/1140/1 991/1139/1
f 992/1139/5 995/1140/5 994/1141/5 989/1142/5
f 991/1158/7 996/1157/7 995/1156/7 992/1155/7
f 989/1155/3 994/1156/3 993/1157/3 990/1158/3
f 997/1207/10 998/1208/10 999/1209/10 1000/1210/10
f 1001/1208/9 1002/1207/9 1003/1210/9 1004/1209/9
f 998/1142/1 1001/1141/1 1004/1140/1 999/1139/1
f 1000/1139/5 1003/1140/5 1002/1141/5 997/1142/5
f 999/1166/7 1004/1165/7 1003/1164/7 1000/1163/7
f 997/1163/3 1002/1164/3 1001/1165/3 998/1166/3
f 1005/1211/10 1006/1212/10 1007/1213/10 1008/1214/10
f 1009/1212/9 1010/1211/9 1011/1214/9 1012/1213/9
f 1006/1142/1 1009/1141/1 1012/1140/1 1007/1139/1
f 1008/1139/5 1011/1140/5 1010/1141/5 1005/1142/5
f 1007/1174/7 1012/1173/7 1011/1172/7 1008/1171/7
f 1005/1171/3 1010/1172/3 1009/1173/3 1006/1174/3
f 1013/1215/10 1014/1216/10 1015/1217/10 1016/1218/10
f 1017/1216/9 1018/1215/9 1019/1218/9 1020/1217/9
f 1014/1142/1 1017/1141/1 1020/1140/1 1015/1139/1
f 1016/1139/5 1019/1140/5 1018/1141/5 1013/1142/5
f 1015/1182/7 1020/1181/7 1019/1180/7 1016/1179/7
f 1013/1179/3 1018/1180/3 1017/1181/3 1014/1182/3
f 1021/1219/10 1022/1220/10 1023/1221/10 1024/1222/10
f 1025/1220/9 1026/1219/9 1027/1222/9 1028/1221/9
f 1022/1142/1 1025/1141/1 1028/1140/1 1023/1139/1
f 1024/1139/5 1027/1140/5 1026/1141/5 1021/1142/5
f 1023/1190/7 1028/1189/7 1027/1188/7 1024/1187/7
f 1021/1187/3 1026/1188/3 1025/1189/3 1022/1190/3
f 1029/1111/11 1030/1112/11 1031/1113/11 1032/1114/11
f 1030/1223/9 1033/1224/9 1034/1225/9 1031/1226/9
f 1033/1112/12 1035/1111/12 1036/1114/12 1034/1113/12
f 1035/1111/13 1037/1119/13 1038/1120/13 1036/1114/13
f 1037/1224/10 1039/1223/10 1040/1226/10 1038/1225/10
f 1039/1119/14 1029/1111/14 1032/1114/14 1040/1120/14
f 1041/1121/11 1042/1122/11 1043/1123/11 1044/1124/11
f 1042/1227/9 1045/1228/9 1046/1229/9 1043/1230/9
f 1045/1122/12 1047/1121/12 1048/1124/12 1046/1123/12
f 1047/1121/13 1049/1129/13 1050/1130/13 1048/1124/13
f 1049/1228/10 1051/1227/10 1052/1230/10 1050/1229/10
f 1051/1129/14 1041/1121/14 1044/1124/14 1052/1130/14
f 1053/1231/10 1054/1232/10 1055/1233/10 1056/1234/10
f 1057/1232/9 1058/1231/9 1059/1234/9 1060/1233/9
f 1054/1135/1 1057/1136/1 1060/1137/1 1055/1138/1
f 1056/1138/5 1059/1137/5 1058/1136/5 1053/1135/5
f 1055/1235/7 1060/1236/7 1059/1237/7 1056/1238/7
f 1053/1238/3 1058/1237/3 1057/1236/3 1054/1235/3
f 1061/1239/10 1062/1240/10 1063/1241/10 1064/1242/10
f 1065/1240/9 1066/1239/9 1067/1242/9 1068/1241/9
f 1062/1147/1 1065/1148/1 1068/1149/1 1063/1150/1
f 1064/1150/5 1067/1149/5 1066/1148/5 1061/1147/5
f 1063/1235/7 1068/1236/7 1067/1237/7 1064/1238/7
f 1061/1238/3 1066/1237/3 1065/1236/3 1062/1235/3
f 1069/1243/10 1070/1244/10 1071/1245/10 1072/1246/10
f 1073/1244/9 1074/1243/9 1075/1246/9 1076/1245/9
f 1070/1155/1 1073/1156/1 1076/1157/1 1071/1158/1
f 1072/1158/5 1075/1157/5 1074/1156/5 1069/1155/5
f 1071/1235/7 1076/1236/7 1075/1237/7 1072/1238/7
f 1069/1238/3 1074/1237/3 1073/1236/3 1070/1235/3
f 1077/1247/10 1078/1248/10 1079/1249/10 1080/1250/10
f 1081/1248/9 1082/1247/9 1083/1250/9 1084/1249/9
f 1078/1163/1 1081/1164/1 1084/1165/1 1079/1166/1
f 1080/1166/5 1083/1165/5 1082/1164/5 1077/1163/5
f 1079/1235/7 1084/1236/7 1083/1237/7 1080/1238/7
f 1077/1238/3 1082/1237/3 1081/1236/3 1078/1235/3
f 1085/1251/10 1086/1252/10 1087/1253/10 1088/1254/10
f 1089/1252/9 1090/1251/9 1091/1254/9 1092/1253/9
f 1086/1171/1 1089/1172/1 1092/1173/1 1087/1174/1
f 1088/1174/5 1091/1173/5 1090/1172/5 1085/1171/5
f 1087/1235/7 1092/1236/7 1091/1237/7 1088/1238/7
f 1085/1238/3 1090/1237/3 1089/1236/3 1086/1235/3
f 1093/1255/10 1094/1256/10 1095/1257/10 1096/1258/10
f 1097/1256/9 1098/1255/9 1099/1258/9 1100/1257/9
f 1094/1179/1 1097/1180/1 1100/1181/1 1095/1182/1
f 1096/1182/5 1099/1181/5 1098/1180/5 1093/1179/5
f 1095/1235/7 1100/1236/7 1099/1237/7 1096/1238/7
f 1093/1238/3 1098/1237/3 1097/1236/3 1094/1235/3
f 1101/1259/10 1102/1260/10 1103/1261/10 1104/1262/10
f 1105/1260/9 1106/1259/9 1107/1262/9 1108/1261/9
f 1102/1187/1 1105/1188/1 1108/1189/1 1103/1190/1
f 1104/1190/5 1107/1189/5 1106/1188/5 1101/1187/5
f 1103/1235/7 1108/1236/7 1107/1237/7 1104/1238/7
f 1101/1238/3 1106/1237/3 1105/1236/3 1102/1235/3
f 1109/1114/15 1110/1113/15 1111/1112/15 1112/1111/15
f 1110/1263/9 1113/1264/9 1114/1265/9 1111/1266/9
f 1113/1113/16 1115/1114/16 1116/1111/16 1114/1112/16
f 1115/1114/17 1117/1120/17 1118/1119/17 1116/1111/17
f 1117/1264/10 1119/1263/10 1120/1266/10 1118/1265/10
f 1119/1120/18 1109/1114/18 1112/1111/18 1120/1119/18
f 1121/1267/10 1122/1268/10 1123/1269/10 1124/1270/10
f 1125/1268/9 1126/1267/9 1127/1270/9 1128/1269/9
f 1122/1238/1 1125/1237/1 1128/1236/1 1123/1235/1
f 1124/1235/5 1127/1236/5 1126/1237/5 1121/1238/5
f 1123/1138/7 1128/1137/7 1127/1136/7 1124/1135/7
f 1121/1135/3 1126/1136/3 1125/1137/3 1122/1138/3
f 1129/1271/10 1130/1272/10 1131/1273/10 1132/1274/10
f 1133/1272/9 1134/1271/9 1135/1274/9 1136/1273/9
f 1130/1238/1 1133/1237/1 1136/1236/1 1131/1235/1
f 1132/1235/5 1135/1236/5 1134/1237/5 1129/1238/5
f 1131/1150/7 1136/1149/7 1135/1148/7 1132/1147/7
f 1129/1147/3 1134/1148/3 1133/1149/3 1130/1150/3
f 1137/1275/10 1138/1276/10 1139/1277/10 1140/1278/10
f 1141/1276/9 1142/1275/9 1143/1278/9 1144/1277/9
f 1138/1238/1 1141/1237/1 1144/1236/1 1139/1235/1
f 1140/1235/5 1143/1236/5 1142/1237/5 1137/1238/5
f 1139/1158/7 1144/1157/7 1143/1156/7 1140/1155/7
f 1137/1155/3 1142/1156/3 1141/1157/3 1138/1158/3
f 1145/1279/10 1146/1280/10 1147/1281/10 1148/1282/10
f 1149/1280/9 1150/1279/9 1151/1282/9 1152/1281/9
f 1146/1238/1 1149/1237/1 1152/1236/1 1147/1235/1
f 1148/1235/5 1151/1236/5 1150/1237/5 1145/1238/5
f 1147/1166/7 1152/1165/7 1151/1164/7 1148/1163/7
f 1145/1163/3 1150/1164/3 1149/1165/3 1146/1166/3
f 1153/1283/10 1154/1284/10 1155/1285/10 1156/1286/10
f 1157/1284/9 1158/1283/9 1159/1286/9 1160/1285/9
f 1154/1238/1 1157/1237/1 1160/1236/1 1155/1235/1
f 1156/1235/5 1159/1236/5 1158/1237/5 1153/1238/5
f 1155/1174/7 1160/1173/7 1159/1172/7 1156/1171/7
f 1153/1171/3 1158/1172/3 1157/1173/3 1154/1174/3
f 1161/1287/10 1162/1288/10 1163/1289/10 1164/1290/10
f 1165/1288/9 1166/1287/9 1167/1290/9 1168/1289/9
f 1162/1238/1 1165/1237/1 1168/1236/1 1163/1235/1
f 1164/1235/5 1167/1236/5 1166/1237/5 1161/1238/5
f 1163/1182/7 1168/1181/7 1167/1180/7 1164/1179/7
f 1161/1179/3 1166/1180/3 1165/1181/3 1162/1182/3
f 1169/1291/10 1170/1292/10 1171/1293/10 1172/1294/10
f 1173/1292/9 1174/1291/9 1175/1294/9 1176/1293/9
f 1170/1238/1 1173/1237/1 1176/1236/1 1171/1235/1
f 1172/1235/5 1175/1236/5 1174/1237/5 1169/1238/5
f 1171/1190/7 1176/1189/7 1175/1188/7 1172/1187/7
f 1169/1187/3 1174/1188/3 1173/1189/3 1170/1190/3
g props_wall_boxes
f 1177/1295/1 1178/1296/1 1179/1297/1 1180/1298/1
f 1178/1299/2 1181/1300/2 1182/1301/2 1179/1302/2
f 1181/1300/3 1183/1303/3 1184/1304/3 1182/1301/3
f 1183/1303/4 1185/1305/4 1186/1306/4 1184/1304/4
f 1185/1296/5 1187/1295/5 1188/1298/5 1186/1297/5
f 1187/1305/6 1189/1303/6 1190/1304/6 1188/1306/6
f 1189/1303/7 1191/1300/7 1192/1301/7 1190/1304/7
f 1191/1300/8 1177/1299/8 1180/1302/8 1192/1301/8
f 1180/1307/9 1179/1308/9 1182/1309/9 1184/1310/9 1186/1311/9 1188/1312/9 1190/1313/9 1192/1314/9
f 1191/1314/10 1189/1313/10 1187/1312/10 1185/1311/10 1183/1310/10 1181/1309/10 1178/1308/10 1177/1307/10
f 1193/1315/10 1194/1316/10 1195/1317/10 1196/1318/10
f 1197/1316/9 1198/1315/9 1199/1318/9 1200/1317/9
f 1194/1319/1 1197/1320/1 1200/1321/1 1195/1322/1
f 1196/1322/5 1199/1321/5 1198/1320/5 1193/1319/5
f 1195/1323/7 1200/1324/7 1199/1325/7 1196/1326/7
f 1193/1326/3 1198/1325/3 1197/1324/3 1194/1323/3
f 1201/1327/1 1202/1328/1 1203/1329/1 1204/1330/1
f 1202/1331/2 1205/1332/2 1206/1333/2 1203/1334/2
f 1205/1332/3 1207/1335/3 1208/1336/3 1206/1333/3
f 1207/1335/4 1209/1337/4 1210/1338/4 1208/1336/4
f 1209/1328/5 1211/1327/5 1212/1330/5 1210/1329/5
f 1211/1337/6 1213/1335/6 1214/1336/6 1212/1338/6
f 1213/1335/7 1215/1332/7 1216/1333/7 1214/1336/7
f 1215/1332/8 1201/1331/8 1204/1334/8 1216/1333/8
f 1204/1339/9 1203/1340/9 1206/1341/9 1208/1342/9 1210/1343/9 1212/1344/9 1214/1345/9 1216/1346/9
f 1215/1346/10 1213/1345/10 1211/1344/10 1209/1343/10 1207/1342/10 1205/1341/10 1202/1340/10 1201/1339/10
f 1217/1347/10 1218/1348/10 1219/1349/10 1220/1350/10
f 1221/1348/9 1222/1347/9 1223/1350/9 1224/1349/9
f 1218/1351/1 1221/1352/1 1224/1353/1 1219/1354/1
f 1220/1354/5 1223/1353/5 1222/1352/5 1217/1351/5
f 1219/1355/7 1224/1332/7 1223/1335/7 1220/1356/7
f 1217/1356/3 1222/1335/3 1221/1332/3 1218/1355/3
f 1225/1357/1 1226/1358/1 1227/1359/1 1228/1360/1
f 1226/1361/2 1229/1362/2 1230/1363/2 1227/1364/2
f 1229/1362/3 1231/1365/3 1232/1366/3 1230/1363/3
f 1231/1365/4 1233/1367/4 1234/1368/4 1232/1366/4
f 1233/1358/5 1235/1357/5 1236/1360/5 1234/1359/5
f 1235/1367/6 1237/1365/6 1238/1366/6 1236/1368/6
f 1237/1365/7 1239/1362/7 1240/1363/7 1238/1366/7
f 1239/1362/8 1225/1361/8 1228/1364/8 1240/1363/8
f 1228/1369/9 1227/1370/9 1230/1371/9 1232/1372/9 1234/1373/9 1236/1374/9 1238/1375/9 1240/1376/9
f 1239/1376/10 1237/1375/10 1235/1374/10 1233/1373/10 1231/1372/10 1229/1371/10 1226/1370/10 1225/1369/10
f 1241/1377/10 1242/1378/10 1243/1379/10 1244/1380/10
f 1245/1378/9 1246/1377/9 1247/1380/9 1248/1379/9
f 1242/1381/1 1245/1382/1 1248/1383/1 1243/1384/1
f 1244/1384/5 1247/1383/5 1246/1382/5 1241/1381/5
f 1243/1385/7 1248/1386/7 1247/1387/7 1244/1388/7
f 1241/1388/3 1246/1387/3 1245/1386/3 1242/1385/3
f 1249/1389/1 1250/1390/1 1251/1391/1 1252/1392/1
f 1250/1393/2 1253/1394/2 1254/1395/2 1251/1235/2
f 1253/1394/3 1255/1396/3 1256/1238/3 1254/1395/3
f 1255/1396/4 1257/1397/4 1258/1398/4 1256/1238/4
f 1257/1390/5 1259/1389/5 1260/1392/5 1258/1391/5
f 1259/1397/6 1261/1396/6 1262/1238/6 1260/1398/6
f 1261/1396/7 1263/1394/7 1264/1395/7 1262/1238/7
f 1263/1394/8 1249/1393/8 1252/1235/8 1264/1395/8
f 1252/1399/9 1251/1400/9 1254/1401/9 1256/1402/9 1258/1403/9 1260/1404/9 1262/1405/9 1264/1406/9
f 1263/1406/10 1261/1405/10 1259/1404/10 1257/1403/10 1255/1402/10 1253/1401/10 1250/1400/10 1249/1399/10
f 1265/1407/10 1266/1408/10 1267/1409/10 1268/1410/10
f 1269/1408/9 1270/1407/9 1271/1410/9 1272/1409/9
f 1266/1411/1 1269/1412/1 1272/1413/1 1267/1414/1
f 1268/1414/5 1271/1413/5 1270/1412/5 1265/1411/5
f 1267/1415/7 1272/1416/7 1271/1417/7 1268/1418/7
f 1265/1418/3 1270/1417/3 1269/1416/3 1266/1415/3
f 1273/1419/1 1274/1420/1 1275/1421/1 1276/1422/1
f 1274/1423/2 1277/1424/2 1278/1425/2 1275/1426/2
f 1277/1424/3 1279/1427/3 1280/1428/3 1278/1425/3
f 1279/1427/4 1281/1429/4 1282/1430/4 1280/1428/4
f 1281/1420/5 1283/1419/5 1284/1422/5 1282/1421/5
f 1283/1419/6 1285/1431/6 1286/1432/6 1284/1422/6
f 1285/1427/7 1287/1424/7 1288/1425/7 1286/1428/7
f 1287/1431/8 1273/1419/8 1276/1422/8 1288/1432/8
f 1276/1433/9 1275/1434/9 1278/1435/9 1280/1436/9 1282/1437/9 1284/1438/9 1286/1439/9 1288/1440/9
f 1287/1440/10 1285/1439/10 1283/1438/10 1281/1437/10 1279/1436/10 1277/1435/10 1274/1434/10 1273/1433/10
f 1289/1441/10 1290/1442/10 1291/1443/10 1292/1444/10
f 1293/1442/9 1294/1441/9 1295/1444/9 1296/1443/9
f 1290/1445/1 1293/1446/1 1296/1447/1 1291/1448/1
f 1292/1448/5 1295/1447/5 1294/1446/5 1289/1445/5
f 1291/1449/7 1296/1450/7 1295/1451/7 1292/1452/7
f 1289/1452/3 1294/1451/3 1293/1450/3 1290/1449/3
f 1297/1453/1 1298/1454/1 1299/1455/1 1300/1456/1
f 1298/1457/2 1301/1458/2 1302/1459/2 1299/1460/2
f 1301/1458/3 1303/1461/3 1304/1462/3 1302/1459/3
f 1303/1461/4 1305/1463/4 1306/1464/4 1304/1462/4
f 1305/1454/5 1307/1453/5 1308/1456/5 1306/1455/5
f 1307/1453/6 1309/1465/6 1310/1466/6 1308/1456/6
f 1309/1461/7 1311/1458/7 1312/1459/7 1310/1462/7
f 1311/1465/8 1297/1453/8 1300/1456/8 1312/1466/8
f 1300/1467/9 1299/1468/9 1302/1469/9 1304/1470/9 1306/1471/9 1308/1472/9 1310/1473/9 1312/1474/9
f 1311/1474/10 1309/1473/10 1307/1472/10 1305/1471/10 1303/1470/10 1301/1469/10 1298/1468/10 1297/1467/10
f 1313/1475/10 1314/1476/10 1315/1477/10 1316/1478/10
f 1317/1476/9 1318/1475/9 1319/1478/9 1320/1477/9
f 1314/1479/1 1317/1480/1 1320/1481/1 1315/1482/1
f 1316/1482/5 1319/1481/5 1318/1480/5 1313/1479/5
f 1315/1483/7 1320/1484/7 1319/1485/7 1316/1486/7
f 1313/1486/3 1318/1485/3 1317/1484/3 1314/1483/3
f 1321/1487/1 1322/1488/1 1323/1489/1 1324/1490/1
f 1322/1491/2 1325/1492/2 1326/1493/2 1323/1494/2
f 1325/1492/3 1327/1495/3 1328/1496/3 1326/1493/3
f 1327/1495/4 1329/1497/4 1330/1498/4 1328/1496/4
f 1329/1488/5 1331/1487/5 1332/1490/5 1330/1489/5
f 1331/1487/6 1333/1499/6 1334/1500/6 1332/1490/6
f 1333/1495/7 1335/1492/7 1336/1493/7 1334/1496/7
f 1335/1499/8 1321/1487/8 1324/1490/8 1336/1500/8
f 1324/1501/9 1323/1502/9 1326/1503/9 1328/1504/9 1330/1505/9 1332/1506/9 1334/1507/9 1336/1508/9
f 1335/1508/10 1333/1507/10 1331/1506/10 1329/1505/10 1327/1504/10 1325/1503/10 1322/1502/10 1321/1501/10
f 1337/1509/10 1338/1510/10 1339/1511/10 1340/1512/10
f 1341/1510/9 1342/1509/9 1343/1512/9 1344/1511/9
f 1338/1513/1 1341/1514/1 1344/1515/1 1339/1516/1
f 1340/1516/5 1343/1515/5 1342/1514/5 1337/1513/5
f 1339/1517/7 1344/1518/7 1343/1519/7 1340/1520/7
f 1337/1520/3 1342/1519/3 1341/1518/3 1338/1517/3
f 1345/1521/1 1346/1522/1 1347/1523/1 1348/1524/1
f 1346/1522/2 1349/1525/2 1350/1526/2 1347/1523/2
f 1349/1527/3 1351/1528/3 1352/1529/3 1350/1530/3
f 1351/1525/4 1353/1522/4 1354/1523/4 1352/1526/4
f 1353/1522/5 1355/1521/5 1356/1524/5 1354/1523/5
f 1355/1521/6 1357/1531/6 1358/1532/6 1356/1524/6
f 1357/1528/7 1359/1527/7 1360/1530/7 1358/1529/7
f 1359/1531/8 1345/1521/8 1348/1524/8 1360/1532/8
f 1348/1533/9 1347/1534/9 1350/1535/9 1352/1536/9 1354/1537/9 1356/1538/9 1358/1539/9 1360/1540/9
f 1359/1540/10 1357/1539/10 1355/1538/10 1353/1537/10 1351/1536/10 1349/1535/10 1346/1534/10 1345/1533/10
f 1361/1541/10 1362/1542/10 1363/1543/10 1364/1544/10
f 1365/1542/9 1366/1541/9 1367/1544/9 1368/1543/9
f 1362/1545/1 1365/1546/1 1368/1547/1 1363/1548/1
f 1364/1548/5 1367/1547/5 1366/1546/5 1361/1545/5
f 1363/1549/7 1368/1550/7 1367/1551/7 1364/1552/7
f 1361/1552/3 1366/1551/3 1365/1550/3 1362/1549/3
g props_antennae
f 1369/1553/10 1370/1554/10 1371/1555/10 1372/1556/10
f 1373/1554/9 1374/1553/9 1375/1556/9 1376/1555/9
f 1370/1557/1 1373/1558/1 1376/1559/1 1371/1560/1
f 1372/1560/5 1375/1559/5 1374/1558/5 1369/1557/5
f 1371/1561/7 1376/1562/7 1375/1563/7 1372/1564/7
f 1369/1564/3 1374/1563/3 1373/1562/3 1370/1561/3
f 1377/1565/19 1378/1566/19 1379/1567/19 1380/1568/19
f 1378/1569/5 1381/1570/5 1382/1571/5 1379/1572/5
f 1381/1566/20 1383/1565/20 1384/1568/20 1382/1567/20
f 1383/1565/21 1385/1573/21 1386/1574/21 1384/1568/21
f 1385/1570/1 1387/1569/1 1388/1572/1 1386/1571/1
f 1387/1573/22 1377/1565/22 1380/1568/22 1388/1574/22
f 1389/1575/10 1390/1576/10 1391/1577/10 1392/1578/10
f 1393/1576/9 1394/1575/9 1395/1578/9 1396/1577/9
f 1390/1579/1 1393/1580/1 1396/1581/1 1391/1582/1
f 1392/1582/5 1395/1581/5 1394/1580/5 1389/1579/5
f 1391/1583/7 1396/1584/7 1395/1585/7 1392/1586/7
f 1389/1586/3 1394/1585/3 1393/1584/3 1390/1583/3
f 1397/1575/10 1398/1576/10 1399/1577/10 1400/1578/10
f 1401/1576/9 1402/1575/9 1403/1578/9 1404/1577/9
f 1398/1587/1 1401/1588/1 1404/1589/1 1399/1590/1
f 1400/1590/5 1403/1589/5 1402/1588/5 1397/1587/5
f 1399/1591/7 1404/1592/7 1403/1593/7 1400/1594/7
f 1397/1594/3 1402/1593/3 1401/1592/3 1398/1591/3
f 1405/1595/10 1406/1596/10 1407/1597/10 1408/1598/10
f 1409/1596/9 1410/1595/9 1411/1598/9 1412/1597/9
f 1406/1599/1 1409/1600/1 1412/1601/1 1407/1602/1
f 1408/1602/5 1411/1601/5 1410/1600/5 1405/1599/5
f 1407/1561/7 1412/1562/7 1411/1563/7 1408/1564/7
f 1405/1564/3 1410/1563/3 1409/1562/3 1406/1561/3
f 1413/1565/19 1414/1566/19 1415/1567/19 1416/1568/19
f 1414/1603/5 1417/1604/5 1418/1605/5 1415/1606/5
f 1417/1566/20 1419/1565/20 1420/1568/20 1418/1567/20
f 1419/1565/21 1421/1573/21 1422/1574/21 1420/1568/21
f 1421/1604/1 1423/1603/1 1424/1606/1 1422/1605/1
f 1423/1573/22 1413/1565/22 1416/1568/22 1424/1574/22
f 1425/1607/10 1426/1608/10 1427/1609/10 1428/1610/10
f 1429/1608/9 1430/1607/9 1431/1610/9 1432/1609/9
f 1426/1611/1 1429/1612/1 1432/1613/1 1427/1614/1
f 1428/1614/5 1431/1613/5 1430/1612/5 1425/1611/5
f 1427/1583/7 1432/1584/7 1431/1585/7 1428/1586/7
f 1425/1586/3 1430/1585/3 1429/1584/3 1426/1583/3
f 1433/1607/10 1434/1608/10 1435/1609/10 1436/1610/10
f 1437/1608/9 1438/1607/9 1439/1610/9 1440/1609/9
f 1434/1615/1 1437/1616/1 1440/1617/1 1435/1618/1
f 1436/1618/5 1439/1617/5 1438/1616/5 1433/1615/5
f 1435/1591/7 1440/1592/7 1439/1593/7 1436/1594/7
f 1433/1594/3 1438/1593/3 1437/1592/3 1434/1591/3
g props_floor_service_panels
f 1441/1619/10 1442/1620/10 1443/1621/10 1444/1622/10
f 1445/1620/9 1446/1619/9 1447/1622/9 1448/1621/9
f 1442/1623/1 1445/1624/1 1448/1625/1 1443/1626/1
f 1444/1626/5 1447/1625/5 1446/1624/5 1441/1623/5
f 1443/1626/7 1448/1625/7 1447/1624/7 1444/1623/7
f 1441/1623/3 1446/1624/3 1445/1625/3 1442/1626/3
f 1449/1627/10 1450/1628/10 1451/1629/10 1452/1630/10
f 1453/1628/9 1454/1627/9 1455/1630/9 1456/1629/9
f 1450/1631/1 1453/1632/1 1456/1633/1 1451/1634/1
f 1452/1634/5 1455/1633/5 1454/1632/5 1449/1631/5
f 1451/1634/7 1456/1633/7 1455/1632/7 1452/1631/7
f 1449/1631/3 1454/1632/3 1453/1633/3 1450/1634/3
f 1457/1635/10 1458/1636/10 1459/1637/10 1460/1638/10
f 1461/1636/9 1462/1635/9 1463/1638/9 1464/1637/9
f 1458/1639/1 1461/1640/1 1464/1641/1 1459/1642/1
f 1460/1642/5 1463/1641/5 1462/1640/5 1457/1639/5
f 1459/1643/7 1464/1644/7 1463/1645/7 1460/1646/7
f 1457/1646/3 1462/1645/3 1461/1644/3 1458/1643/3
f 1465/1647/10 1466/1648/10 1467/1649/10 1468/1650/10
f 1469/1648/9 1470/1647/9 1471/1650/9 1472/1649/9
f 1466/1651/1 1469/1652/1 1472/1653/1 1467/1654/1
f 1468/1654/5 1471/1653/5 1470/1652/5 1465/1651/5
f 1467/1655/7 1472/1656/7 1471/1657/7 1468/1658/7
f 1465/1658/3 1470/1657/3 1469/1656/3 1466/1655/3
f 1473/1659/10 1474/1660/10 1475/1661/10 1476/1662/10
f 1477/1660/9 1478/1659/9 1479/1662/9 1480/1661/9
f 1474/1663/1 1477/1664/1 1480/1665/1 1475/1666/1
f 1476/1666/5 1479/1665/5 1478/1664/5 1473/1663/5
f 1475/1667/7 1480/1668/7 1479/61/7 1476/1669/7
f 1473/1669/3 1478/61/3 1477/1668/3 1474/1667/3
f 1481/1670/10 1482/1671/10 1483/1672/10 1484/1673/10
f 1485/1671/9 1486/1670/9 1487/1673/9 1488/1672/9
f 1482/1674/1 1485/1675/1 1488/1676/1 1483/1677/1
f 1484/1677/5 1487/1676/5 1486/1675/5 1481/1674/5
f 1483/1678/7 1488/1679/7 1487/1680/7 1484/1681/7
f 1481/1681/3 1486/1680/3 1485/1679/3 1482/1678/3
f 1489/1682/10 1490/1683/10 1491/1684/10 1492/1685/10
f 1493/1683/9 1494/1682/9 1495/1685/9 1496/1684/9
f 1490/1686/1 1493/1687/1 1496/1688/1 1491/1689/1
f 1492/1689/5 1495/1688/5 1494/1687/5 1489/1686/5
f 1491/1690/7 1496/1099/7 1495/1691/7 1492/1692/7
f 1489/1692/3 1494/1691/3 1493/1099/3 1490/1690/3
f 1497/1693/10 1498/1694/10 1499/1695/10 1500/1696/10
f 1501/1694/9 1502/1693/9 1503/1696/9 1504/1695/9
f 1498/1697/1 1501/1698/1 1504/1699/1 1499/1700/1
f 1500/1700/5 1503/1699/5 1502/1698/5 1497/1697/5
f 1499/1701/7 1504/1702/7 1503/1703/7 1500/1704/7
f 1497/1704/3 1502/1703/3 1501/1702/3 1498/1701/3
g props_light_housings
f 1505/1705/1 1506/1706/1 1507/1707/1 1508/1708/1
f 1506/1706/2 1509/1709/2 1510/1710/2 1507/1707/2
f 1509/1711/3 1511/1712/3 1512/1713/3 1510/1714/3
f 1511/1709/4 1513/1706/4 1514/1707/4 1512/1710/4
f 1513/1706/5 1515/1705/5 1516/1708/5 1514/1707/5
f 1515/1715/6 1517/1712/6 1518/1713/6 1516/1716/6
f 1517/1712/7 1519/1711/7 1520/1714/7 1518/1713/7
f 1519/1711/8 1505/1717/8 1508/1718/8 1520/1714/8
f 1508/1719/9 1507/1720/9 1510/1721/9 1512/1722/9 1514/1723/9 1516/1724/9 1518/1725/9 1520/1726/9
f 1519/1726/10 1517/1725/10 1515/1724/10 1513/1723/10 1511/1722/10 1509/1721/10 1506/1720/10 1505/1719/10
f 1521/1727/10 1522/1728/10 1523/1729/10 1524/1730/10
f 1525/1728/9 1526/1727/9 1527/1730/9 1528/1729/9
f 1522/1731/1 1525/1732/1 1528/1733/1 1523/1734/1
f 1524/1734/5 1527/1733/5 1526/1732/5 1521/1731/5
f 1523/1735/7 1528/1736/7 1527/1737/7 1524/1738/7
f 1521/1738/3 1526/1737/3 1525/1736/3 1522/1735/3
f 1529/1739/1 1530/1740/1 1531/1741/1 1532/1742/1
f 1530/1717/2 1533/1711/2 1534/1714/2 1531/1718/2
f 1533/1711/3 1535/1712/3 1536/1713/3 1534/1714/3
f 1535/1712/4 1537/1715/4 1538/1716/4 1536/1713/4
f 1537/1740/5 1539/1739/5 1540/1742/5 1538/1741/5
f 1539/1715/6 1541/1712/6 1542/1713/6 1540/1716/6
f 1541/1712/7 1543/1711/7 1544/1714/7 1542/1713/7
f 1543/1711/8 1529/1717/8 1532/1718/8 1544/1714/8
f 1532/1743/9 1531/1744/9 1534/1745/9 1536/1746/9 1538/1747/9 1540/1748/9 1542/1749/9 1544/1750/9
f 1543/1750/10 1541/1749/10 1539/1748/10 1537/1747/10 1535/1746/10 1533/1745/10 1530/1744/10 1529/1743/10
f 1545/1751/10 1546/1752/10 1547/1753/10 1548/1754/10
f 1549/1752/9 1550/1751/9 1551/1754/9 1552/1753/9
f 1546/1755/1 1549/1756/1 1552/1757/1 1547/1758/1
f 1548/1758/5 1551/1757/5 1550/1756/5 1545/1755/5
f 1547/1735/7 1552/1736/7 1551/1737/7 1548/1738/7
f 1545/1738/3 1550/1737/3 1549/1736/3 1546/1735/3
f 1553/1759/1 1554/1760/1 1555/1761/1 1556/1762/1
f 1554/1717/2 1557/1711/2 1558/1714/2 1555/1718/2
f 1557/1711/3 1559/1712/3 1560/1713/3 1558/1714/3
f 1559/1712/4 1561/1715/4 1562/1716/4 1560/1713/4
f 1561/1760/5 1563/1759/5 1564/1762/5 1562/1761/5
f 1563/1759/6 1565/1763/6 1566/1764/6 1564/1762/6
f 1565/1712/7 1567/1711/7 1568/1714/7 1566/1713/7
f 1567/1763/8 1553/1759/8 1556/1762/8 1568/1764/8
f 1556/1765/9 1555/1766/9 1558/1767/9 1560/1768/9 1562/1769/9 1564/1770/9 1566/1771/9 1568/1772/9
f 1567/1772/10 1565/1771/10 1563/1770/10 1561/1769/10 1559/1768/10 1557/1767/10 1554/1766/10 1553/1765/10
f 1569/1773/10 1570/1774/10 1571/1775/10 1572/1776/10
f 1573/1774/9 1574/1773/9 1575/1776/9 1576/1775/9
f 1570/1777/1 1573/1778/1 1576/1779/1 1571/1780/1
f 1572/1780/5 1575/1779/5 1574/1778/5 1569/1777/5
f 1571/1735/7 1576/1736/7 1575/1737/7 1572/1738/7
f 1569/1738/3 1574/1737/3 1573/1736/3 1570/1735/3
f 1577/1781/1 1578/1782/1 1579/1783/1 1580/1784/1
f 1578/1785/2 1581/1786/2 1582/1787/2 1579/1788/2
f 1581/1786/3 1583/1789/3 1584/1790/3 1582/1787/3
f 1583/1789/4 1585/1791/4 1586/1792/4 1584/1790/4
f 1585/1782/5 1587/1781/5 1588/1784/5 1586/1783/5
f 1587/1781/6 1589/1793/6 1590/1794/6 1588/1784/6
f 1589/1789/7 1591/1786/7 1592/1787/7 1590/1790/7
f 1591/1793/8 1577/1781/8 1580/1784/8 1592/1794/8
f 1580/1795/9 1579/1796/9 1582/1797/9 1584/1798/9 1586/1799/9 1588/1800/9 1590/1801/9 1592/1802/9
f 1591/1802/10 1589/1801/10 1587/1800/10 1585/1799/10 1583/1798/10 1581/1797/10 1578/1796/10 1577/1795/10
f 1593/1803/10 1594/1804/10 1595/1805/10 1596/1806/10
f 1597/1804/9 1598/1803/9 1599/1806/9 1600/1805/9
f 1594/1807/1 1597/1808/1 1600/1809/1 1595/1810/1
f 1596/1810/5 1599/1809/5 1598/1808/5 1593/1807/5
f 1595/1811/7 1600/1812/7 1599/1813/7 1596/1814/7
f 1593/1814/3 1598/1813/3 1597/1812/3 1594/1811/3
f 1601/1815/1 1602/1816/1 1603/1817/1 1604/1818/1
f 1602/1816/2 1605/1819/2 1606/1820/2 1603/1817/2
f 1605/1786/3 1607/1789/3 1608/1790/3 1606/1787/3
f 1607/1819/4 1609/1816/4 1610/1817/4 1608/1820/4
f 1609/1816/5 1611/1815/5 1612/1818/5 1610/1817/5
f 1611/1791/6 1613/1789/6 1614/1790/6 1612/1792/6
f 1613/1789/7 1615/1786/7 1616/1787/7 1614/1790/7
f 1615/1786/8 1601/1785/8 1604/1788/8 1616/1787/8
f 1604/1821/9 1603/1822/9 1606/1823/9 1608/1824/9 1610/1825/9 1612/1826/9 1614/1827/9 1616/1828/9
f 1615/1828/10 1613/1827/10 1611/1826/10 1609/1825/10 1607/1824/10 1605/1823/10 1602/1822/10 1601/1821/10
f 1617/1829/10 1618/1830/10 1619/1831/10 1620/1832/10
f 1621/1830/9 1622/1829/9 1623/1832/9 1624/1831/9
f 1618/1833/1 1621/1834/1 1624/1835/1 1619/1836/1
f 1620/1836/5 1623/1835/5 1622/1834/5 1617/1833/5
f 1619/1811/7 1624/1812/7 1623/1813/7 1620/1814/7
f 1617/1814/3 1622/1813/3 1621/1812/3 1618/1811/3
f 1625/1781/1 1626/1782/1 1627/1783/1 1628/1784/1
f 1626/1837/2 1629/1838/2 1630/1839/2 1627/1840/2
f 1629/1838/3 1631/1841/3 1632/1842/3 1630/1839/3
f 1631/1841/4 1633/1843/4 1634/1844/4 1632/1842/4
f 1633/1782/5 1635/1781/5 1636/1784/5 1634/1783/5
f 1635/1781/6 1637/1793/6 1638/1794/6 1636/1784/6
f 1637/1841/7 1639/1838/7 1640/1839/7 1638/1842/7
f 1639/1793/8 1625/1781/8 1628/1784/8 1640/1794/8
f 1628/1845/9 1627/1846/9 1630/1847/9 1632/1848/9 1634/1849/9 1636/1850/9 1638/1851/9 1640/1852/9
f 1639/1852/10 1637/1851/10 1635/1850/10 1633/1849/10 1631/1848/10 1629/1847/10 1626/1846/10 1625/1845/10
f 1641/1853/10 1642/1854/10 1643/1855/10 1644/1856/10
f 1645/1854/9 1646/1853/9 1647/1856/9 1648/1855/9
f 1642/1807/1 1645/1808/1 1648/1809/1 1643/1810/1
f 1644/1810/5 1647/1809/5 1646/1808/5 1641/1807/5
f 1643/1857/7 1648/1858/7 1647/1859/7 1644/1860/7
f 1641/1860/3 1646/1859/3 1645/1858/3 1642/1857/3
f 1649/1815/1 1650/1816/1 1651/1817/1 1652/1818/1
f 1650/1816/2 1653/1819/2 1654/1820/2 1651/1817/2
f 1653/1838/3 1655/1841/3 1656/1842/3 1654/1839/3
f 1655/1819/4 1657/1816/4 1658/1817/4 1656/1820/4
f 1657/1816/5 1659/1815/5 1660/1818/5 1658/1817/5
f 1659/1843/6 1661/1841/6 1662/1842/6 1660/1844/6
f 1661/1841/7 1663/1838/7 1664/1839/7 1662/1842/7
f 1663/1838/8 1649/1837/8 1652/1840/8 1664/1839/8
f 1652/1861/9 1651/1862/9 1654/1863/9 1656/1864/9 1658/1865/9 1660/1866/9 1662/1867/9 1664/1868/9
f 1663/1868/10 1661/1867/10 1659/1866/10 1657/1865/10 1655/1864/10 1653/1863/10 1650/1862/10 1649/1861/10
f 1665/1869/10 1666/1870/10 1667/1871/10 1668/1872/10
f 1669/1870/9 1670/1869/9 1671/1872/9 1672/1871/9
f 1666/1833/1 1669/1834/1 1672/1835/1 1667/1836/1
f 1668/1836/5 1671/1835/5 1670/1834/5 1665/1833/5
f 1667/1857/7 1672/1858/7 1671/1859/7 1668/1860/7
f 1665/1860/3 1670/1859/3 1669/1858/3 1666/1857/3
