# STW_ARENA_WALL_01 - original STW production arena kit geometry
# Generated deterministically by tools/assets/generate_stw_arena_kit.py
# Axis convention: raw Z-up, +Y forward, metres, unrotated. O3DE imports OBJ
# vertices as (-x, z, y) and the runtime applies the compensating rotation
# Matrix3x3::CreateFromColumns(-X, Z, Y) at bind time.
# UVs are world-planar, scaled to 1.50 m per tile.
# No mtllib / usemtl: the runtime binds one Atom StandardPBR material through
# the mesh feature processor's default custom material slot.
o STW_ARENA_WALL_01
v 12.350000 12.350000 0.000000
v 12.350000 11.950000 0.000000
v -12.350000 11.950000 0.000000
v -12.350000 12.350000 0.000000
v 12.350000 11.950000 6.000000
v 12.350000 12.350000 6.000000
v -12.350000 12.350000 6.000000
v -12.350000 11.950000 6.000000
v -10.800000 11.950000 0.000000
v -10.800000 11.750000 0.000000
v -11.000000 11.750000 0.000000
v -11.000000 11.950000 0.000000
v -10.800000 11.750000 6.000000
v -10.800000 11.950000 6.000000
v -11.000000 11.950000 6.000000
v -11.000000 11.750000 6.000000
v -9.000000 11.950000 0.000000
v -9.000000 11.750000 0.000000
v -9.200000 11.750000 0.000000
v -9.200000 11.950000 0.000000
v -9.000000 11.750000 6.000000
v -9.000000 11.950000 6.000000
v -9.200000 11.950000 6.000000
v -9.200000 11.750000 6.000000
v -9.000000 11.950000 5.680000
v -9.000000 11.750000 5.680000
v -11.000000 11.750000 5.680000
v -11.000000 11.950000 5.680000
v -9.000000 11.750000 0.400000
v -9.000000 11.950000 0.400000
v -11.000000 11.950000 0.400000
v -11.000000 11.750000 0.400000
v -10.480000 11.950000 0.750000
v -10.480000 11.820000 0.750000
v -10.620000 11.820000 0.750000
v -10.620000 11.950000 0.750000
v -10.480000 11.820000 5.450000
v -10.480000 11.950000 5.450000
v -10.620000 11.950000 5.450000
v -10.620000 11.820000 5.450000
v -9.930000 11.950000 0.750000
v -9.930000 11.820000 0.750000
v -10.070000 11.820000 0.750000
v -10.070000 11.950000 0.750000
v -9.930000 11.820000 5.450000
v -9.930000 11.950000 5.450000
v -10.070000 11.950000 5.450000
v -10.070000 11.820000 5.450000
v -9.380000 11.950000 0.750000
v -9.380000 11.820000 0.750000
v -9.520000 11.820000 0.750000
v -9.520000 11.950000 0.750000
v -9.380000 11.820000 5.450000
v -9.380000 11.950000 5.450000
v -9.520000 11.950000 5.450000
v -9.520000 11.820000 5.450000
v -9.000000 11.890000 0.920000
v -9.000000 11.750000 0.920000
v -11.000000 11.750000 0.920000
v -11.000000 11.890000 0.920000
v -9.000000 11.750000 1.180000
v -9.000000 11.890000 1.180000
v -11.000000 11.890000 1.180000
v -11.000000 11.750000 1.180000
v -8.960000 11.970000 6.000000
v -8.960000 11.750000 6.000000
v -11.040000 11.750000 6.000000
v -11.040000 11.970000 6.000000
v -8.960000 11.750000 6.280000
v -8.960000 11.970000 6.280000
v -11.040000 11.970000 6.280000
v -11.040000 11.750000 6.280000
v -8.800000 11.950000 0.000000
v -8.800000 11.750000 0.000000
v -8.800000 11.750000 6.000000
v -8.800000 11.950000 6.000000
v -7.000000 11.950000 0.000000
v -7.000000 11.750000 0.000000
v -7.200000 11.750000 0.000000
v -7.200000 11.950000 0.000000
v -7.000000 11.750000 6.000000
v -7.000000 11.950000 6.000000
v -7.200000 11.950000 6.000000
v -7.200000 11.750000 6.000000
v -7.000000 11.950000 5.680000
v -7.000000 11.750000 5.680000
v -7.000000 11.750000 0.400000
v -7.000000 11.950000 0.400000
v -8.480000 11.950000 0.750000
v -8.480000 11.820000 0.750000
v -8.620000 11.820000 0.750000
v -8.620000 11.950000 0.750000
v -8.480000 11.820000 5.450000
v -8.480000 11.950000 5.450000
v -8.620000 11.950000 5.450000
v -8.620000 11.820000 5.450000
v -7.930000 11.950000 0.750000
v -7.930000 11.820000 0.750000
v -8.070000 11.820000 0.750000
v -8.070000 11.950000 0.750000
v -7.930000 11.820000 5.450000
v -7.930000 11.950000 5.450000
v -8.070000 11.950000 5.450000
v -8.070000 11.820000 5.450000
v -7.380000 11.950000 0.750000
v -7.380000 11.820000 0.750000
v -7.520000 11.820000 0.750000
v -7.520000 11.950000 0.750000
v -7.380000 11.820000 5.450000
v -7.380000 11.950000 5.450000
v -7.520000 11.950000 5.450000
v -7.520000 11.820000 5.450000
v -7.000000 11.890000 0.920000
v -7.000000 11.750000 0.920000
v -7.000000 11.750000 1.180000
v -7.000000 11.890000 1.180000
v -6.960000 11.970000 6.000000
v -6.960000 11.750000 6.000000
v -9.040000 11.750000 6.000000
v -9.040000 11.970000 6.000000
v -6.960000 11.750000 6.280000
v -6.960000 11.970000 6.280000
v -9.040000 11.970000 6.280000
v -9.040000 11.750000 6.280000
v -7.450000 11.950000 1.550000
v -7.450000 11.830000 1.550000
v -8.550000 11.830000 1.550000
v -8.550000 11.950000 1.550000
v -7.450000 11.830000 3.050000
v -7.450000 11.950000 3.050000
v -8.550000 11.950000 3.050000
v -8.550000 11.830000 3.050000
v -8.090000 11.900000 2.240000
v -8.090000 11.760000 2.240000
v -8.510000 11.760000 2.240000
v -8.510000 11.900000 2.240000
v -8.090000 11.760000 2.860000
v -8.090000 11.900000 2.860000
v -8.510000 11.900000 2.860000
v -8.510000 11.760000 2.860000
v -7.510000 11.880000 2.000000
v -7.510000 11.760000 2.000000
v -7.810000 11.760000 2.000000
v -7.810000 11.880000 2.000000
v -7.510000 11.760000 2.400000
v -7.510000 11.880000 2.400000
v -7.810000 11.880000 2.400000
v -7.810000 11.760000 2.400000
v -6.800000 11.950000 0.000000
v -6.800000 11.750000 0.000000
v -6.800000 11.750000 6.000000
v -6.800000 11.950000 6.000000
v -5.000000 11.950000 0.000000
v -5.000000 11.750000 0.000000
v -5.200000 11.750000 0.000000
v -5.200000 11.950000 0.000000
v -5.000000 11.750000 6.000000
v -5.000000 11.950000 6.000000
v -5.200000 11.950000 6.000000
v -5.200000 11.750000 6.000000
v -5.000000 11.950000 5.680000
v -5.000000 11.750000 5.680000
v -5.000000 11.750000 0.400000
v -5.000000 11.950000 0.400000
v -6.480000 11.950000 0.750000
v -6.480000 11.820000 0.750000
v -6.620000 11.820000 0.750000
v -6.620000 11.950000 0.750000
v -6.480000 11.820000 5.450000
v -6.480000 11.950000 5.450000
v -6.620000 11.950000 5.450000
v -6.620000 11.820000 5.450000
v -5.930000 11.950000 0.750000
v -5.930000 11.820000 0.750000
v -6.070000 11.820000 0.750000
v -6.070000 11.950000 0.750000
v -5.930000 11.820000 5.450000
v -5.930000 11.950000 5.450000
v -6.070000 11.950000 5.450000
v -6.070000 11.820000 5.450000
v -5.380000 11.950000 0.750000
v -5.380000 11.820000 0.750000
v -5.520000 11.820000 0.750000
v -5.520000 11.950000 0.750000
v -5.380000 11.820000 5.450000
v -5.380000 11.950000 5.450000
v -5.520000 11.950000 5.450000
v -5.520000 11.820000 5.450000
v -5.000000 11.890000 0.920000
v -5.000000 11.750000 0.920000
v -5.000000 11.750000 1.180000
v -5.000000 11.890000 1.180000
v -4.960000 11.970000 6.000000
v -4.960000 11.750000 6.000000
v -7.040000 11.750000 6.000000
v -7.040000 11.970000 6.000000
v -4.960000 11.750000 6.280000
v -4.960000 11.970000 6.280000
v -7.040000 11.970000 6.280000
v -7.040000 11.750000 6.280000
v -4.800000 11.950000 0.000000
v -4.800000 11.750000 0.000000
v -4.800000 11.750000 6.000000
v -4.800000 11.950000 6.000000
v -3.000000 11.950000 0.000000
v -3.000000 11.750000 0.000000
v -3.200000 11.750000 0.000000
v -3.200000 11.950000 0.000000
v -3.000000 11.750000 6.000000
v -3.000000 11.950000 6.000000
v -3.200000 11.950000 6.000000
v -3.200000 11.750000 6.000000
v -3.000000 11.950000 5.680000
v -3.000000 11.750000 5.680000
v -3.000000 11.750000 0.400000
v -3.000000 11.950000 0.400000
v -4.480000 11.950000 0.750000
v -4.480000 11.820000 0.750000
v -4.620000 11.820000 0.750000
v -4.620000 11.950000 0.750000
v -4.480000 11.820000 5.450000
v -4.480000 11.950000 5.450000
v -4.620000 11.950000 5.450000
v -4.620000 11.820000 5.450000
v -3.930000 11.950000 0.750000
v -3.930000 11.820000 0.750000
v -4.070000 11.820000 0.750000
v -4.070000 11.950000 0.750000
v -3.930000 11.820000 5.450000
v -3.930000 11.950000 5.450000
v -4.070000 11.950000 5.450000
v -4.070000 11.820000 5.450000
v -3.380000 11.950000 0.750000
v -3.380000 11.820000 0.750000
v -3.520000 11.820000 0.750000
v -3.520000 11.950000 0.750000
v -3.380000 11.820000 5.450000
v -3.380000 11.950000 5.450000
v -3.520000 11.950000 5.450000
v -3.520000 11.820000 5.450000
v -3.000000 11.890000 0.920000
v -3.000000 11.750000 0.920000
v -3.000000 11.750000 1.180000
v -3.000000 11.890000 1.180000
v -2.960000 11.970000 6.000000
v -2.960000 11.750000 6.000000
v -5.040000 11.750000 6.000000
v -5.040000 11.970000 6.000000
v -2.960000 11.750000 6.280000
v -2.960000 11.970000 6.280000
v -5.040000 11.970000 6.280000
v -5.040000 11.750000 6.280000
v -3.550000 11.950000 2.450000
v -3.550000 11.850000 2.450000
v -4.450000 11.850000 2.450000
v -4.450000 11.950000 2.450000
v -3.550000 11.850000 3.750000
v -3.550000 11.950000 3.750000
v -4.450000 11.950000 3.750000
v -4.450000 11.850000 3.750000
v -3.650000 11.840000 2.530000
v -3.650000 11.790000 2.530000
v -4.350000 11.790000 2.530000
v -4.350000 11.840000 2.530000
v -3.650000 11.790000 2.630000
v -3.650000 11.840000 2.630000
v -4.350000 11.840000 2.630000
v -4.350000 11.790000 2.630000
v -3.650000 11.840000 2.730000
v -3.650000 11.790000 2.730000
v -4.350000 11.790000 2.730000
v -4.350000 11.840000 2.730000
v -3.650000 11.790000 2.830000
v -3.650000 11.840000 2.830000
v -4.350000 11.840000 2.830000
v -4.350000 11.790000 2.830000
v -3.650000 11.840000 2.930000
v -3.650000 11.790000 2.930000
v -4.350000 11.790000 2.930000
v -4.350000 11.840000 2.930000
v -3.650000 11.790000 3.030000
v -3.650000 11.840000 3.030000
v -4.350000 11.840000 3.030000
v -4.350000 11.790000 3.030000
v -3.650000 11.840000 3.130000
v -3.650000 11.790000 3.130000
v -4.350000 11.790000 3.130000
v -4.350000 11.840000 3.130000
v -3.650000 11.790000 3.230000
v -3.650000 11.840000 3.230000
v -4.350000 11.840000 3.230000
v -4.350000 11.790000 3.230000
v -3.650000 11.840000 3.330000
v -3.650000 11.790000 3.330000
v -4.350000 11.790000 3.330000
v -4.350000 11.840000 3.330000
v -3.650000 11.790000 3.430000
v -3.650000 11.840000 3.430000
v -4.350000 11.840000 3.430000
v -4.350000 11.790000 3.430000
v -3.650000 11.840000 3.530000
v -3.650000 11.790000 3.530000
v -4.350000 11.790000 3.530000
v -4.350000 11.840000 3.530000
v -3.650000 11.790000 3.630000
v -3.650000 11.840000 3.630000
v -4.350000 11.840000 3.630000
v -4.350000 11.790000 3.630000
v -2.800000 11.950000 0.000000
v -2.800000 11.750000 0.000000
v -2.800000 11.750000 6.000000
v -2.800000 11.950000 6.000000
v -1.000000 11.950000 0.000000
v -1.000000 11.750000 0.000000
v -1.200000 11.750000 0.000000
v -1.200000 11.950000 0.000000
v -1.000000 11.750000 6.000000
v -1.000000 11.950000 6.000000
v -1.200000 11.950000 6.000000
v -1.200000 11.750000 6.000000
v -1.000000 11.950000 5.680000
v -1.000000 11.750000 5.680000
v -1.000000 11.750000 0.400000
v -1.000000 11.950000 0.400000
v -2.480000 11.950000 0.750000
v -2.480000 11.820000 0.750000
v -2.620000 11.820000 0.750000
v -2.620000 11.950000 0.750000
v -2.480000 11.820000 5.450000
v -2.480000 11.950000 5.450000
v -2.620000 11.950000 5.450000
v -2.620000 11.820000 5.450000
v -1.930000 11.950000 0.750000
v -1.930000 11.820000 0.750000
v -2.070000 11.820000 0.750000
v -2.070000 11.950000 0.750000
v -1.930000 11.820000 5.450000
v -1.930000 11.950000 5.450000
v -2.070000 11.950000 5.450000
v -2.070000 11.820000 5.450000
v -1.380000 11.950000 0.750000
v -1.380000 11.820000 0.750000
v -1.520000 11.820000 0.750000
v -1.520000 11.950000 0.750000
v -1.380000 11.820000 5.450000
v -1.380000 11.950000 5.450000
v -1.520000 11.950000 5.450000
v -1.520000 11.820000 5.450000
v -1.000000 11.890000 0.920000
v -1.000000 11.750000 0.920000
v -1.000000 11.750000 1.180000
v -1.000000 11.890000 1.180000
v -0.960000 11.970000 6.000000
v -0.960000 11.750000 6.000000
v -3.040000 11.750000 6.000000
v -3.040000 11.970000 6.000000
v -0.960000 11.750000 6.280000
v -0.960000 11.970000 6.280000
v -3.040000 11.970000 6.280000
v -3.040000 11.750000 6.280000
v -0.800000 11.950000 0.000000
v -0.800000 11.750000 0.000000
v -0.800000 11.750000 6.000000
v -0.800000 11.950000 6.000000
v 1.000000 11.950000 0.000000
v 1.000000 11.750000 0.000000
v 0.800000 11.750000 0.000000
v 0.800000 11.950000 0.000000
v 1.000000 11.750000 6.000000
v 1.000000 11.950000 6.000000
v 0.800000 11.950000 6.000000
v 0.800000 11.750000 6.000000
v 1.000000 11.950000 5.680000
v 1.000000 11.750000 5.680000
v 1.000000 11.750000 0.400000
v 1.000000 11.950000 0.400000
v -0.480000 11.950000 0.750000
v -0.480000 11.820000 0.750000
v -0.620000 11.820000 0.750000
v -0.620000 11.950000 0.750000
v -0.480000 11.820000 5.450000
v -0.480000 11.950000 5.450000
v -0.620000 11.950000 5.450000
v -0.620000 11.820000 5.450000
v 0.070000 11.950000 0.750000
v 0.070000 11.820000 0.750000
v -0.070000 11.820000 0.750000
v -0.070000 11.950000 0.750000
v 0.070000 11.820000 5.450000
v 0.070000 11.950000 5.450000
v -0.070000 11.950000 5.450000
v -0.070000 11.820000 5.450000
v 0.620000 11.950000 0.750000
v 0.620000 11.820000 0.750000
v 0.480000 11.820000 0.750000
v 0.480000 11.950000 0.750000
v 0.620000 11.820000 5.450000
v 0.620000 11.950000 5.450000
v 0.480000 11.950000 5.450000
v 0.480000 11.820000 5.450000
v 1.000000 11.890000 0.920000
v 1.000000 11.750000 0.920000
v 1.000000 11.750000 1.180000
v 1.000000 11.890000 1.180000
v 1.040000 11.970000 6.000000
v 1.040000 11.750000 6.000000
v -1.040000 11.750000 6.000000
v -1.040000 11.970000 6.000000
v 1.040000 11.750000 6.280000
v 1.040000 11.970000 6.280000
v -1.040000 11.970000 6.280000
v -1.040000 11.750000 6.280000
v 0.850000 11.950000 3.350000
v 0.850000 11.870000 3.350000
v -0.850000 11.870000 3.350000
v -0.850000 11.950000 3.350000
v 0.850000 11.870000 3.450000
v 0.850000 11.950000 3.450000
v -0.850000 11.950000 3.450000
v -0.850000 11.870000 3.450000
v 0.700000 11.950000 3.750000
v 0.700000 11.900000 3.750000
v -0.700000 11.900000 3.750000
v -0.700000 11.950000 3.750000
v 0.700000 11.900000 4.850000
v 0.700000 11.950000 4.850000
v -0.700000 11.950000 4.850000
v -0.700000 11.900000 4.850000
v 1.200000 11.950000 0.000000
v 1.200000 11.750000 0.000000
v 1.200000 11.750000 6.000000
v 1.200000 11.950000 6.000000
v 3.000000 11.950000 0.000000
v 3.000000 11.750000 0.000000
v 2.800000 11.750000 0.000000
v 2.800000 11.950000 0.000000
v 3.000000 11.750000 6.000000
v 3.000000 11.950000 6.000000
v 2.800000 11.950000 6.000000
v 2.800000 11.750000 6.000000
v 3.000000 11.950000 5.680000
v 3.000000 11.750000 5.680000
v 3.000000 11.750000 0.400000
v 3.000000 11.950000 0.400000
v 1.520000 11.950000 0.750000
v 1.520000 11.820000 0.750000
v 1.380000 11.820000 0.750000
v 1.380000 11.950000 0.750000
v 1.520000 11.820000 5.450000
v 1.520000 11.950000 5.450000
v 1.380000 11.950000 5.450000
v 1.380000 11.820000 5.450000
v 2.070000 11.950000 0.750000
v 2.070000 11.820000 0.750000
v 1.930000 11.820000 0.750000
v 1.930000 11.950000 0.750000
v 2.070000 11.820000 5.450000
v 2.070000 11.950000 5.450000
v 1.930000 11.950000 5.450000
v 1.930000 11.820000 5.450000
v 2.620000 11.950000 0.750000
v 2.620000 11.820000 0.750000
v 2.480000 11.820000 0.750000
v 2.480000 11.950000 0.750000
v 2.620000 11.820000 5.450000
v 2.620000 11.950000 5.450000
v 2.480000 11.950000 5.450000
v 2.480000 11.820000 5.450000
v 3.000000 11.890000 0.920000
v 3.000000 11.750000 0.920000
v 3.000000 11.750000 1.180000
v 3.000000 11.890000 1.180000
v 3.040000 11.970000 6.000000
v 3.040000 11.750000 6.000000
v 0.960000 11.750000 6.000000
v 0.960000 11.970000 6.000000
v 3.040000 11.750000 6.280000
v 3.040000 11.970000 6.280000
v 0.960000 11.970000 6.280000
v 0.960000 11.750000 6.280000
v 3.200000 11.950000 0.000000
v 3.200000 11.750000 0.000000
v 3.200000 11.750000 6.000000
v 3.200000 11.950000 6.000000
v 5.000000 11.950000 0.000000
v 5.000000 11.750000 0.000000
v 4.800000 11.750000 0.000000
v 4.800000 11.950000 0.000000
v 5.000000 11.750000 6.000000
v 5.000000 11.950000 6.000000
v 4.800000 11.950000 6.000000
v 4.800000 11.750000 6.000000
v 5.000000 11.950000 5.680000
v 5.000000 11.750000 5.680000
v 5.000000 11.750000 0.400000
v 5.000000 11.950000 0.400000
v 3.520000 11.950000 0.750000
v 3.520000 11.820000 0.750000
v 3.380000 11.820000 0.750000
v 3.380000 11.950000 0.750000
v 3.520000 11.820000 5.450000
v 3.520000 11.950000 5.450000
v 3.380000 11.950000 5.450000
v 3.380000 11.820000 5.450000
v 4.070000 11.950000 0.750000
v 4.070000 11.820000 0.750000
v 3.930000 11.820000 0.750000
v 3.930000 11.950000 0.750000
v 4.070000 11.820000 5.450000
v 4.070000 11.950000 5.450000
v 3.930000 11.950000 5.450000
v 3.930000 11.820000 5.450000
v 4.620000 11.950000 0.750000
v 4.620000 11.820000 0.750000
v 4.480000 11.820000 0.750000
v 4.480000 11.950000 0.750000
v 4.620000 11.820000 5.450000
v 4.620000 11.950000 5.450000
v 4.480000 11.950000 5.450000
v 4.480000 11.820000 5.450000
v 5.000000 11.890000 0.920000
v 5.000000 11.750000 0.920000
v 5.000000 11.750000 1.180000
v 5.000000 11.890000 1.180000
v 5.040000 11.970000 6.000000
v 5.040000 11.750000 6.000000
v 2.960000 11.750000 6.000000
v 2.960000 11.970000 6.000000
v 5.040000 11.750000 6.280000
v 5.040000 11.970000 6.280000
v 2.960000 11.970000 6.280000
v 2.960000 11.750000 6.280000
v 4.550000 11.950000 1.550000
v 4.550000 11.830000 1.550000
v 3.450000 11.830000 1.550000
v 3.450000 11.950000 1.550000
v 4.550000 11.830000 3.050000
v 4.550000 11.950000 3.050000
v 3.450000 11.950000 3.050000
v 3.450000 11.830000 3.050000
v 3.910000 11.900000 2.240000
v 3.910000 11.760000 2.240000
v 3.490000 11.760000 2.240000
v 3.490000 11.900000 2.240000
v 3.910000 11.760000 2.860000
v 3.910000 11.900000 2.860000
v 3.490000 11.900000 2.860000
v 3.490000 11.760000 2.860000
v 4.490000 11.880000 2.000000
v 4.490000 11.760000 2.000000
v 4.190000 11.760000 2.000000
v 4.190000 11.880000 2.000000
v 4.490000 11.760000 2.400000
v 4.490000 11.880000 2.400000
v 4.190000 11.880000 2.400000
v 4.190000 11.760000 2.400000
v 5.200000 11.950000 0.000000
v 5.200000 11.750000 0.000000
v 5.200000 11.750000 6.000000
v 5.200000 11.950000 6.000000
v 7.000000 11.950000 0.000000
v 7.000000 11.750000 0.000000
v 6.800000 11.750000 0.000000
v 6.800000 11.950000 0.000000
v 7.000000 11.750000 6.000000
v 7.000000 11.950000 6.000000
v 6.800000 11.950000 6.000000
v 6.800000 11.750000 6.000000
v 7.000000 11.950000 5.680000
v 7.000000 11.750000 5.680000
v 7.000000 11.750000 0.400000
v 7.000000 11.950000 0.400000
v 5.520000 11.950000 0.750000
v 5.520000 11.820000 0.750000
v 5.380000 11.820000 0.750000
v 5.380000 11.950000 0.750000
v 5.520000 11.820000 5.450000
v 5.520000 11.950000 5.450000
v 5.380000 11.950000 5.450000
v 5.380000 11.820000 5.450000
v 6.070000 11.950000 0.750000
v 6.070000 11.820000 0.750000
v 5.930000 11.820000 0.750000
v 5.930000 11.950000 0.750000
v 6.070000 11.820000 5.450000
v 6.070000 11.950000 5.450000
v 5.930000 11.950000 5.450000
v 5.930000 11.820000 5.450000
v 6.620000 11.950000 0.750000
v 6.620000 11.820000 0.750000
v 6.480000 11.820000 0.750000
v 6.480000 11.950000 0.750000
v 6.620000 11.820000 5.450000
v 6.620000 11.950000 5.450000
v 6.480000 11.950000 5.450000
v 6.480000 11.820000 5.450000
v 7.000000 11.890000 0.920000
v 7.000000 11.750000 0.920000
v 7.000000 11.750000 1.180000
v 7.000000 11.890000 1.180000
v 7.040000 11.970000 6.000000
v 7.040000 11.750000 6.000000
v 4.960000 11.750000 6.000000
v 4.960000 11.970000 6.000000
v 7.040000 11.750000 6.280000
v 7.040000 11.970000 6.280000
v 4.960000 11.970000 6.280000
v 4.960000 11.750000 6.280000
v 7.200000 11.950000 0.000000
v 7.200000 11.750000 0.000000
v 7.200000 11.750000 6.000000
v 7.200000 11.950000 6.000000
v 9.000000 11.950000 0.000000
v 9.000000 11.750000 0.000000
v 8.800000 11.750000 0.000000
v 8.800000 11.950000 0.000000
v 9.000000 11.750000 6.000000
v 9.000000 11.950000 6.000000
v 8.800000 11.950000 6.000000
v 8.800000 11.750000 6.000000
v 9.000000 11.950000 5.680000
v 9.000000 11.750000 5.680000
v 9.000000 11.750000 0.400000
v 9.000000 11.950000 0.400000
v 7.520000 11.950000 0.750000
v 7.520000 11.820000 0.750000
v 7.380000 11.820000 0.750000
v 7.380000 11.950000 0.750000
v 7.520000 11.820000 5.450000
v 7.520000 11.950000 5.450000
v 7.380000 11.950000 5.450000
v 7.380000 11.820000 5.450000
v 8.070000 11.950000 0.750000
v 8.070000 11.820000 0.750000
v 7.930000 11.820000 0.750000
v 7.930000 11.950000 0.750000
v 8.070000 11.820000 5.450000
v 8.070000 11.950000 5.450000
v 7.930000 11.950000 5.450000
v 7.930000 11.820000 5.450000
v 8.620000 11.950000 0.750000
v 8.620000 11.820000 0.750000
v 8.480000 11.820000 0.750000
v 8.480000 11.950000 0.750000
v 8.620000 11.820000 5.450000
v 8.620000 11.950000 5.450000
v 8.480000 11.950000 5.450000
v 8.480000 11.820000 5.450000
v 9.000000 11.890000 0.920000
v 9.000000 11.750000 0.920000
v 9.000000 11.750000 1.180000
v 9.000000 11.890000 1.180000
v 9.040000 11.970000 6.000000
v 9.040000 11.750000 6.000000
v 6.960000 11.750000 6.000000
v 6.960000 11.970000 6.000000
v 9.040000 11.750000 6.280000
v 9.040000 11.970000 6.280000
v 6.960000 11.970000 6.280000
v 6.960000 11.750000 6.280000
v 8.450000 11.950000 2.450000
v 8.450000 11.850000 2.450000
v 7.550000 11.850000 2.450000
v 7.550000 11.950000 2.450000
v 8.450000 11.850000 3.750000
v 8.450000 11.950000 3.750000
v 7.550000 11.950000 3.750000
v 7.550000 11.850000 3.750000
v 8.350000 11.840000 2.530000
v 8.350000 11.790000 2.530000
v 7.650000 11.790000 2.530000
v 7.650000 11.840000 2.530000
v 8.350000 11.790000 2.630000
v 8.350000 11.840000 2.630000
v 7.650000 11.840000 2.630000
v 7.650000 11.790000 2.630000
v 8.350000 11.840000 2.730000
v 8.350000 11.790000 2.730000
v 7.650000 11.790000 2.730000
v 7.650000 11.840000 2.730000
v 8.350000 11.790000 2.830000
v 8.350000 11.840000 2.830000
v 7.650000 11.840000 2.830000
v 7.650000 11.790000 2.830000
v 8.350000 11.840000 2.930000
v 8.350000 11.790000 2.930000
v 7.650000 11.790000 2.930000
v 7.650000 11.840000 2.930000
v 8.350000 11.790000 3.030000
v 8.350000 11.840000 3.030000
v 7.650000 11.840000 3.030000
v 7.650000 11.790000 3.030000
v 8.350000 11.840000 3.130000
v 8.350000 11.790000 3.130000
v 7.650000 11.790000 3.130000
v 7.650000 11.840000 3.130000
v 8.350000 11.790000 3.230000
v 8.350000 11.840000 3.230000
v 7.650000 11.840000 3.230000
v 7.650000 11.790000 3.230000
v 8.350000 11.840000 3.330000
v 8.350000 11.790000 3.330000
v 7.650000 11.790000 3.330000
v 7.650000 11.840000 3.330000
v 8.350000 11.790000 3.430000
v 8.350000 11.840000 3.430000
v 7.650000 11.840000 3.430000
v 7.650000 11.790000 3.430000
v 8.350000 11.840000 3.530000
v 8.350000 11.790000 3.530000
v 7.650000 11.790000 3.530000
v 7.650000 11.840000 3.530000
v 8.350000 11.790000 3.630000
v 8.350000 11.840000 3.630000
v 7.650000 11.840000 3.630000
v 7.650000 11.790000 3.630000
v 9.200000 11.950000 0.000000
v 9.200000 11.750000 0.000000
v 9.200000 11.750000 6.000000
v 9.200000 11.950000 6.000000
v 11.000000 11.950000 0.000000
v 11.000000 11.750000 0.000000
v 10.800000 11.750000 0.000000
v 10.800000 11.950000 0.000000
v 11.000000 11.750000 6.000000
v 11.000000 11.950000 6.000000
v 10.800000 11.950000 6.000000
v 10.800000 11.750000 6.000000
v 11.000000 11.950000 5.680000
v 11.000000 11.750000 5.680000
v 11.000000 11.750000 0.400000
v 11.000000 11.950000 0.400000
v 9.520000 11.950000 0.750000
v 9.520000 11.820000 0.750000
v 9.380000 11.820000 0.750000
v 9.380000 11.950000 0.750000
v 9.520000 11.820000 5.450000
v 9.520000 11.950000 5.450000
v 9.380000 11.950000 5.450000
v 9.380000 11.820000 5.450000
v 10.070000 11.950000 0.750000
v 10.070000 11.820000 0.750000
v 9.930000 11.820000 0.750000
v 9.930000 11.950000 0.750000
v 10.070000 11.820000 5.450000
v 10.070000 11.950000 5.450000
v 9.930000 11.950000 5.450000
v 9.930000 11.820000 5.450000
v 10.620000 11.950000 0.750000
v 10.620000 11.820000 0.750000
v 10.480000 11.820000 0.750000
v 10.480000 11.950000 0.750000
v 10.620000 11.820000 5.450000
v 10.620000 11.950000 5.450000
v 10.480000 11.950000 5.450000
v 10.480000 11.820000 5.450000
v 11.000000 11.890000 0.920000
v 11.000000 11.750000 0.920000
v 11.000000 11.750000 1.180000
v 11.000000 11.890000 1.180000
v 11.040000 11.970000 6.000000
v 11.040000 11.750000 6.000000
v 8.960000 11.750000 6.000000
v 8.960000 11.970000 6.000000
v 11.040000 11.750000 6.280000
v 11.040000 11.970000 6.280000
v 8.960000 11.970000 6.280000
v 8.960000 11.750000 6.280000
v 12.350000 -11.950000 0.000000
v 12.350000 -12.350000 0.000000
v -12.350000 -12.350000 0.000000
v -12.350000 -11.950000 0.000000
v 12.350000 -12.350000 6.000000
v 12.350000 -11.950000 6.000000
v -12.350000 -11.950000 6.000000
v -12.350000 -12.350000 6.000000
v 11.000000 -11.750000 0.000000
v 11.000000 -11.950000 0.000000
v 10.800000 -11.950000 0.000000
v 10.800000 -11.750000 0.000000
v 11.000000 -11.950000 6.000000
v 11.000000 -11.750000 6.000000
v 10.800000 -11.750000 6.000000
v 10.800000 -11.950000 6.000000
v 9.200000 -11.750000 0.000000
v 9.200000 -11.950000 0.000000
v 9.000000 -11.950000 0.000000
v 9.000000 -11.750000 0.000000
v 9.200000 -11.950000 6.000000
v 9.200000 -11.750000 6.000000
v 9.000000 -11.750000 6.000000
v 9.000000 -11.950000 6.000000
v 11.000000 -11.750000 5.680000
v 11.000000 -11.950000 5.680000
v 9.000000 -11.950000 5.680000
v 9.000000 -11.750000 5.680000
v 11.000000 -11.950000 0.400000
v 11.000000 -11.750000 0.400000
v 9.000000 -11.750000 0.400000
v 9.000000 -11.950000 0.400000
v 10.620000 -11.820000 0.750000
v 10.620000 -11.950000 0.750000
v 10.480000 -11.950000 0.750000
v 10.480000 -11.820000 0.750000
v 10.620000 -11.950000 5.450000
v 10.620000 -11.820000 5.450000
v 10.480000 -11.820000 5.450000
v 10.480000 -11.950000 5.450000
v 10.070000 -11.820000 0.750000
v 10.070000 -11.950000 0.750000
v 9.930000 -11.950000 0.750000
v 9.930000 -11.820000 0.750000
v 10.070000 -11.950000 5.450000
v 10.070000 -11.820000 5.450000
v 9.930000 -11.820000 5.450000
v 9.930000 -11.950000 5.450000
v 9.520000 -11.820000 0.750000
v 9.520000 -11.950000 0.750000
v 9.380000 -11.950000 0.750000
v 9.380000 -11.820000 0.750000
v 9.520000 -11.950000 5.450000
v 9.520000 -11.820000 5.450000
v 9.380000 -11.820000 5.450000
v 9.380000 -11.950000 5.450000
v 11.000000 -11.750000 0.920000
v 11.000000 -11.890000 0.920000
v 9.000000 -11.890000 0.920000
v 9.000000 -11.750000 0.920000
v 11.000000 -11.890000 1.180000
v 11.000000 -11.750000 1.180000
v 9.000000 -11.750000 1.180000
v 9.000000 -11.890000 1.180000
v 11.040000 -11.750000 6.000000
v 11.040000 -11.970000 6.000000
v 8.960000 -11.970000 6.000000
v 8.960000 -11.750000 6.000000
v 11.040000 -11.970000 6.280000
v 11.040000 -11.750000 6.280000
v 8.960000 -11.750000 6.280000
v 8.960000 -11.970000 6.280000
v 8.800000 -11.950000 0.000000
v 8.800000 -11.750000 0.000000
v 8.800000 -11.750000 6.000000
v 8.800000 -11.950000 6.000000
v 7.200000 -11.750000 0.000000
v 7.200000 -11.950000 0.000000
v 7.000000 -11.950000 0.000000
v 7.000000 -11.750000 0.000000
v 7.200000 -11.950000 6.000000
v 7.200000 -11.750000 6.000000
v 7.000000 -11.750000 6.000000
v 7.000000 -11.950000 6.000000
v 7.000000 -11.950000 5.680000
v 7.000000 -11.750000 5.680000
v 7.000000 -11.750000 0.400000
v 7.000000 -11.950000 0.400000
v 8.620000 -11.820000 0.750000
v 8.620000 -11.950000 0.750000
v 8.480000 -11.950000 0.750000
v 8.480000 -11.820000 0.750000
v 8.620000 -11.950000 5.450000
v 8.620000 -11.820000 5.450000
v 8.480000 -11.820000 5.450000
v 8.480000 -11.950000 5.450000
v 8.070000 -11.820000 0.750000
v 8.070000 -11.950000 0.750000
v 7.930000 -11.950000 0.750000
v 7.930000 -11.820000 0.750000
v 8.070000 -11.950000 5.450000
v 8.070000 -11.820000 5.450000
v 7.930000 -11.820000 5.450000
v 7.930000 -11.950000 5.450000
v 7.520000 -11.820000 0.750000
v 7.520000 -11.950000 0.750000
v 7.380000 -11.950000 0.750000
v 7.380000 -11.820000 0.750000
v 7.520000 -11.950000 5.450000
v 7.520000 -11.820000 5.450000
v 7.380000 -11.820000 5.450000
v 7.380000 -11.950000 5.450000
v 7.000000 -11.890000 0.920000
v 7.000000 -11.750000 0.920000
v 7.000000 -11.750000 1.180000
v 7.000000 -11.890000 1.180000
v 9.040000 -11.750000 6.000000
v 9.040000 -11.970000 6.000000
v 6.960000 -11.970000 6.000000
v 6.960000 -11.750000 6.000000
v 9.040000 -11.970000 6.280000
v 9.040000 -11.750000 6.280000
v 6.960000 -11.750000 6.280000
v 6.960000 -11.970000 6.280000
v 8.550000 -11.830000 1.550000
v 8.550000 -11.950000 1.550000
v 7.450000 -11.950000 1.550000
v 7.450000 -11.830000 1.550000
v 8.550000 -11.950000 3.050000
v 8.550000 -11.830000 3.050000
v 7.450000 -11.830000 3.050000
v 7.450000 -11.950000 3.050000
v 8.510000 -11.760000 2.240000
v 8.510000 -11.900000 2.240000
v 8.090000 -11.900000 2.240000
v 8.090000 -11.760000 2.240000
v 8.510000 -11.900000 2.860000
v 8.510000 -11.760000 2.860000
v 8.090000 -11.760000 2.860000
v 8.090000 -11.900000 2.860000
v 7.810000 -11.760000 2.000000
v 7.810000 -11.880000 2.000000
v 7.510000 -11.880000 2.000000
v 7.510000 -11.760000 2.000000
v 7.810000 -11.880000 2.400000
v 7.810000 -11.760000 2.400000
v 7.510000 -11.760000 2.400000
v 7.510000 -11.880000 2.400000
v 6.800000 -11.950000 0.000000
v 6.800000 -11.750000 0.000000
v 6.800000 -11.750000 6.000000
v 6.800000 -11.950000 6.000000
v 5.200000 -11.750000 0.000000
v 5.200000 -11.950000 0.000000
v 5.000000 -11.950000 0.000000
v 5.000000 -11.750000 0.000000
v 5.200000 -11.950000 6.000000
v 5.200000 -11.750000 6.000000
v 5.000000 -11.750000 6.000000
v 5.000000 -11.950000 6.000000
v 5.000000 -11.950000 5.680000
v 5.000000 -11.750000 5.680000
v 5.000000 -11.750000 0.400000
v 5.000000 -11.950000 0.400000
v 6.620000 -11.820000 0.750000
v 6.620000 -11.950000 0.750000
v 6.480000 -11.950000 0.750000
v 6.480000 -11.820000 0.750000
v 6.620000 -11.950000 5.450000
v 6.620000 -11.820000 5.450000
v 6.480000 -11.820000 5.450000
v 6.480000 -11.950000 5.450000
v 6.070000 -11.820000 0.750000
v 6.070000 -11.950000 0.750000
v 5.930000 -11.950000 0.750000
v 5.930000 -11.820000 0.750000
v 6.070000 -11.950000 5.450000
v 6.070000 -11.820000 5.450000
v 5.930000 -11.820000 5.450000
v 5.930000 -11.950000 5.450000
v 5.520000 -11.820000 0.750000
v 5.520000 -11.950000 0.750000
v 5.380000 -11.950000 0.750000
v 5.380000 -11.820000 0.750000
v 5.520000 -11.950000 5.450000
v 5.520000 -11.820000 5.450000
v 5.380000 -11.820000 5.450000
v 5.380000 -11.950000 5.450000
v 5.000000 -11.890000 0.920000
v 5.000000 -11.750000 0.920000
v 5.000000 -11.750000 1.180000
v 5.000000 -11.890000 1.180000
v 7.040000 -11.750000 6.000000
v 7.040000 -11.970000 6.000000
v 4.960000 -11.970000 6.000000
v 4.960000 -11.750000 6.000000
v 7.040000 -11.970000 6.280000
v 7.040000 -11.750000 6.280000
v 4.960000 -11.750000 6.280000
v 4.960000 -11.970000 6.280000
v 4.800000 -11.950000 0.000000
v 4.800000 -11.750000 0.000000
v 4.800000 -11.750000 6.000000
v 4.800000 -11.950000 6.000000
v 3.200000 -11.750000 0.000000
v 3.200000 -11.950000 0.000000
v 3.000000 -11.950000 0.000000
v 3.000000 -11.750000 0.000000
v 3.200000 -11.950000 6.000000
v 3.200000 -11.750000 6.000000
v 3.000000 -11.750000 6.000000
v 3.000000 -11.950000 6.000000
v 3.000000 -11.950000 5.680000
v 3.000000 -11.750000 5.680000
v 3.000000 -11.750000 0.400000
v 3.000000 -11.950000 0.400000
v 4.620000 -11.820000 0.750000
v 4.620000 -11.950000 0.750000
v 4.480000 -11.950000 0.750000
v 4.480000 -11.820000 0.750000
v 4.620000 -11.950000 5.450000
v 4.620000 -11.820000 5.450000
v 4.480000 -11.820000 5.450000
v 4.480000 -11.950000 5.450000
v 4.070000 -11.820000 0.750000
v 4.070000 -11.950000 0.750000
v 3.930000 -11.950000 0.750000
v 3.930000 -11.820000 0.750000
v 4.070000 -11.950000 5.450000
v 4.070000 -11.820000 5.450000
v 3.930000 -11.820000 5.450000
v 3.930000 -11.950000 5.450000
v 3.520000 -11.820000 0.750000
v 3.520000 -11.950000 0.750000
v 3.380000 -11.950000 0.750000
v 3.380000 -11.820000 0.750000
v 3.520000 -11.950000 5.450000
v 3.520000 -11.820000 5.450000
v 3.380000 -11.820000 5.450000
v 3.380000 -11.950000 5.450000
v 3.000000 -11.890000 0.920000
v 3.000000 -11.750000 0.920000
v 3.000000 -11.750000 1.180000
v 3.000000 -11.890000 1.180000
v 5.040000 -11.750000 6.000000
v 5.040000 -11.970000 6.000000
v 2.960000 -11.970000 6.000000
v 2.960000 -11.750000 6.000000
v 5.040000 -11.970000 6.280000
v 5.040000 -11.750000 6.280000
v 2.960000 -11.750000 6.280000
v 2.960000 -11.970000 6.280000
v 4.450000 -11.850000 2.450000
v 4.450000 -11.950000 2.450000
v 3.550000 -11.950000 2.450000
v 3.550000 -11.850000 2.450000
v 4.450000 -11.950000 3.750000
v 4.450000 -11.850000 3.750000
v 3.550000 -11.850000 3.750000
v 3.550000 -11.950000 3.750000
v 4.350000 -11.790000 2.530000
v 4.350000 -11.840000 2.530000
v 3.650000 -11.840000 2.530000
v 3.650000 -11.790000 2.530000
v 4.350000 -11.840000 2.630000
v 4.350000 -11.790000 2.630000
v 3.650000 -11.790000 2.630000
v 3.650000 -11.840000 2.630000
v 4.350000 -11.790000 2.730000
v 4.350000 -11.840000 2.730000
v 3.650000 -11.840000 2.730000
v 3.650000 -11.790000 2.730000
v 4.350000 -11.840000 2.830000
v 4.350000 -11.790000 2.830000
v 3.650000 -11.790000 2.830000
v 3.650000 -11.840000 2.830000
v 4.350000 -11.790000 2.930000
v 4.350000 -11.840000 2.930000
v 3.650000 -11.840000 2.930000
v 3.650000 -11.790000 2.930000
v 4.350000 -11.840000 3.030000
v 4.350000 -11.790000 3.030000
v 3.650000 -11.790000 3.030000
v 3.650000 -11.840000 3.030000
v 4.350000 -11.790000 3.130000
v 4.350000 -11.840000 3.130000
v 3.650000 -11.840000 3.130000
v 3.650000 -11.790000 3.130000
v 4.350000 -11.840000 3.230000
v 4.350000 -11.790000 3.230000
v 3.650000 -11.790000 3.230000
v 3.650000 -11.840000 3.230000
v 4.350000 -11.790000 3.330000
v 4.350000 -11.840000 3.330000
v 3.650000 -11.840000 3.330000
v 3.650000 -11.790000 3.330000
v 4.350000 -11.840000 3.430000
v 4.350000 -11.790000 3.430000
v 3.650000 -11.790000 3.430000
v 3.650000 -11.840000 3.430000
v 4.350000 -11.790000 3.530000
v 4.350000 -11.840000 3.530000
v 3.650000 -11.840000 3.530000
v 3.650000 -11.790000 3.530000
v 4.350000 -11.840000 3.630000
v 4.350000 -11.790000 3.630000
v 3.650000 -11.790000 3.630000
v 3.650000 -11.840000 3.630000
v 2.800000 -11.950000 0.000000
v 2.800000 -11.750000 0.000000
v 2.800000 -11.750000 6.000000
v 2.800000 -11.950000 6.000000
v 1.200000 -11.750000 0.000000
v 1.200000 -11.950000 0.000000
v 1.000000 -11.950000 0.000000
v 1.000000 -11.750000 0.000000
v 1.200000 -11.950000 6.000000
v 1.200000 -11.750000 6.000000
v 1.000000 -11.750000 6.000000
v 1.000000 -11.950000 6.000000
v 1.000000 -11.950000 5.680000
v 1.000000 -11.750000 5.680000
v 1.000000 -11.750000 0.400000
v 1.000000 -11.950000 0.400000
v 2.620000 -11.820000 0.750000
v 2.620000 -11.950000 0.750000
v 2.480000 -11.950000 0.750000
v 2.480000 -11.820000 0.750000
v 2.620000 -11.950000 5.450000
v 2.620000 -11.820000 5.450000
v 2.480000 -11.820000 5.450000
v 2.480000 -11.950000 5.450000
v 2.070000 -11.820000 0.750000
v 2.070000 -11.950000 0.750000
v 1.930000 -11.950000 0.750000
v 1.930000 -11.820000 0.750000
v 2.070000 -11.950000 5.450000
v 2.070000 -11.820000 5.450000
v 1.930000 -11.820000 5.450000
v 1.930000 -11.950000 5.450000
v 1.520000 -11.820000 0.750000
v 1.520000 -11.950000 0.750000
v 1.380000 -11.950000 0.750000
v 1.380000 -11.820000 0.750000
v 1.520000 -11.950000 5.450000
v 1.520000 -11.820000 5.450000
v 1.380000 -11.820000 5.450000
v 1.380000 -11.950000 5.450000
v 1.000000 -11.890000 0.920000
v 1.000000 -11.750000 0.920000
v 1.000000 -11.750000 1.180000
v 1.000000 -11.890000 1.180000
v 3.040000 -11.750000 6.000000
v 3.040000 -11.970000 6.000000
v 0.960000 -11.970000 6.000000
v 0.960000 -11.750000 6.000000
v 3.040000 -11.970000 6.280000
v 3.040000 -11.750000 6.280000
v 0.960000 -11.750000 6.280000
v 0.960000 -11.970000 6.280000
v 0.800000 -11.950000 0.000000
v 0.800000 -11.750000 0.000000
v 0.800000 -11.750000 6.000000
v 0.800000 -11.950000 6.000000
v -0.800000 -11.750000 0.000000
v -0.800000 -11.950000 0.000000
v -1.000000 -11.950000 0.000000
v -1.000000 -11.750000 0.000000
v -0.800000 -11.950000 6.000000
v -0.800000 -11.750000 6.000000
v -1.000000 -11.750000 6.000000
v -1.000000 -11.950000 6.000000
v -1.000000 -11.950000 5.680000
v -1.000000 -11.750000 5.680000
v -1.000000 -11.750000 0.400000
v -1.000000 -11.950000 0.400000
v 0.620000 -11.820000 0.750000
v 0.620000 -11.950000 0.750000
v 0.480000 -11.950000 0.750000
v 0.480000 -11.820000 0.750000
v 0.620000 -11.950000 5.450000
v 0.620000 -11.820000 5.450000
v 0.480000 -11.820000 5.450000
v 0.480000 -11.950000 5.450000
v 0.070000 -11.820000 0.750000
v 0.070000 -11.950000 0.750000
v -0.070000 -11.950000 0.750000
v -0.070000 -11.820000 0.750000
v 0.070000 -11.950000 5.450000
v 0.070000 -11.820000 5.450000
v -0.070000 -11.820000 5.450000
v -0.070000 -11.950000 5.450000
v -0.480000 -11.820000 0.750000
v -0.480000 -11.950000 0.750000
v -0.620000 -11.950000 0.750000
v -0.620000 -11.820000 0.750000
v -0.480000 -11.950000 5.450000
v -0.480000 -11.820000 5.450000
v -0.620000 -11.820000 5.450000
v -0.620000 -11.950000 5.450000
v -1.000000 -11.890000 0.920000
v -1.000000 -11.750000 0.920000
v -1.000000 -11.750000 1.180000
v -1.000000 -11.890000 1.180000
v 1.040000 -11.750000 6.000000
v 1.040000 -11.970000 6.000000
v -1.040000 -11.970000 6.000000
v -1.040000 -11.750000 6.000000
v 1.040000 -11.970000 6.280000
v 1.040000 -11.750000 6.280000
v -1.040000 -11.750000 6.280000
v -1.040000 -11.970000 6.280000
v 0.850000 -11.870000 3.350000
v 0.850000 -11.950000 3.350000
v -0.850000 -11.950000 3.350000
v -0.850000 -11.870000 3.350000
v 0.850000 -11.950000 3.450000
v 0.850000 -11.870000 3.450000
v -0.850000 -11.870000 3.450000
v -0.850000 -11.950000 3.450000
v 0.700000 -11.900000 3.750000
v 0.700000 -11.950000 3.750000
v -0.700000 -11.950000 3.750000
v -0.700000 -11.900000 3.750000
v 0.700000 -11.950000 4.850000
v 0.700000 -11.900000 4.850000
v -0.700000 -11.900000 4.850000
v -0.700000 -11.950000 4.850000
v -1.200000 -11.950000 0.000000
v -1.200000 -11.750000 0.000000
v -1.200000 -11.750000 6.000000
v -1.200000 -11.950000 6.000000
v -2.800000 -11.750000 0.000000
v -2.800000 -11.950000 0.000000
v -3.000000 -11.950000 0.000000
v -3.000000 -11.750000 0.000000
v -2.800000 -11.950000 6.000000
v -2.800000 -11.750000 6.000000
v -3.000000 -11.750000 6.000000
v -3.000000 -11.950000 6.000000
v -3.000000 -11.950000 5.680000
v -3.000000 -11.750000 5.680000
v -3.000000 -11.750000 0.400000
v -3.000000 -11.950000 0.400000
v -1.380000 -11.820000 0.750000
v -1.380000 -11.950000 0.750000
v -1.520000 -11.950000 0.750000
v -1.520000 -11.820000 0.750000
v -1.380000 -11.950000 5.450000
v -1.380000 -11.820000 5.450000
v -1.520000 -11.820000 5.450000
v -1.520000 -11.950000 5.450000
v -1.930000 -11.820000 0.750000
v -1.930000 -11.950000 0.750000
v -2.070000 -11.950000 0.750000
v -2.070000 -11.820000 0.750000
v -1.930000 -11.950000 5.450000
v -1.930000 -11.820000 5.450000
v -2.070000 -11.820000 5.450000
v -2.070000 -11.950000 5.450000
v -2.480000 -11.820000 0.750000
v -2.480000 -11.950000 0.750000
v -2.620000 -11.950000 0.750000
v -2.620000 -11.820000 0.750000
v -2.480000 -11.950000 5.450000
v -2.480000 -11.820000 5.450000
v -2.620000 -11.820000 5.450000
v -2.620000 -11.950000 5.450000
v -3.000000 -11.890000 0.920000
v -3.000000 -11.750000 0.920000
v -3.000000 -11.750000 1.180000
v -3.000000 -11.890000 1.180000
v -0.960000 -11.750000 6.000000
v -0.960000 -11.970000 6.000000
v -3.040000 -11.970000 6.000000
v -3.040000 -11.750000 6.000000
v -0.960000 -11.970000 6.280000
v -0.960000 -11.750000 6.280000
v -3.040000 -11.750000 6.280000
v -3.040000 -11.970000 6.280000
v -3.200000 -11.950000 0.000000
v -3.200000 -11.750000 0.000000
v -3.200000 -11.750000 6.000000
v -3.200000 -11.950000 6.000000
v -4.800000 -11.750000 0.000000
v -4.800000 -11.950000 0.000000
v -5.000000 -11.950000 0.000000
v -5.000000 -11.750000 0.000000
v -4.800000 -11.950000 6.000000
v -4.800000 -11.750000 6.000000
v -5.000000 -11.750000 6.000000
v -5.000000 -11.950000 6.000000
v -5.000000 -11.950000 5.680000
v -5.000000 -11.750000 5.680000
v -5.000000 -11.750000 0.400000
v -5.000000 -11.950000 0.400000
v -3.380000 -11.820000 0.750000
v -3.380000 -11.950000 0.750000
v -3.520000 -11.950000 0.750000
v -3.520000 -11.820000 0.750000
v -3.380000 -11.950000 5.450000
v -3.380000 -11.820000 5.450000
v -3.520000 -11.820000 5.450000
v -3.520000 -11.950000 5.450000
v -3.930000 -11.820000 0.750000
v -3.930000 -11.950000 0.750000
v -4.070000 -11.950000 0.750000
v -4.070000 -11.820000 0.750000
v -3.930000 -11.950000 5.450000
v -3.930000 -11.820000 5.450000
v -4.070000 -11.820000 5.450000
v -4.070000 -11.950000 5.450000
v -4.480000 -11.820000 0.750000
v -4.480000 -11.950000 0.750000
v -4.620000 -11.950000 0.750000
v -4.620000 -11.820000 0.750000
v -4.480000 -11.950000 5.450000
v -4.480000 -11.820000 5.450000
v -4.620000 -11.820000 5.450000
v -4.620000 -11.950000 5.450000
v -5.000000 -11.890000 0.920000
v -5.000000 -11.750000 0.920000
v -5.000000 -11.750000 1.180000
v -5.000000 -11.890000 1.180000
v -2.960000 -11.750000 6.000000
v -2.960000 -11.970000 6.000000
v -5.040000 -11.970000 6.000000
v -5.040000 -11.750000 6.000000
v -2.960000 -11.970000 6.280000
v -2.960000 -11.750000 6.280000
v -5.040000 -11.750000 6.280000
v -5.040000 -11.970000 6.280000
v -3.450000 -11.830000 1.550000
v -3.450000 -11.950000 1.550000
v -4.550000 -11.950000 1.550000
v -4.550000 -11.830000 1.550000
v -3.450000 -11.950000 3.050000
v -3.450000 -11.830000 3.050000
v -4.550000 -11.830000 3.050000
v -4.550000 -11.950000 3.050000
v -3.490000 -11.760000 2.240000
v -3.490000 -11.900000 2.240000
v -3.910000 -11.900000 2.240000
v -3.910000 -11.760000 2.240000
v -3.490000 -11.900000 2.860000
v -3.490000 -11.760000 2.860000
v -3.910000 -11.760000 2.860000
v -3.910000 -11.900000 2.860000
v -4.190000 -11.760000 2.000000
v -4.190000 -11.880000 2.000000
v -4.490000 -11.880000 2.000000
v -4.490000 -11.760000 2.000000
v -4.190000 -11.880000 2.400000
v -4.190000 -11.760000 2.400000
v -4.490000 -11.760000 2.400000
v -4.490000 -11.880000 2.400000
v -5.200000 -11.950000 0.000000
v -5.200000 -11.750000 0.000000
v -5.200000 -11.750000 6.000000
v -5.200000 -11.950000 6.000000
v -6.800000 -11.750000 0.000000
v -6.800000 -11.950000 0.000000
v -7.000000 -11.950000 0.000000
v -7.000000 -11.750000 0.000000
v -6.800000 -11.950000 6.000000
v -6.800000 -11.750000 6.000000
v -7.000000 -11.750000 6.000000
v -7.000000 -11.950000 6.000000
v -7.000000 -11.950000 5.680000
v -7.000000 -11.750000 5.680000
v -7.000000 -11.750000 0.400000
v -7.000000 -11.950000 0.400000
v -5.380000 -11.820000 0.750000
v -5.380000 -11.950000 0.750000
v -5.520000 -11.950000 0.750000
v -5.520000 -11.820000 0.750000
v -5.380000 -11.950000 5.450000
v -5.380000 -11.820000 5.450000
v -5.520000 -11.820000 5.450000
v -5.520000 -11.950000 5.450000
v -5.930000 -11.820000 0.750000
v -5.930000 -11.950000 0.750000
v -6.070000 -11.950000 0.750000
v -6.070000 -11.820000 0.750000
v -5.930000 -11.950000 5.450000
v -5.930000 -11.820000 5.450000
v -6.070000 -11.820000 5.450000
v -6.070000 -11.950000 5.450000
v -6.480000 -11.820000 0.750000
v -6.480000 -11.950000 0.750000
v -6.620000 -11.950000 0.750000
v -6.620000 -11.820000 0.750000
v -6.480000 -11.950000 5.450000
v -6.480000 -11.820000 5.450000
v -6.620000 -11.820000 5.450000
v -6.620000 -11.950000 5.450000
v -7.000000 -11.890000 0.920000
v -7.000000 -11.750000 0.920000
v -7.000000 -11.750000 1.180000
v -7.000000 -11.890000 1.180000
v -4.960000 -11.750000 6.000000
v -4.960000 -11.970000 6.000000
v -7.040000 -11.970000 6.000000
v -7.040000 -11.750000 6.000000
v -4.960000 -11.970000 6.280000
v -4.960000 -11.750000 6.280000
v -7.040000 -11.750000 6.280000
v -7.040000 -11.970000 6.280000
v -7.200000 -11.950000 0.000000
v -7.200000 -11.750000 0.000000
v -7.200000 -11.750000 6.000000
v -7.200000 -11.950000 6.000000
v -8.800000 -11.750000 0.000000
v -8.800000 -11.950000 0.000000
v -9.000000 -11.950000 0.000000
v -9.000000 -11.750000 0.000000
v -8.800000 -11.950000 6.000000
v -8.800000 -11.750000 6.000000
v -9.000000 -11.750000 6.000000
v -9.000000 -11.950000 6.000000
v -9.000000 -11.950000 5.680000
v -9.000000 -11.750000 5.680000
v -9.000000 -11.750000 0.400000
v -9.000000 -11.950000 0.400000
v -7.380000 -11.820000 0.750000
v -7.380000 -11.950000 0.750000
v -7.520000 -11.950000 0.750000
v -7.520000 -11.820000 0.750000
v -7.380000 -11.950000 5.450000
v -7.380000 -11.820000 5.450000
v -7.520000 -11.820000 5.450000
v -7.520000 -11.950000 5.450000
v -7.930000 -11.820000 0.750000
v -7.930000 -11.950000 0.750000
v -8.070000 -11.950000 0.750000
v -8.070000 -11.820000 0.750000
v -7.930000 -11.950000 5.450000
v -7.930000 -11.820000 5.450000
v -8.070000 -11.820000 5.450000
v -8.070000 -11.950000 5.450000
v -8.480000 -11.820000 0.750000
v -8.480000 -11.950000 0.750000
v -8.620000 -11.950000 0.750000
v -8.620000 -11.820000 0.750000
v -8.480000 -11.950000 5.450000
v -8.480000 -11.820000 5.450000
v -8.620000 -11.820000 5.450000
v -8.620000 -11.950000 5.450000
v -9.000000 -11.890000 0.920000
v -9.000000 -11.750000 0.920000
v -9.000000 -11.750000 1.180000
v -9.000000 -11.890000 1.180000
v -6.960000 -11.750000 6.000000
v -6.960000 -11.970000 6.000000
v -9.040000 -11.970000 6.000000
v -9.040000 -11.750000 6.000000
v -6.960000 -11.970000 6.280000
v -6.960000 -11.750000 6.280000
v -9.040000 -11.750000 6.280000
v -9.040000 -11.970000 6.280000
v -7.550000 -11.850000 2.450000
v -7.550000 -11.950000 2.450000
v -8.450000 -11.950000 2.450000
v -8.450000 -11.850000 2.450000
v -7.550000 -11.950000 3.750000
v -7.550000 -11.850000 3.750000
v -8.450000 -11.850000 3.750000
v -8.450000 -11.950000 3.750000
v -7.650000 -11.790000 2.530000
v -7.650000 -11.840000 2.530000
v -8.350000 -11.840000 2.530000
v -8.350000 -11.790000 2.530000
v -7.650000 -11.840000 2.630000
v -7.650000 -11.790000 2.630000
v -8.350000 -11.790000 2.630000
v -8.350000 -11.840000 2.630000
v -7.650000 -11.790000 2.730000
v -7.650000 -11.840000 2.730000
v -8.350000 -11.840000 2.730000
v -8.350000 -11.790000 2.730000
v -7.650000 -11.840000 2.830000
v -7.650000 -11.790000 2.830000
v -8.350000 -11.790000 2.830000
v -8.350000 -11.840000 2.830000
v -7.650000 -11.790000 2.930000
v -7.650000 -11.840000 2.930000
v -8.350000 -11.840000 2.930000
v -8.350000 -11.790000 2.930000
v -7.650000 -11.840000 3.030000
v -7.650000 -11.790000 3.030000
v -8.350000 -11.790000 3.030000
v -8.350000 -11.840000 3.030000
v -7.650000 -11.790000 3.130000
v -7.650000 -11.840000 3.130000
v -8.350000 -11.840000 3.130000
v -8.350000 -11.790000 3.130000
v -7.650000 -11.840000 3.230000
v -7.650000 -11.790000 3.230000
v -8.350000 -11.790000 3.230000
v -8.350000 -11.840000 3.230000
v -7.650000 -11.790000 3.330000
v -7.650000 -11.840000 3.330000
v -8.350000 -11.840000 3.330000
v -8.350000 -11.790000 3.330000
v -7.650000 -11.840000 3.430000
v -7.650000 -11.790000 3.430000
v -8.350000 -11.790000 3.430000
v -8.350000 -11.840000 3.430000
v -7.650000 -11.790000 3.530000
v -7.650000 -11.840000 3.530000
v -8.350000 -11.840000 3.530000
v -8.350000 -11.790000 3.530000
v -7.650000 -11.840000 3.630000
v -7.650000 -11.790000 3.630000
v -8.350000 -11.790000 3.630000
v -8.350000 -11.840000 3.630000
v -9.200000 -11.950000 0.000000
v -9.200000 -11.750000 0.000000
v -9.200000 -11.750000 6.000000
v -9.200000 -11.950000 6.000000
v -10.800000 -11.750000 0.000000
v -10.800000 -11.950000 0.000000
v -11.000000 -11.950000 0.000000
v -11.000000 -11.750000 0.000000
v -10.800000 -11.950000 6.000000
v -10.800000 -11.750000 6.000000
v -11.000000 -11.750000 6.000000
v -11.000000 -11.950000 6.000000
v -11.000000 -11.950000 5.680000
v -11.000000 -11.750000 5.680000
v -11.000000 -11.750000 0.400000
v -11.000000 -11.950000 0.400000
v -9.380000 -11.820000 0.750000
v -9.380000 -11.950000 0.750000
v -9.520000 -11.950000 0.750000
v -9.520000 -11.820000 0.750000
v -9.380000 -11.950000 5.450000
v -9.380000 -11.820000 5.450000
v -9.520000 -11.820000 5.450000
v -9.520000 -11.950000 5.450000
v -9.930000 -11.820000 0.750000
v -9.930000 -11.950000 0.750000
v -10.070000 -11.950000 0.750000
v -10.070000 -11.820000 0.750000
v -9.930000 -11.950000 5.450000
v -9.930000 -11.820000 5.450000
v -10.070000 -11.820000 5.450000
v -10.070000 -11.950000 5.450000
v -10.480000 -11.820000 0.750000
v -10.480000 -11.950000 0.750000
v -10.620000 -11.950000 0.750000
v -10.620000 -11.820000 0.750000
v -10.480000 -11.950000 5.450000
v -10.480000 -11.820000 5.450000
v -10.620000 -11.820000 5.450000
v -10.620000 -11.950000 5.450000
v -11.000000 -11.890000 0.920000
v -11.000000 -11.750000 0.920000
v -11.000000 -11.750000 1.180000
v -11.000000 -11.890000 1.180000
v -8.960000 -11.750000 6.000000
v -8.960000 -11.970000 6.000000
v -11.040000 -11.970000 6.000000
v -11.040000 -11.750000 6.000000
v -8.960000 -11.970000 6.280000
v -8.960000 -11.750000 6.280000
v -11.040000 -11.750000 6.280000
v -11.040000 -11.970000 6.280000
v 11.950000 -11.950000 0.000000
v 11.950000 11.950000 0.000000
v 11.950000 11.950000 6.000000
v 11.950000 -11.950000 6.000000
v 11.950000 11.000000 0.000000
v 11.950000 10.800000 0.000000
v 11.750000 10.800000 0.000000
v 11.750000 11.000000 0.000000
v 11.950000 10.800000 6.000000
v 11.950000 11.000000 6.000000
v 11.750000 11.000000 6.000000
v 11.750000 10.800000 6.000000
v 11.950000 9.200000 0.000000
v 11.950000 9.000000 0.000000
v 11.750000 9.000000 0.000000
v 11.750000 9.200000 0.000000
v 11.950000 9.000000 6.000000
v 11.950000 9.200000 6.000000
v 11.750000 9.200000 6.000000
v 11.750000 9.000000 6.000000
v 11.950000 11.000000 5.680000
v 11.950000 9.000000 5.680000
v 11.750000 9.000000 5.680000
v 11.750000 11.000000 5.680000
v 11.950000 9.000000 0.400000
v 11.950000 11.000000 0.400000
v 11.750000 11.000000 0.400000
v 11.750000 9.000000 0.400000
v 11.950000 10.620000 0.750000
v 11.950000 10.480000 0.750000
v 11.820000 10.480000 0.750000
v 11.820000 10.620000 0.750000
v 11.950000 10.480000 5.450000
v 11.950000 10.620000 5.450000
v 11.820000 10.620000 5.450000
v 11.820000 10.480000 5.450000
v 11.950000 10.070000 0.750000
v 11.950000 9.930000 0.750000
v 11.820000 9.930000 0.750000
v 11.820000 10.070000 0.750000
v 11.950000 9.930000 5.450000
v 11.950000 10.070000 5.450000
v 11.820000 10.070000 5.450000
v 11.820000 9.930000 5.450000
v 11.950000 9.520000 0.750000
v 11.950000 9.380000 0.750000
v 11.820000 9.380000 0.750000
v 11.820000 9.520000 0.750000
v 11.950000 9.380000 5.450000
v 11.950000 9.520000 5.450000
v 11.820000 9.520000 5.450000
v 11.820000 9.380000 5.450000
v 11.890000 11.000000 0.920000
v 11.890000 9.000000 0.920000
v 11.750000 9.000000 0.920000
v 11.750000 11.000000 0.920000
v 11.890000 9.000000 1.180000
v 11.890000 11.000000 1.180000
v 11.750000 11.000000 1.180000
v 11.750000 9.000000 1.180000
v 11.970000 11.040000 6.000000
v 11.970000 8.960000 6.000000
v 11.750000 8.960000 6.000000
v 11.750000 11.040000 6.000000
v 11.970000 8.960000 6.280000
v 11.970000 11.040000 6.280000
v 11.750000 11.040000 6.280000
v 11.750000 8.960000 6.280000
v 11.950000 8.800000 0.000000
v 11.750000 8.800000 0.000000
v 11.950000 8.800000 6.000000
v 11.750000 8.800000 6.000000
v 11.950000 7.200000 0.000000
v 11.950000 7.000000 0.000000
v 11.750000 7.000000 0.000000
v 11.750000 7.200000 0.000000
v 11.950000 7.000000 6.000000
v 11.950000 7.200000 6.000000
v 11.750000 7.200000 6.000000
v 11.750000 7.000000 6.000000
v 11.950000 7.000000 5.680000
v 11.750000 7.000000 5.680000
v 11.950000 7.000000 0.400000
v 11.750000 7.000000 0.400000
v 11.950000 8.620000 0.750000
v 11.950000 8.480000 0.750000
v 11.820000 8.480000 0.750000
v 11.820000 8.620000 0.750000
v 11.950000 8.480000 5.450000
v 11.950000 8.620000 5.450000
v 11.820000 8.620000 5.450000
v 11.820000 8.480000 5.450000
v 11.950000 8.070000 0.750000
v 11.950000 7.930000 0.750000
v 11.820000 7.930000 0.750000
v 11.820000 8.070000 0.750000
v 11.950000 7.930000 5.450000
v 11.950000 8.070000 5.450000
v 11.820000 8.070000 5.450000
v 11.820000 7.930000 5.450000
v 11.950000 7.520000 0.750000
v 11.950000 7.380000 0.750000
v 11.820000 7.380000 0.750000
v 11.820000 7.520000 0.750000
v 11.950000 7.380000 5.450000
v 11.950000 7.520000 5.450000
v 11.820000 7.520000 5.450000
v 11.820000 7.380000 5.450000
v 11.890000 7.000000 0.920000
v 11.750000 7.000000 0.920000
v 11.890000 7.000000 1.180000
v 11.750000 7.000000 1.180000
v 11.970000 9.040000 6.000000
v 11.970000 6.960000 6.000000
v 11.750000 6.960000 6.000000
v 11.750000 9.040000 6.000000
v 11.970000 6.960000 6.280000
v 11.970000 9.040000 6.280000
v 11.750000 9.040000 6.280000
v 11.750000 6.960000 6.280000
v 11.950000 8.550000 1.550000
v 11.950000 7.450000 1.550000
v 11.830000 7.450000 1.550000
v 11.830000 8.550000 1.550000
v 11.950000 7.450000 3.050000
v 11.950000 8.550000 3.050000
v 11.830000 8.550000 3.050000
v 11.830000 7.450000 3.050000
v 11.900000 8.510000 2.240000
v 11.900000 8.090000 2.240000
v 11.760000 8.090000 2.240000
v 11.760000 8.510000 2.240000
v 11.900000 8.090000 2.860000
v 11.900000 8.510000 2.860000
v 11.760000 8.510000 2.860000
v 11.760000 8.090000 2.860000
v 11.880000 7.810000 2.000000
v 11.880000 7.510000 2.000000
v 11.760000 7.510000 2.000000
v 11.760000 7.810000 2.000000
v 11.880000 7.510000 2.400000
v 11.880000 7.810000 2.400000
v 11.760000 7.810000 2.400000
v 11.760000 7.510000 2.400000
v 11.950000 6.800000 0.000000
v 11.750000 6.800000 0.000000
v 11.950000 6.800000 6.000000
v 11.750000 6.800000 6.000000
v 11.950000 5.200000 0.000000
v 11.950000 5.000000 0.000000
v 11.750000 5.000000 0.000000
v 11.750000 5.200000 0.000000
v 11.950000 5.000000 6.000000
v 11.950000 5.200000 6.000000
v 11.750000 5.200000 6.000000
v 11.750000 5.000000 6.000000
v 11.950000 5.000000 5.680000
v 11.750000 5.000000 5.680000
v 11.950000 5.000000 0.400000
v 11.750000 5.000000 0.400000
v 11.950000 6.620000 0.750000
v 11.950000 6.480000 0.750000
v 11.820000 6.480000 0.750000
v 11.820000 6.620000 0.750000
v 11.950000 6.480000 5.450000
v 11.950000 6.620000 5.450000
v 11.820000 6.620000 5.450000
v 11.820000 6.480000 5.450000
v 11.950000 6.070000 0.750000
v 11.950000 5.930000 0.750000
v 11.820000 5.930000 0.750000
v 11.820000 6.070000 0.750000
v 11.950000 5.930000 5.450000
v 11.950000 6.070000 5.450000
v 11.820000 6.070000 5.450000
v 11.820000 5.930000 5.450000
v 11.950000 5.520000 0.750000
v 11.950000 5.380000 0.750000
v 11.820000 5.380000 0.750000
v 11.820000 5.520000 0.750000
v 11.950000 5.380000 5.450000
v 11.950000 5.520000 5.450000
v 11.820000 5.520000 5.450000
v 11.820000 5.380000 5.450000
v 11.890000 5.000000 0.920000
v 11.750000 5.000000 0.920000
v 11.890000 5.000000 1.180000
v 11.750000 5.000000 1.180000
v 11.970000 7.040000 6.000000
v 11.970000 4.960000 6.000000
v 11.750000 4.960000 6.000000
v 11.750000 7.040000 6.000000
v 11.970000 4.960000 6.280000
v 11.970000 7.040000 6.280000
v 11.750000 7.040000 6.280000
v 11.750000 4.960000 6.280000
v 11.950000 4.800000 0.000000
v 11.750000 4.800000 0.000000
v 11.950000 4.800000 6.000000
v 11.750000 4.800000 6.000000
v 11.950000 3.200000 0.000000
v 11.950000 3.000000 0.000000
v 11.750000 3.000000 0.000000
v 11.750000 3.200000 0.000000
v 11.950000 3.000000 6.000000
v 11.950000 3.200000 6.000000
v 11.750000 3.200000 6.000000
v 11.750000 3.000000 6.000000
v 11.950000 3.000000 5.680000
v 11.750000 3.000000 5.680000
v 11.950000 3.000000 0.400000
v 11.750000 3.000000 0.400000
v 11.950000 4.620000 0.750000
v 11.950000 4.480000 0.750000
v 11.820000 4.480000 0.750000
v 11.820000 4.620000 0.750000
v 11.950000 4.480000 5.450000
v 11.950000 4.620000 5.450000
v 11.820000 4.620000 5.450000
v 11.820000 4.480000 5.450000
v 11.950000 4.070000 0.750000
v 11.950000 3.930000 0.750000
v 11.820000 3.930000 0.750000
v 11.820000 4.070000 0.750000
v 11.950000 3.930000 5.450000
v 11.950000 4.070000 5.450000
v 11.820000 4.070000 5.450000
v 11.820000 3.930000 5.450000
v 11.950000 3.520000 0.750000
v 11.950000 3.380000 0.750000
v 11.820000 3.380000 0.750000
v 11.820000 3.520000 0.750000
v 11.950000 3.380000 5.450000
v 11.950000 3.520000 5.450000
v 11.820000 3.520000 5.450000
v 11.820000 3.380000 5.450000
v 11.890000 3.000000 0.920000
v 11.750000 3.000000 0.920000
v 11.890000 3.000000 1.180000
v 11.750000 3.000000 1.180000
v 11.970000 5.040000 6.000000
v 11.970000 2.960000 6.000000
v 11.750000 2.960000 6.000000
v 11.750000 5.040000 6.000000
v 11.970000 2.960000 6.280000
v 11.970000 5.040000 6.280000
v 11.750000 5.040000 6.280000
v 11.750000 2.960000 6.280000
v 11.950000 4.450000 2.450000
v 11.950000 3.550000 2.450000
v 11.850000 3.550000 2.450000
v 11.850000 4.450000 2.450000
v 11.950000 3.550000 3.750000
v 11.950000 4.450000 3.750000
v 11.850000 4.450000 3.750000
v 11.850000 3.550000 3.750000
v 11.840000 4.350000 2.530000
v 11.840000 3.650000 2.530000
v 11.790000 3.650000 2.530000
v 11.790000 4.350000 2.530000
v 11.840000 3.650000 2.630000
v 11.840000 4.350000 2.630000
v 11.790000 4.350000 2.630000
v 11.790000 3.650000 2.630000
v 11.840000 4.350000 2.730000
v 11.840000 3.650000 2.730000
v 11.790000 3.650000 2.730000
v 11.790000 4.350000 2.730000
v 11.840000 3.650000 2.830000
v 11.840000 4.350000 2.830000
v 11.790000 4.350000 2.830000
v 11.790000 3.650000 2.830000
v 11.840000 4.350000 2.930000
v 11.840000 3.650000 2.930000
v 11.790000 3.650000 2.930000
v 11.790000 4.350000 2.930000
v 11.840000 3.650000 3.030000
v 11.840000 4.350000 3.030000
v 11.790000 4.350000 3.030000
v 11.790000 3.650000 3.030000
v 11.840000 4.350000 3.130000
v 11.840000 3.650000 3.130000
v 11.790000 3.650000 3.130000
v 11.790000 4.350000 3.130000
v 11.840000 3.650000 3.230000
v 11.840000 4.350000 3.230000
v 11.790000 4.350000 3.230000
v 11.790000 3.650000 3.230000
v 11.840000 4.350000 3.330000
v 11.840000 3.650000 3.330000
v 11.790000 3.650000 3.330000
v 11.790000 4.350000 3.330000
v 11.840000 3.650000 3.430000
v 11.840000 4.350000 3.430000
v 11.790000 4.350000 3.430000
v 11.790000 3.650000 3.430000
v 11.840000 4.350000 3.530000
v 11.840000 3.650000 3.530000
v 11.790000 3.650000 3.530000
v 11.790000 4.350000 3.530000
v 11.840000 3.650000 3.630000
v 11.840000 4.350000 3.630000
v 11.790000 4.350000 3.630000
v 11.790000 3.650000 3.630000
v 11.950000 2.800000 0.000000
v 11.750000 2.800000 0.000000
v 11.950000 2.800000 6.000000
v 11.750000 2.800000 6.000000
v 11.950000 1.200000 0.000000
v 11.950000 1.000000 0.000000
v 11.750000 1.000000 0.000000
v 11.750000 1.200000 0.000000
v 11.950000 1.000000 6.000000
v 11.950000 1.200000 6.000000
v 11.750000 1.200000 6.000000
v 11.750000 1.000000 6.000000
v 11.950000 1.000000 5.680000
v 11.750000 1.000000 5.680000
v 11.950000 1.000000 0.400000
v 11.750000 1.000000 0.400000
v 11.950000 2.620000 0.750000
v 11.950000 2.480000 0.750000
v 11.820000 2.480000 0.750000
v 11.820000 2.620000 0.750000
v 11.950000 2.480000 5.450000
v 11.950000 2.620000 5.450000
v 11.820000 2.620000 5.450000
v 11.820000 2.480000 5.450000
v 11.950000 2.070000 0.750000
v 11.950000 1.930000 0.750000
v 11.820000 1.930000 0.750000
v 11.820000 2.070000 0.750000
v 11.950000 1.930000 5.450000
v 11.950000 2.070000 5.450000
v 11.820000 2.070000 5.450000
v 11.820000 1.930000 5.450000
v 11.950000 1.520000 0.750000
v 11.950000 1.380000 0.750000
v 11.820000 1.380000 0.750000
v 11.820000 1.520000 0.750000
v 11.950000 1.380000 5.450000
v 11.950000 1.520000 5.450000
v 11.820000 1.520000 5.450000
v 11.820000 1.380000 5.450000
v 11.890000 1.000000 0.920000
v 11.750000 1.000000 0.920000
v 11.890000 1.000000 1.180000
v 11.750000 1.000000 1.180000
v 11.970000 3.040000 6.000000
v 11.970000 0.960000 6.000000
v 11.750000 0.960000 6.000000
v 11.750000 3.040000 6.000000
v 11.970000 0.960000 6.280000
v 11.970000 3.040000 6.280000
v 11.750000 3.040000 6.280000
v 11.750000 0.960000 6.280000
v 11.950000 0.800000 0.000000
v 11.750000 0.800000 0.000000
v 11.950000 0.800000 6.000000
v 11.750000 0.800000 6.000000
v 11.950000 -0.800000 0.000000
v 11.950000 -1.000000 0.000000
v 11.750000 -1.000000 0.000000
v 11.750000 -0.800000 0.000000
v 11.950000 -1.000000 6.000000
v 11.950000 -0.800000 6.000000
v 11.750000 -0.800000 6.000000
v 11.750000 -1.000000 6.000000
v 11.950000 -1.000000 5.680000
v 11.750000 -1.000000 5.680000
v 11.950000 -1.000000 0.400000
v 11.750000 -1.000000 0.400000
v 11.950000 0.620000 0.750000
v 11.950000 0.480000 0.750000
v 11.820000 0.480000 0.750000
v 11.820000 0.620000 0.750000
v 11.950000 0.480000 5.450000
v 11.950000 0.620000 5.450000
v 11.820000 0.620000 5.450000
v 11.820000 0.480000 5.450000
v 11.950000 0.070000 0.750000
v 11.950000 -0.070000 0.750000
v 11.820000 -0.070000 0.750000
v 11.820000 0.070000 0.750000
v 11.950000 -0.070000 5.450000
v 11.950000 0.070000 5.450000
v 11.820000 0.070000 5.450000
v 11.820000 -0.070000 5.450000
v 11.950000 -0.480000 0.750000
v 11.950000 -0.620000 0.750000
v 11.820000 -0.620000 0.750000
v 11.820000 -0.480000 0.750000
v 11.950000 -0.620000 5.450000
v 11.950000 -0.480000 5.450000
v 11.820000 -0.480000 5.450000
v 11.820000 -0.620000 5.450000
v 11.890000 -1.000000 0.920000
v 11.750000 -1.000000 0.920000
v 11.890000 -1.000000 1.180000
v 11.750000 -1.000000 1.180000
v 11.970000 1.040000 6.000000
v 11.970000 -1.040000 6.000000
v 11.750000 -1.040000 6.000000
v 11.750000 1.040000 6.000000
v 11.970000 -1.040000 6.280000
v 11.970000 1.040000 6.280000
v 11.750000 1.040000 6.280000
v 11.750000 -1.040000 6.280000
v 11.950000 0.850000 3.350000
v 11.950000 -0.850000 3.350000
v 11.870000 -0.850000 3.350000
v 11.870000 0.850000 3.350000
v 11.950000 -0.850000 3.450000
v 11.950000 0.850000 3.450000
v 11.870000 0.850000 3.450000
v 11.870000 -0.850000 3.450000
v 11.950000 0.700000 3.750000
v 11.950000 -0.700000 3.750000
v 11.900000 -0.700000 3.750000
v 11.900000 0.700000 3.750000
v 11.950000 -0.700000 4.850000
v 11.950000 0.700000 4.850000
v 11.900000 0.700000 4.850000
v 11.900000 -0.700000 4.850000
v 11.950000 -1.200000 0.000000
v 11.750000 -1.200000 0.000000
v 11.950000 -1.200000 6.000000
v 11.750000 -1.200000 6.000000
v 11.950000 -2.800000 0.000000
v 11.950000 -3.000000 0.000000
v 11.750000 -3.000000 0.000000
v 11.750000 -2.800000 0.000000
v 11.950000 -3.000000 6.000000
v 11.950000 -2.800000 6.000000
v 11.750000 -2.800000 6.000000
v 11.750000 -3.000000 6.000000
v 11.950000 -3.000000 5.680000
v 11.750000 -3.000000 5.680000
v 11.950000 -3.000000 0.400000
v 11.750000 -3.000000 0.400000
v 11.950000 -1.380000 0.750000
v 11.950000 -1.520000 0.750000
v 11.820000 -1.520000 0.750000
v 11.820000 -1.380000 0.750000
v 11.950000 -1.520000 5.450000
v 11.950000 -1.380000 5.450000
v 11.820000 -1.380000 5.450000
v 11.820000 -1.520000 5.450000
v 11.950000 -1.930000 0.750000
v 11.950000 -2.070000 0.750000
v 11.820000 -2.070000 0.750000
v 11.820000 -1.930000 0.750000
v 11.950000 -2.070000 5.450000
v 11.950000 -1.930000 5.450000
v 11.820000 -1.930000 5.450000
v 11.820000 -2.070000 5.450000
v 11.950000 -2.480000 0.750000
v 11.950000 -2.620000 0.750000
v 11.820000 -2.620000 0.750000
v 11.820000 -2.480000 0.750000
v 11.950000 -2.620000 5.450000
v 11.950000 -2.480000 5.450000
v 11.820000 -2.480000 5.450000
v 11.820000 -2.620000 5.450000
v 11.890000 -3.000000 0.920000
v 11.750000 -3.000000 0.920000
v 11.890000 -3.000000 1.180000
v 11.750000 -3.000000 1.180000
v 11.970000 -0.960000 6.000000
v 11.970000 -3.040000 6.000000
v 11.750000 -3.040000 6.000000
v 11.750000 -0.960000 6.000000
v 11.970000 -3.040000 6.280000
v 11.970000 -0.960000 6.280000
v 11.750000 -0.960000 6.280000
v 11.750000 -3.040000 6.280000
v 11.950000 -3.200000 0.000000
v 11.750000 -3.200000 0.000000
v 11.950000 -3.200000 6.000000
v 11.750000 -3.200000 6.000000
v 11.950000 -4.800000 0.000000
v 11.950000 -5.000000 0.000000
v 11.750000 -5.000000 0.000000
v 11.750000 -4.800000 0.000000
v 11.950000 -5.000000 6.000000
v 11.950000 -4.800000 6.000000
v 11.750000 -4.800000 6.000000
v 11.750000 -5.000000 6.000000
v 11.950000 -5.000000 5.680000
v 11.750000 -5.000000 5.680000
v 11.950000 -5.000000 0.400000
v 11.750000 -5.000000 0.400000
v 11.950000 -3.380000 0.750000
v 11.950000 -3.520000 0.750000
v 11.820000 -3.520000 0.750000
v 11.820000 -3.380000 0.750000
v 11.950000 -3.520000 5.450000
v 11.950000 -3.380000 5.450000
v 11.820000 -3.380000 5.450000
v 11.820000 -3.520000 5.450000
v 11.950000 -3.930000 0.750000
v 11.950000 -4.070000 0.750000
v 11.820000 -4.070000 0.750000
v 11.820000 -3.930000 0.750000
v 11.950000 -4.070000 5.450000
v 11.950000 -3.930000 5.450000
v 11.820000 -3.930000 5.450000
v 11.820000 -4.070000 5.450000
v 11.950000 -4.480000 0.750000
v 11.950000 -4.620000 0.750000
v 11.820000 -4.620000 0.750000
v 11.820000 -4.480000 0.750000
v 11.950000 -4.620000 5.450000
v 11.950000 -4.480000 5.450000
v 11.820000 -4.480000 5.450000
v 11.820000 -4.620000 5.450000
v 11.890000 -5.000000 0.920000
v 11.750000 -5.000000 0.920000
v 11.890000 -5.000000 1.180000
v 11.750000 -5.000000 1.180000
v 11.970000 -2.960000 6.000000
v 11.970000 -5.040000 6.000000
v 11.750000 -5.040000 6.000000
v 11.750000 -2.960000 6.000000
v 11.970000 -5.040000 6.280000
v 11.970000 -2.960000 6.280000
v 11.750000 -2.960000 6.280000
v 11.750000 -5.040000 6.280000
v 11.950000 -3.450000 1.550000
v 11.950000 -4.550000 1.550000
v 11.830000 -4.550000 1.550000
v 11.830000 -3.450000 1.550000
v 11.950000 -4.550000 3.050000
v 11.950000 -3.450000 3.050000
v 11.830000 -3.450000 3.050000
v 11.830000 -4.550000 3.050000
v 11.900000 -3.490000 2.240000
v 11.900000 -3.910000 2.240000
v 11.760000 -3.910000 2.240000
v 11.760000 -3.490000 2.240000
v 11.900000 -3.910000 2.860000
v 11.900000 -3.490000 2.860000
v 11.760000 -3.490000 2.860000
v 11.760000 -3.910000 2.860000
v 11.880000 -4.190000 2.000000
v 11.880000 -4.490000 2.000000
v 11.760000 -4.490000 2.000000
v 11.760000 -4.190000 2.000000
v 11.880000 -4.490000 2.400000
v 11.880000 -4.190000 2.400000
v 11.760000 -4.190000 2.400000
v 11.760000 -4.490000 2.400000
v 11.950000 -5.200000 0.000000
v 11.750000 -5.200000 0.000000
v 11.950000 -5.200000 6.000000
v 11.750000 -5.200000 6.000000
v 11.950000 -6.800000 0.000000
v 11.950000 -7.000000 0.000000
v 11.750000 -7.000000 0.000000
v 11.750000 -6.800000 0.000000
v 11.950000 -7.000000 6.000000
v 11.950000 -6.800000 6.000000
v 11.750000 -6.800000 6.000000
v 11.750000 -7.000000 6.000000
v 11.950000 -7.000000 5.680000
v 11.750000 -7.000000 5.680000
v 11.950000 -7.000000 0.400000
v 11.750000 -7.000000 0.400000
v 11.950000 -5.380000 0.750000
v 11.950000 -5.520000 0.750000
v 11.820000 -5.520000 0.750000
v 11.820000 -5.380000 0.750000
v 11.950000 -5.520000 5.450000
v 11.950000 -5.380000 5.450000
v 11.820000 -5.380000 5.450000
v 11.820000 -5.520000 5.450000
v 11.950000 -5.930000 0.750000
v 11.950000 -6.070000 0.750000
v 11.820000 -6.070000 0.750000
v 11.820000 -5.930000 0.750000
v 11.950000 -6.070000 5.450000
v 11.950000 -5.930000 5.450000
v 11.820000 -5.930000 5.450000
v 11.820000 -6.070000 5.450000
v 11.950000 -6.480000 0.750000
v 11.950000 -6.620000 0.750000
v 11.820000 -6.620000 0.750000
v 11.820000 -6.480000 0.750000
v 11.950000 -6.620000 5.450000
v 11.950000 -6.480000 5.450000
v 11.820000 -6.480000 5.450000
v 11.820000 -6.620000 5.450000
v 11.890000 -7.000000 0.920000
v 11.750000 -7.000000 0.920000
v 11.890000 -7.000000 1.180000
v 11.750000 -7.000000 1.180000
v 11.970000 -4.960000 6.000000
v 11.970000 -7.040000 6.000000
v 11.750000 -7.040000 6.000000
v 11.750000 -4.960000 6.000000
v 11.970000 -7.040000 6.280000
v 11.970000 -4.960000 6.280000
v 11.750000 -4.960000 6.280000
v 11.750000 -7.040000 6.280000
v 11.950000 -7.200000 0.000000
v 11.750000 -7.200000 0.000000
v 11.950000 -7.200000 6.000000
v 11.750000 -7.200000 6.000000
v 11.950000 -8.800000 0.000000
v 11.950000 -9.000000 0.000000
v 11.750000 -9.000000 0.000000
v 11.750000 -8.800000 0.000000
v 11.950000 -9.000000 6.000000
v 11.950000 -8.800000 6.000000
v 11.750000 -8.800000 6.000000
v 11.750000 -9.000000 6.000000
v 11.950000 -9.000000 5.680000
v 11.750000 -9.000000 5.680000
v 11.950000 -9.000000 0.400000
v 11.750000 -9.000000 0.400000
v 11.950000 -7.380000 0.750000
v 11.950000 -7.520000 0.750000
v 11.820000 -7.520000 0.750000
v 11.820000 -7.380000 0.750000
v 11.950000 -7.520000 5.450000
v 11.950000 -7.380000 5.450000
v 11.820000 -7.380000 5.450000
v 11.820000 -7.520000 5.450000
v 11.950000 -7.930000 0.750000
v 11.950000 -8.070000 0.750000
v 11.820000 -8.070000 0.750000
v 11.820000 -7.930000 0.750000
v 11.950000 -8.070000 5.450000
v 11.950000 -7.930000 5.450000
v 11.820000 -7.930000 5.450000
v 11.820000 -8.070000 5.450000
v 11.950000 -8.480000 0.750000
v 11.950000 -8.620000 0.750000
v 11.820000 -8.620000 0.750000
v 11.820000 -8.480000 0.750000
v 11.950000 -8.620000 5.450000
v 11.950000 -8.480000 5.450000
v 11.820000 -8.480000 5.450000
v 11.820000 -8.620000 5.450000
v 11.890000 -9.000000 0.920000
v 11.750000 -9.000000 0.920000
v 11.890000 -9.000000 1.180000
v 11.750000 -9.000000 1.180000
v 11.970000 -6.960000 6.000000
v 11.970000 -9.040000 6.000000
v 11.750000 -9.040000 6.000000
v 11.750000 -6.960000 6.000000
v 11.970000 -9.040000 6.280000
v 11.970000 -6.960000 6.280000
v 11.750000 -6.960000 6.280000
v 11.750000 -9.040000 6.280000
v 11.950000 -7.550000 2.450000
v 11.950000 -8.450000 2.450000
v 11.850000 -8.450000 2.450000
v 11.850000 -7.550000 2.450000
v 11.950000 -8.450000 3.750000
v 11.950000 -7.550000 3.750000
v 11.850000 -7.550000 3.750000
v 11.850000 -8.450000 3.750000
v 11.840000 -7.650000 2.530000
v 11.840000 -8.350000 2.530000
v 11.790000 -8.350000 2.530000
v 11.790000 -7.650000 2.530000
v 11.840000 -8.350000 2.630000
v 11.840000 -7.650000 2.630000
v 11.790000 -7.650000 2.630000
v 11.790000 -8.350000 2.630000
v 11.840000 -7.650000 2.730000
v 11.840000 -8.350000 2.730000
v 11.790000 -8.350000 2.730000
v 11.790000 -7.650000 2.730000
v 11.840000 -8.350000 2.830000
v 11.840000 -7.650000 2.830000
v 11.790000 -7.650000 2.830000
v 11.790000 -8.350000 2.830000
v 11.840000 -7.650000 2.930000
v 11.840000 -8.350000 2.930000
v 11.790000 -8.350000 2.930000
v 11.790000 -7.650000 2.930000
v 11.840000 -8.350000 3.030000
v 11.840000 -7.650000 3.030000
v 11.790000 -7.650000 3.030000
v 11.790000 -8.350000 3.030000
v 11.840000 -7.650000 3.130000
v 11.840000 -8.350000 3.130000
v 11.790000 -8.350000 3.130000
v 11.790000 -7.650000 3.130000
v 11.840000 -8.350000 3.230000
v 11.840000 -7.650000 3.230000
v 11.790000 -7.650000 3.230000
v 11.790000 -8.350000 3.230000
v 11.840000 -7.650000 3.330000
v 11.840000 -8.350000 3.330000
v 11.790000 -8.350000 3.330000
v 11.790000 -7.650000 3.330000
v 11.840000 -8.350000 3.430000
v 11.840000 -7.650000 3.430000
v 11.790000 -7.650000 3.430000
v 11.790000 -8.350000 3.430000
v 11.840000 -7.650000 3.530000
v 11.840000 -8.350000 3.530000
v 11.790000 -8.350000 3.530000
v 11.790000 -7.650000 3.530000
v 11.840000 -8.350000 3.630000
v 11.840000 -7.650000 3.630000
v 11.790000 -7.650000 3.630000
v 11.790000 -8.350000 3.630000
v 11.950000 -9.200000 0.000000
v 11.750000 -9.200000 0.000000
v 11.950000 -9.200000 6.000000
v 11.750000 -9.200000 6.000000
v 11.950000 -10.800000 0.000000
v 11.950000 -11.000000 0.000000
v 11.750000 -11.000000 0.000000
v 11.750000 -10.800000 0.000000
v 11.950000 -11.000000 6.000000
v 11.950000 -10.800000 6.000000
v 11.750000 -10.800000 6.000000
v 11.750000 -11.000000 6.000000
v 11.950000 -11.000000 5.680000
v 11.750000 -11.000000 5.680000
v 11.950000 -11.000000 0.400000
v 11.750000 -11.000000 0.400000
v 11.950000 -9.380000 0.750000
v 11.950000 -9.520000 0.750000
v 11.820000 -9.520000 0.750000
v 11.820000 -9.380000 0.750000
v 11.950000 -9.520000 5.450000
v 11.950000 -9.380000 5.450000
v 11.820000 -9.380000 5.450000
v 11.820000 -9.520000 5.450000
v 11.950000 -9.930000 0.750000
v 11.950000 -10.070000 0.750000
v 11.820000 -10.070000 0.750000
v 11.820000 -9.930000 0.750000
v 11.950000 -10.070000 5.450000
v 11.950000 -9.930000 5.450000
v 11.820000 -9.930000 5.450000
v 11.820000 -10.070000 5.450000
v 11.950000 -10.480000 0.750000
v 11.950000 -10.620000 0.750000
v 11.820000 -10.620000 0.750000
v 11.820000 -10.480000 0.750000
v 11.950000 -10.620000 5.450000
v 11.950000 -10.480000 5.450000
v 11.820000 -10.480000 5.450000
v 11.820000 -10.620000 5.450000
v 11.890000 -11.000000 0.920000
v 11.750000 -11.000000 0.920000
v 11.890000 -11.000000 1.180000
v 11.750000 -11.000000 1.180000
v 11.970000 -8.960000 6.000000
v 11.970000 -11.040000 6.000000
v 11.750000 -11.040000 6.000000
v 11.750000 -8.960000 6.000000
v 11.970000 -11.040000 6.280000
v 11.970000 -8.960000 6.280000
v 11.750000 -8.960000 6.280000
v 11.750000 -11.040000 6.280000
v -11.950000 11.950000 0.000000
v -11.950000 -11.950000 0.000000
v -11.950000 -11.950000 6.000000
v -11.950000 11.950000 6.000000
v -11.750000 -10.800000 0.000000
v -11.750000 -11.000000 0.000000
v -11.950000 -11.000000 0.000000
v -11.950000 -10.800000 0.000000
v -11.750000 -11.000000 6.000000
v -11.750000 -10.800000 6.000000
v -11.950000 -10.800000 6.000000
v -11.950000 -11.000000 6.000000
v -11.750000 -9.000000 0.000000
v -11.750000 -9.200000 0.000000
v -11.950000 -9.200000 0.000000
v -11.950000 -9.000000 0.000000
v -11.750000 -9.200000 6.000000
v -11.750000 -9.000000 6.000000
v -11.950000 -9.000000 6.000000
v -11.950000 -9.200000 6.000000
v -11.750000 -9.000000 5.680000
v -11.750000 -11.000000 5.680000
v -11.950000 -11.000000 5.680000
v -11.950000 -9.000000 5.680000
v -11.750000 -11.000000 0.400000
v -11.750000 -9.000000 0.400000
v -11.950000 -9.000000 0.400000
v -11.950000 -11.000000 0.400000
v -11.820000 -10.480000 0.750000
v -11.820000 -10.620000 0.750000
v -11.950000 -10.620000 0.750000
v -11.950000 -10.480000 0.750000
v -11.820000 -10.620000 5.450000
v -11.820000 -10.480000 5.450000
v -11.950000 -10.480000 5.450000
v -11.950000 -10.620000 5.450000
v -11.820000 -9.930000 0.750000
v -11.820000 -10.070000 0.750000
v -11.950000 -10.070000 0.750000
v -11.950000 -9.930000 0.750000
v -11.820000 -10.070000 5.450000
v -11.820000 -9.930000 5.450000
v -11.950000 -9.930000 5.450000
v -11.950000 -10.070000 5.450000
v -11.820000 -9.380000 0.750000
v -11.820000 -9.520000 0.750000
v -11.950000 -9.520000 0.750000
v -11.950000 -9.380000 0.750000
v -11.820000 -9.520000 5.450000
v -11.820000 -9.380000 5.450000
v -11.950000 -9.380000 5.450000
v -11.950000 -9.520000 5.450000
v -11.750000 -9.000000 0.920000
v -11.750000 -11.000000 0.920000
v -11.890000 -11.000000 0.920000
v -11.890000 -9.000000 0.920000
v -11.750000 -11.000000 1.180000
v -11.750000 -9.000000 1.180000
v -11.890000 -9.000000 1.180000
v -11.890000 -11.000000 1.180000
v -11.750000 -8.960000 6.000000
v -11.750000 -11.040000 6.000000
v -11.970000 -11.040000 6.000000
v -11.970000 -8.960000 6.000000
v -11.750000 -11.040000 6.280000
v -11.750000 -8.960000 6.280000
v -11.970000 -8.960000 6.280000
v -11.970000 -11.040000 6.280000
v -11.750000 -8.800000 0.000000
v -11.950000 -8.800000 0.000000
v -11.750000 -8.800000 6.000000
v -11.950000 -8.800000 6.000000
v -11.750000 -7.000000 0.000000
v -11.750000 -7.200000 0.000000
v -11.950000 -7.200000 0.000000
v -11.950000 -7.000000 0.000000
v -11.750000 -7.200000 6.000000
v -11.750000 -7.000000 6.000000
v -11.950000 -7.000000 6.000000
v -11.950000 -7.200000 6.000000
v -11.750000 -7.000000 5.680000
v -11.950000 -7.000000 5.680000
v -11.750000 -7.000000 0.400000
v -11.950000 -7.000000 0.400000
v -11.820000 -8.480000 0.750000
v -11.820000 -8.620000 0.750000
v -11.950000 -8.620000 0.750000
v -11.950000 -8.480000 0.750000
v -11.820000 -8.620000 5.450000
v -11.820000 -8.480000 5.450000
v -11.950000 -8.480000 5.450000
v -11.950000 -8.620000 5.450000
v -11.820000 -7.930000 0.750000
v -11.820000 -8.070000 0.750000
v -11.950000 -8.070000 0.750000
v -11.950000 -7.930000 0.750000
v -11.820000 -8.070000 5.450000
v -11.820000 -7.930000 5.450000
v -11.950000 -7.930000 5.450000
v -11.950000 -8.070000 5.450000
v -11.820000 -7.380000 0.750000
v -11.820000 -7.520000 0.750000
v -11.950000 -7.520000 0.750000
v -11.950000 -7.380000 0.750000
v -11.820000 -7.520000 5.450000
v -11.820000 -7.380000 5.450000
v -11.950000 -7.380000 5.450000
v -11.950000 -7.520000 5.450000
v -11.750000 -7.000000 0.920000
v -11.890000 -7.000000 0.920000
v -11.750000 -7.000000 1.180000
v -11.890000 -7.000000 1.180000
v -11.750000 -6.960000 6.000000
v -11.750000 -9.040000 6.000000
v -11.970000 -9.040000 6.000000
v -11.970000 -6.960000 6.000000
v -11.750000 -9.040000 6.280000
v -11.750000 -6.960000 6.280000
v -11.970000 -6.960000 6.280000
v -11.970000 -9.040000 6.280000
v -11.830000 -7.450000 1.550000
v -11.830000 -8.550000 1.550000
v -11.950000 -8.550000 1.550000
v -11.950000 -7.450000 1.550000
v -11.830000 -8.550000 3.050000
v -11.830000 -7.450000 3.050000
v -11.950000 -7.450000 3.050000
v -11.950000 -8.550000 3.050000
v -11.760000 -8.090000 2.240000
v -11.760000 -8.510000 2.240000
v -11.900000 -8.510000 2.240000
v -11.900000 -8.090000 2.240000
v -11.760000 -8.510000 2.860000
v -11.760000 -8.090000 2.860000
v -11.900000 -8.090000 2.860000
v -11.900000 -8.510000 2.860000
v -11.760000 -7.510000 2.000000
v -11.760000 -7.810000 2.000000
v -11.880000 -7.810000 2.000000
v -11.880000 -7.510000 2.000000
v -11.760000 -7.810000 2.400000
v -11.760000 -7.510000 2.400000
v -11.880000 -7.510000 2.400000
v -11.880000 -7.810000 2.400000
v -11.750000 -6.800000 0.000000
v -11.950000 -6.800000 0.000000
v -11.750000 -6.800000 6.000000
v -11.950000 -6.800000 6.000000
v -11.750000 -5.000000 0.000000
v -11.750000 -5.200000 0.000000
v -11.950000 -5.200000 0.000000
v -11.950000 -5.000000 0.000000
v -11.750000 -5.200000 6.000000
v -11.750000 -5.000000 6.000000
v -11.950000 -5.000000 6.000000
v -11.950000 -5.200000 6.000000
v -11.750000 -5.000000 5.680000
v -11.950000 -5.000000 5.680000
v -11.750000 -5.000000 0.400000
v -11.950000 -5.000000 0.400000
v -11.820000 -6.480000 0.750000
v -11.820000 -6.620000 0.750000
v -11.950000 -6.620000 0.750000
v -11.950000 -6.480000 0.750000
v -11.820000 -6.620000 5.450000
v -11.820000 -6.480000 5.450000
v -11.950000 -6.480000 5.450000
v -11.950000 -6.620000 5.450000
v -11.820000 -5.930000 0.750000
v -11.820000 -6.070000 0.750000
v -11.950000 -6.070000 0.750000
v -11.950000 -5.930000 0.750000
v -11.820000 -6.070000 5.450000
v -11.820000 -5.930000 5.450000
v -11.950000 -5.930000 5.450000
v -11.950000 -6.070000 5.450000
v -11.820000 -5.380000 0.750000
v -11.820000 -5.520000 0.750000
v -11.950000 -5.520000 0.750000
v -11.950000 -5.380000 0.750000
v -11.820000 -5.520000 5.450000
v -11.820000 -5.380000 5.450000
v -11.950000 -5.380000 5.450000
v -11.950000 -5.520000 5.450000
v -11.750000 -5.000000 0.920000
v -11.890000 -5.000000 0.920000
v -11.750000 -5.000000 1.180000
v -11.890000 -5.000000 1.180000
v -11.750000 -4.960000 6.000000
v -11.750000 -7.040000 6.000000
v -11.970000 -7.040000 6.000000
v -11.970000 -4.960000 6.000000
v -11.750000 -7.040000 6.280000
v -11.750000 -4.960000 6.280000
v -11.970000 -4.960000 6.280000
v -11.970000 -7.040000 6.280000
v -11.750000 -4.800000 0.000000
v -11.950000 -4.800000 0.000000
v -11.750000 -4.800000 6.000000
v -11.950000 -4.800000 6.000000
v -11.750000 -3.000000 0.000000
v -11.750000 -3.200000 0.000000
v -11.950000 -3.200000 0.000000
v -11.950000 -3.000000 0.000000
v -11.750000 -3.200000 6.000000
v -11.750000 -3.000000 6.000000
v -11.950000 -3.000000 6.000000
v -11.950000 -3.200000 6.000000
v -11.750000 -3.000000 5.680000
v -11.950000 -3.000000 5.680000
v -11.750000 -3.000000 0.400000
v -11.950000 -3.000000 0.400000
v -11.820000 -4.480000 0.750000
v -11.820000 -4.620000 0.750000
v -11.950000 -4.620000 0.750000
v -11.950000 -4.480000 0.750000
v -11.820000 -4.620000 5.450000
v -11.820000 -4.480000 5.450000
v -11.950000 -4.480000 5.450000
v -11.950000 -4.620000 5.450000
v -11.820000 -3.930000 0.750000
v -11.820000 -4.070000 0.750000
v -11.950000 -4.070000 0.750000
v -11.950000 -3.930000 0.750000
v -11.820000 -4.070000 5.450000
v -11.820000 -3.930000 5.450000
v -11.950000 -3.930000 5.450000
v -11.950000 -4.070000 5.450000
v -11.820000 -3.380000 0.750000
v -11.820000 -3.520000 0.750000
v -11.950000 -3.520000 0.750000
v -11.950000 -3.380000 0.750000
v -11.820000 -3.520000 5.450000
v -11.820000 -3.380000 5.450000
v -11.950000 -3.380000 5.450000
v -11.950000 -3.520000 5.450000
v -11.750000 -3.000000 0.920000
v -11.890000 -3.000000 0.920000
v -11.750000 -3.000000 1.180000
v -11.890000 -3.000000 1.180000
v -11.750000 -2.960000 6.000000
v -11.750000 -5.040000 6.000000
v -11.970000 -5.040000 6.000000
v -11.970000 -2.960000 6.000000
v -11.750000 -5.040000 6.280000
v -11.750000 -2.960000 6.280000
v -11.970000 -2.960000 6.280000
v -11.970000 -5.040000 6.280000
v -11.850000 -3.550000 2.450000
v -11.850000 -4.450000 2.450000
v -11.950000 -4.450000 2.450000
v -11.950000 -3.550000 2.450000
v -11.850000 -4.450000 3.750000
v -11.850000 -3.550000 3.750000
v -11.950000 -3.550000 3.750000
v -11.950000 -4.450000 3.750000
v -11.790000 -3.650000 2.530000
v -11.790000 -4.350000 2.530000
v -11.840000 -4.350000 2.530000
v -11.840000 -3.650000 2.530000
v -11.790000 -4.350000 2.630000
v -11.790000 -3.650000 2.630000
v -11.840000 -3.650000 2.630000
v -11.840000 -4.350000 2.630000
v -11.790000 -3.650000 2.730000
v -11.790000 -4.350000 2.730000
v -11.840000 -4.350000 2.730000
v -11.840000 -3.650000 2.730000
v -11.790000 -4.350000 2.830000
v -11.790000 -3.650000 2.830000
v -11.840000 -3.650000 2.830000
v -11.840000 -4.350000 2.830000
v -11.790000 -3.650000 2.930000
v -11.790000 -4.350000 2.930000
v -11.840000 -4.350000 2.930000
v -11.840000 -3.650000 2.930000
v -11.790000 -4.350000 3.030000
v -11.790000 -3.650000 3.030000
v -11.840000 -3.650000 3.030000
v -11.840000 -4.350000 3.030000
v -11.790000 -3.650000 3.130000
v -11.790000 -4.350000 3.130000
v -11.840000 -4.350000 3.130000
v -11.840000 -3.650000 3.130000
v -11.790000 -4.350000 3.230000
v -11.790000 -3.650000 3.230000
v -11.840000 -3.650000 3.230000
v -11.840000 -4.350000 3.230000
v -11.790000 -3.650000 3.330000
v -11.790000 -4.350000 3.330000
v -11.840000 -4.350000 3.330000
v -11.840000 -3.650000 3.330000
v -11.790000 -4.350000 3.430000
v -11.790000 -3.650000 3.430000
v -11.840000 -3.650000 3.430000
v -11.840000 -4.350000 3.430000
v -11.790000 -3.650000 3.530000
v -11.790000 -4.350000 3.530000
v -11.840000 -4.350000 3.530000
v -11.840000 -3.650000 3.530000
v -11.790000 -4.350000 3.630000
v -11.790000 -3.650000 3.630000
v -11.840000 -3.650000 3.630000
v -11.840000 -4.350000 3.630000
v -11.750000 -2.800000 0.000000
v -11.950000 -2.800000 0.000000
v -11.750000 -2.800000 6.000000
v -11.950000 -2.800000 6.000000
v -11.750000 -1.000000 0.000000
v -11.750000 -1.200000 0.000000
v -11.950000 -1.200000 0.000000
v -11.950000 -1.000000 0.000000
v -11.750000 -1.200000 6.000000
v -11.750000 -1.000000 6.000000
v -11.950000 -1.000000 6.000000
v -11.950000 -1.200000 6.000000
v -11.750000 -1.000000 5.680000
v -11.950000 -1.000000 5.680000
v -11.750000 -1.000000 0.400000
v -11.950000 -1.000000 0.400000
v -11.820000 -2.480000 0.750000
v -11.820000 -2.620000 0.750000
v -11.950000 -2.620000 0.750000
v -11.950000 -2.480000 0.750000
v -11.820000 -2.620000 5.450000
v -11.820000 -2.480000 5.450000
v -11.950000 -2.480000 5.450000
v -11.950000 -2.620000 5.450000
v -11.820000 -1.930000 0.750000
v -11.820000 -2.070000 0.750000
v -11.950000 -2.070000 0.750000
v -11.950000 -1.930000 0.750000
v -11.820000 -2.070000 5.450000
v -11.820000 -1.930000 5.450000
v -11.950000 -1.930000 5.450000
v -11.950000 -2.070000 5.450000
v -11.820000 -1.380000 0.750000
v -11.820000 -1.520000 0.750000
v -11.950000 -1.520000 0.750000
v -11.950000 -1.380000 0.750000
v -11.820000 -1.520000 5.450000
v -11.820000 -1.380000 5.450000
v -11.950000 -1.380000 5.450000
v -11.950000 -1.520000 5.450000
v -11.750000 -1.000000 0.920000
v -11.890000 -1.000000 0.920000
v -11.750000 -1.000000 1.180000
v -11.890000 -1.000000 1.180000
v -11.750000 -0.960000 6.000000
v -11.750000 -3.040000 6.000000
v -11.970000 -3.040000 6.000000
v -11.970000 -0.960000 6.000000
v -11.750000 -3.040000 6.280000
v -11.750000 -0.960000 6.280000
v -11.970000 -0.960000 6.280000
v -11.970000 -3.040000 6.280000
v -11.750000 -0.800000 0.000000
v -11.950000 -0.800000 0.000000
v -11.750000 -0.800000 6.000000
v -11.950000 -0.800000 6.000000
v -11.750000 1.000000 0.000000
v -11.750000 0.800000 0.000000
v -11.950000 0.800000 0.000000
v -11.950000 1.000000 0.000000
v -11.750000 0.800000 6.000000
v -11.750000 1.000000 6.000000
v -11.950000 1.000000 6.000000
v -11.950000 0.800000 6.000000
v -11.750000 1.000000 5.680000
v -11.950000 1.000000 5.680000
v -11.750000 1.000000 0.400000
v -11.950000 1.000000 0.400000
v -11.820000 -0.480000 0.750000
v -11.820000 -0.620000 0.750000
v -11.950000 -0.620000 0.750000
v -11.950000 -0.480000 0.750000
v -11.820000 -0.620000 5.450000
v -11.820000 -0.480000 5.450000
v -11.950000 -0.480000 5.450000
v -11.950000 -0.620000 5.450000
v -11.820000 0.070000 0.750000
v -11.820000 -0.070000 0.750000
v -11.950000 -0.070000 0.750000
v -11.950000 0.070000 0.750000
v -11.820000 -0.070000 5.450000
v -11.820000 0.070000 5.450000
v -11.950000 0.070000 5.450000
v -11.950000 -0.070000 5.450000
v -11.820000 0.620000 0.750000
v -11.820000 0.480000 0.750000
v -11.950000 0.480000 0.750000
v -11.950000 0.620000 0.750000
v -11.820000 0.480000 5.450000
v -11.820000 0.620000 5.450000
v -11.950000 0.620000 5.450000
v -11.950000 0.480000 5.450000
v -11.750000 1.000000 0.920000
v -11.890000 1.000000 0.920000
v -11.750000 1.000000 1.180000
v -11.890000 1.000000 1.180000
v -11.750000 1.040000 6.000000
v -11.750000 -1.040000 6.000000
v -11.970000 -1.040000 6.000000
v -11.970000 1.040000 6.000000
v -11.750000 -1.040000 6.280000
v -11.750000 1.040000 6.280000
v -11.970000 1.040000 6.280000
v -11.970000 -1.040000 6.280000
v -11.870000 0.850000 3.350000
v -11.870000 -0.850000 3.350000
v -11.950000 -0.850000 3.350000
v -11.950000 0.850000 3.350000
v -11.870000 -0.850000 3.450000
v -11.870000 0.850000 3.450000
v -11.950000 0.850000 3.450000
v -11.950000 -0.850000 3.450000
v -11.900000 0.700000 3.750000
v -11.900000 -0.700000 3.750000
v -11.950000 -0.700000 3.750000
v -11.950000 0.700000 3.750000
v -11.900000 -0.700000 4.850000
v -11.900000 0.700000 4.850000
v -11.950000 0.700000 4.850000
v -11.950000 -0.700000 4.850000
v -11.750000 1.200000 0.000000
v -11.950000 1.200000 0.000000
v -11.750000 1.200000 6.000000
v -11.950000 1.200000 6.000000
v -11.750000 3.000000 0.000000
v -11.750000 2.800000 0.000000
v -11.950000 2.800000 0.000000
v -11.950000 3.000000 0.000000
v -11.750000 2.800000 6.000000
v -11.750000 3.000000 6.000000
v -11.950000 3.000000 6.000000
v -11.950000 2.800000 6.000000
v -11.750000 3.000000 5.680000
v -11.950000 3.000000 5.680000
v -11.750000 3.000000 0.400000
v -11.950000 3.000000 0.400000
v -11.820000 1.520000 0.750000
v -11.820000 1.380000 0.750000
v -11.950000 1.380000 0.750000
v -11.950000 1.520000 0.750000
v -11.820000 1.380000 5.450000
v -11.820000 1.520000 5.450000
v -11.950000 1.520000 5.450000
v -11.950000 1.380000 5.450000
v -11.820000 2.070000 0.750000
v -11.820000 1.930000 0.750000
v -11.950000 1.930000 0.750000
v -11.950000 2.070000 0.750000
v -11.820000 1.930000 5.450000
v -11.820000 2.070000 5.450000
v -11.950000 2.070000 5.450000
v -11.950000 1.930000 5.450000
v -11.820000 2.620000 0.750000
v -11.820000 2.480000 0.750000
v -11.950000 2.480000 0.750000
v -11.950000 2.620000 0.750000
v -11.820000 2.480000 5.450000
v -11.820000 2.620000 5.450000
v -11.950000 2.620000 5.450000
v -11.950000 2.480000 5.450000
v -11.750000 3.000000 0.920000
v -11.890000 3.000000 0.920000
v -11.750000 3.000000 1.180000
v -11.890000 3.000000 1.180000
v -11.750000 3.040000 6.000000
v -11.750000 0.960000 6.000000
v -11.970000 0.960000 6.000000
v -11.970000 3.040000 6.000000
v -11.750000 0.960000 6.280000
v -11.750000 3.040000 6.280000
v -11.970000 3.040000 6.280000
v -11.970000 0.960000 6.280000
v -11.750000 3.200000 0.000000
v -11.950000 3.200000 0.000000
v -11.750000 3.200000 6.000000
v -11.950000 3.200000 6.000000
v -11.750000 5.000000 0.000000
v -11.750000 4.800000 0.000000
v -11.950000 4.800000 0.000000
v -11.950000 5.000000 0.000000
v -11.750000 4.800000 6.000000
v -11.750000 5.000000 6.000000
v -11.950000 5.000000 6.000000
v -11.950000 4.800000 6.000000
v -11.750000 5.000000 5.680000
v -11.950000 5.000000 5.680000
v -11.750000 5.000000 0.400000
v -11.950000 5.000000 0.400000
v -11.820000 3.520000 0.750000
v -11.820000 3.380000 0.750000
v -11.950000 3.380000 0.750000
v -11.950000 3.520000 0.750000
v -11.820000 3.380000 5.450000
v -11.820000 3.520000 5.450000
v -11.950000 3.520000 5.450000
v -11.950000 3.380000 5.450000
v -11.820000 4.070000 0.750000
v -11.820000 3.930000 0.750000
v -11.950000 3.930000 0.750000
v -11.950000 4.070000 0.750000
v -11.820000 3.930000 5.450000
v -11.820000 4.070000 5.450000
v -11.950000 4.070000 5.450000
v -11.950000 3.930000 5.450000
v -11.820000 4.620000 0.750000
v -11.820000 4.480000 0.750000
v -11.950000 4.480000 0.750000
v -11.950000 4.620000 0.750000
v -11.820000 4.480000 5.450000
v -11.820000 4.620000 5.450000
v -11.950000 4.620000 5.450000
v -11.950000 4.480000 5.450000
v -11.750000 5.000000 0.920000
v -11.890000 5.000000 0.920000
v -11.750000 5.000000 1.180000
v -11.890000 5.000000 1.180000
v -11.750000 5.040000 6.000000
v -11.750000 2.960000 6.000000
v -11.970000 2.960000 6.000000
v -11.970000 5.040000 6.000000
v -11.750000 2.960000 6.280000
v -11.750000 5.040000 6.280000
v -11.970000 5.040000 6.280000
v -11.970000 2.960000 6.280000
v -11.830000 4.550000 1.550000
v -11.830000 3.450000 1.550000
v -11.950000 3.450000 1.550000
v -11.950000 4.550000 1.550000
v -11.830000 3.450000 3.050000
v -11.830000 4.550000 3.050000
v -11.950000 4.550000 3.050000
v -11.950000 3.450000 3.050000
v -11.760000 3.910000 2.240000
v -11.760000 3.490000 2.240000
v -11.900000 3.490000 2.240000
v -11.900000 3.910000 2.240000
v -11.760000 3.490000 2.860000
v -11.760000 3.910000 2.860000
v -11.900000 3.910000 2.860000
v -11.900000 3.490000 2.860000
v -11.760000 4.490000 2.000000
v -11.760000 4.190000 2.000000
v -11.880000 4.190000 2.000000
v -11.880000 4.490000 2.000000
v -11.760000 4.190000 2.400000
v -11.760000 4.490000 2.400000
v -11.880000 4.490000 2.400000
v -11.880000 4.190000 2.400000
v -11.750000 5.200000 0.000000
v -11.950000 5.200000 0.000000
v -11.750000 5.200000 6.000000
v -11.950000 5.200000 6.000000
v -11.750000 7.000000 0.000000
v -11.750000 6.800000 0.000000
v -11.950000 6.800000 0.000000
v -11.950000 7.000000 0.000000
v -11.750000 6.800000 6.000000
v -11.750000 7.000000 6.000000
v -11.950000 7.000000 6.000000
v -11.950000 6.800000 6.000000
v -11.750000 7.000000 5.680000
v -11.950000 7.000000 5.680000
v -11.750000 7.000000 0.400000
v -11.950000 7.000000 0.400000
v -11.820000 5.520000 0.750000
v -11.820000 5.380000 0.750000
v -11.950000 5.380000 0.750000
v -11.950000 5.520000 0.750000
v -11.820000 5.380000 5.450000
v -11.820000 5.520000 5.450000
v -11.950000 5.520000 5.450000
v -11.950000 5.380000 5.450000
v -11.820000 6.070000 0.750000
v -11.820000 5.930000 0.750000
v -11.950000 5.930000 0.750000
v -11.950000 6.070000 0.750000
v -11.820000 5.930000 5.450000
v -11.820000 6.070000 5.450000
v -11.950000 6.070000 5.450000
v -11.950000 5.930000 5.450000
v -11.820000 6.620000 0.750000
v -11.820000 6.480000 0.750000
v -11.950000 6.480000 0.750000
v -11.950000 6.620000 0.750000
v -11.820000 6.480000 5.450000
v -11.820000 6.620000 5.450000
v -11.950000 6.620000 5.450000
v -11.950000 6.480000 5.450000
v -11.750000 7.000000 0.920000
v -11.890000 7.000000 0.920000
v -11.750000 7.000000 1.180000
v -11.890000 7.000000 1.180000
v -11.750000 7.040000 6.000000
v -11.750000 4.960000 6.000000
v -11.970000 4.960000 6.000000
v -11.970000 7.040000 6.000000
v -11.750000 4.960000 6.280000
v -11.750000 7.040000 6.280000
v -11.970000 7.040000 6.280000
v -11.970000 4.960000 6.280000
v -11.750000 7.200000 0.000000
v -11.950000 7.200000 0.000000
v -11.750000 7.200000 6.000000
v -11.950000 7.200000 6.000000
v -11.750000 9.000000 0.000000
v -11.750000 8.800000 0.000000
v -11.950000 8.800000 0.000000
v -11.950000 9.000000 0.000000
v -11.750000 8.800000 6.000000
v -11.750000 9.000000 6.000000
v -11.950000 9.000000 6.000000
v -11.950000 8.800000 6.000000
v -11.750000 9.000000 5.680000
v -11.950000 9.000000 5.680000
v -11.750000 9.000000 0.400000
v -11.950000 9.000000 0.400000
v -11.820000 7.520000 0.750000
v -11.820000 7.380000 0.750000
v -11.950000 7.380000 0.750000
v -11.950000 7.520000 0.750000
v -11.820000 7.380000 5.450000
v -11.820000 7.520000 5.450000
v -11.950000 7.520000 5.450000
v -11.950000 7.380000 5.450000
v -11.820000 8.070000 0.750000
v -11.820000 7.930000 0.750000
v -11.950000 7.930000 0.750000
v -11.950000 8.070000 0.750000
v -11.820000 7.930000 5.450000
v -11.820000 8.070000 5.450000
v -11.950000 8.070000 5.450000
v -11.950000 7.930000 5.450000
v -11.820000 8.620000 0.750000
v -11.820000 8.480000 0.750000
v -11.950000 8.480000 0.750000
v -11.950000 8.620000 0.750000
v -11.820000 8.480000 5.450000
v -11.820000 8.620000 5.450000
v -11.950000 8.620000 5.450000
v -11.950000 8.480000 5.450000
v -11.750000 9.000000 0.920000
v -11.890000 9.000000 0.920000
v -11.750000 9.000000 1.180000
v -11.890000 9.000000 1.180000
v -11.750000 9.040000 6.000000
v -11.750000 6.960000 6.000000
v -11.970000 6.960000 6.000000
v -11.970000 9.040000 6.000000
v -11.750000 6.960000 6.280000
v -11.750000 9.040000 6.280000
v -11.970000 9.040000 6.280000
v -11.970000 6.960000 6.280000
v -11.850000 8.450000 2.450000
v -11.850000 7.550000 2.450000
v -11.950000 7.550000 2.450000
v -11.950000 8.450000 2.450000
v -11.850000 7.550000 3.750000
v -11.850000 8.450000 3.750000
v -11.950000 8.450000 3.750000
v -11.950000 7.550000 3.750000
v -11.790000 8.350000 2.530000
v -11.790000 7.650000 2.530000
v -11.840000 7.650000 2.530000
v -11.840000 8.350000 2.530000
v -11.790000 7.650000 2.630000
v -11.790000 8.350000 2.630000
v -11.840000 8.350000 2.630000
v -11.840000 7.650000 2.630000
v -11.790000 8.350000 2.730000
v -11.790000 7.650000 2.730000
v -11.840000 7.650000 2.730000
v -11.840000 8.350000 2.730000
v -11.790000 7.650000 2.830000
v -11.790000 8.350000 2.830000
v -11.840000 8.350000 2.830000
v -11.840000 7.650000 2.830000
v -11.790000 8.350000 2.930000
v -11.790000 7.650000 2.930000
v -11.840000 7.650000 2.930000
v -11.840000 8.350000 2.930000
v -11.790000 7.650000 3.030000
v -11.790000 8.350000 3.030000
v -11.840000 8.350000 3.030000
v -11.840000 7.650000 3.030000
v -11.790000 8.350000 3.130000
v -11.790000 7.650000 3.130000
v -11.840000 7.650000 3.130000
v -11.840000 8.350000 3.130000
v -11.790000 7.650000 3.230000
v -11.790000 8.350000 3.230000
v -11.840000 8.350000 3.230000
v -11.840000 7.650000 3.230000
v -11.790000 8.350000 3.330000
v -11.790000 7.650000 3.330000
v -11.840000 7.650000 3.330000
v -11.840000 8.350000 3.330000
v -11.790000 7.650000 3.430000
v -11.790000 8.350000 3.430000
v -11.840000 8.350000 3.430000
v -11.840000 7.650000 3.430000
v -11.790000 8.350000 3.530000
v -11.790000 7.650000 3.530000
v -11.840000 7.650000 3.530000
v -11.840000 8.350000 3.530000
v -11.790000 7.650000 3.630000
v -11.790000 8.350000 3.630000
v -11.840000 8.350000 3.630000
v -11.840000 7.650000 3.630000
v -11.750000 9.200000 0.000000
v -11.950000 9.200000 0.000000
v -11.750000 9.200000 6.000000
v -11.950000 9.200000 6.000000
v -11.750000 11.000000 0.000000
v -11.750000 10.800000 0.000000
v -11.950000 10.800000 0.000000
v -11.950000 11.000000 0.000000
v -11.750000 10.800000 6.000000
v -11.750000 11.000000 6.000000
v -11.950000 11.000000 6.000000
v -11.950000 10.800000 6.000000
v -11.750000 11.000000 5.680000
v -11.950000 11.000000 5.680000
v -11.750000 11.000000 0.400000
v -11.950000 11.000000 0.400000
v -11.820000 9.520000 0.750000
v -11.820000 9.380000 0.750000
v -11.950000 9.380000 0.750000
v -11.950000 9.520000 0.750000
v -11.820000 9.380000 5.450000
v -11.820000 9.520000 5.450000
v -11.950000 9.520000 5.450000
v -11.950000 9.380000 5.450000
v -11.820000 10.070000 0.750000
v -11.820000 9.930000 0.750000
v -11.950000 9.930000 0.750000
v -11.950000 10.070000 0.750000
v -11.820000 9.930000 5.450000
v -11.820000 10.070000 5.450000
v -11.950000 10.070000 5.450000
v -11.950000 9.930000 5.450000
v -11.820000 10.620000 0.750000
v -11.820000 10.480000 0.750000
v -11.950000 10.480000 0.750000
v -11.950000 10.620000 0.750000
v -11.820000 10.480000 5.450000
v -11.820000 10.620000 5.450000
v -11.950000 10.620000 5.450000
v -11.950000 10.480000 5.450000
v -11.750000 11.000000 0.920000
v -11.890000 11.000000 0.920000
v -11.750000 11.000000 1.180000
v -11.890000 11.000000 1.180000
v -11.750000 11.040000 6.000000
v -11.750000 8.960000 6.000000
v -11.970000 8.960000 6.000000
v -11.970000 11.040000 6.000000
v -11.750000 8.960000 6.280000
v -11.750000 11.040000 6.280000
v -11.970000 11.040000 6.280000
v -11.970000 8.960000 6.280000
vt 8.233333 8.233333
vt 8.233333 7.966667
vt -8.233333 7.966667
vt -8.233333 8.233333
vt 8.233333 0.000000
vt 8.233333 4.000000
vt -8.233333 4.000000
vt -8.233333 0.000000
vt 7.966667 0.000000
vt 7.966667 4.000000
vt -7.200000 7.966667
vt -7.200000 7.833333
vt -7.333333 7.833333
vt -7.333333 7.966667
vt -7.200000 0.000000
vt -7.200000 4.000000
vt -7.333333 4.000000
vt -7.333333 0.000000
vt 7.833333 0.000000
vt 7.833333 4.000000
vt -6.000000 7.966667
vt -6.000000 7.833333
vt -6.133333 7.833333
vt -6.133333 7.966667
vt -6.000000 0.000000
vt -6.000000 4.000000
vt -6.133333 4.000000
vt -6.133333 0.000000
vt -6.000000 3.786667
vt -7.333333 3.786667
vt 7.833333 3.786667
vt 7.966667 3.786667
vt -6.000000 0.266667
vt -7.333333 0.266667
vt 7.833333 0.266667
vt 7.966667 0.266667
vt -6.986667 7.966667
vt -6.986667 7.880000
vt -7.080000 7.880000
vt -7.080000 7.966667
vt -6.986667 0.500000
vt -6.986667 3.633333
vt -7.080000 3.633333
vt -7.080000 0.500000
vt 7.880000 0.500000
vt 7.880000 3.633333
vt 7.966667 3.633333
vt 7.966667 0.500000
vt -6.620000 7.966667
vt -6.620000 7.880000
vt -6.713333 7.880000
vt -6.713333 7.966667
vt -6.620000 0.500000
vt -6.620000 3.633333
vt -6.713333 3.633333
vt -6.713333 0.500000
vt -6.253333 7.966667
vt -6.253333 7.880000
vt -6.346667 7.880000
vt -6.346667 7.966667
vt -6.253333 0.500000
vt -6.253333 3.633333
vt -6.346667 3.633333
vt -6.346667 0.500000
vt -6.000000 7.926667
vt -7.333333 7.926667
vt -6.000000 0.613333
vt -6.000000 0.786667
vt -7.333333 0.786667
vt -7.333333 0.613333
vt 7.833333 0.613333
vt 7.833333 0.786667
vt 7.926667 0.786667
vt 7.926667 0.613333
vt -5.973333 7.980000
vt -5.973333 7.833333
vt -7.360000 7.833333
vt -7.360000 7.980000
vt -5.973333 4.000000
vt -5.973333 4.186667
vt -7.360000 4.186667
vt -7.360000 4.000000
vt 7.833333 4.186667
vt 7.980000 4.186667
vt 7.980000 4.000000
vt -5.866667 7.966667
vt -5.866667 7.833333
vt -5.866667 0.000000
vt -5.866667 4.000000
vt -4.666667 7.966667
vt -4.666667 7.833333
vt -4.800000 7.833333
vt -4.800000 7.966667
vt -4.666667 0.000000
vt -4.666667 4.000000
vt -4.800000 4.000000
vt -4.800000 0.000000
vt -4.666667 3.786667
vt -4.666667 0.266667
vt -5.653333 7.966667
vt -5.653333 7.880000
vt -5.746667 7.880000
vt -5.746667 7.966667
vt -5.653333 0.500000
vt -5.653333 3.633333
vt -5.746667 3.633333
vt -5.746667 0.500000
vt -5.286667 7.966667
vt -5.286667 7.880000
vt -5.380000 7.880000
vt -5.380000 7.966667
vt -5.286667 0.500000
vt -5.286667 3.633333
vt -5.380000 3.633333
vt -5.380000 0.500000
vt -4.920000 7.966667
vt -4.920000 7.880000
vt -5.013333 7.880000
vt -5.013333 7.966667
vt -4.920000 0.500000
vt -4.920000 3.633333
vt -5.013333 3.633333
vt -5.013333 0.500000
vt -4.666667 7.926667
vt -4.666667 0.613333
vt -4.666667 0.786667
vt -4.640000 7.980000
vt -4.640000 7.833333
vt -6.026667 7.833333
vt -6.026667 7.980000
vt -4.640000 4.000000
vt -4.640000 4.186667
vt -6.026667 4.186667
vt -6.026667 4.000000
vt -4.966667 7.966667
vt -4.966667 7.886667
vt -5.700000 7.886667
vt -5.700000 7.966667
vt -4.966667 1.033333
vt -4.966667 2.033333
vt -5.700000 2.033333
vt -5.700000 1.033333
vt 7.886667 1.033333
vt 7.886667 2.033333
vt 7.966667 2.033333
vt 7.966667 1.033333
vt -5.393333 7.933333
vt -5.393333 7.840000
vt -5.673333 7.840000
vt -5.673333 7.933333
vt -5.393333 1.493333
vt -5.393333 1.906667
vt -5.673333 1.906667
vt -5.673333 1.493333
vt 7.840000 1.493333
vt 7.840000 1.906667
vt 7.933333 1.906667
vt 7.933333 1.493333
vt -5.006667 7.920000
vt -5.006667 7.840000
vt -5.206667 7.840000
vt -5.206667 7.920000
vt -5.006667 1.333333
vt -5.006667 1.600000
vt -5.206667 1.600000
vt -5.206667 1.333333
vt 7.840000 1.333333
vt 7.840000 1.600000
vt 7.920000 1.600000
vt 7.920000 1.333333
vt -4.533333 7.966667
vt -4.533333 7.833333
vt -4.533333 0.000000
vt -4.533333 4.000000
vt -3.333333 7.966667
vt -3.333333 7.833333
vt -3.466667 7.833333
vt -3.466667 7.966667
vt -3.333333 0.000000
vt -3.333333 4.000000
vt -3.466667 4.000000
vt -3.466667 0.000000
vt -3.333333 3.786667
vt -3.333333 0.266667
vt -4.320000 7.966667
vt -4.320000 7.880000
vt -4.413333 7.880000
vt -4.413333 7.966667
vt -4.320000 0.500000
vt -4.320000 3.633333
vt -4.413333 3.633333
vt -4.413333 0.500000
vt -3.953333 7.966667
vt -3.953333 7.880000
vt -4.046667 7.880000
vt -4.046667 7.966667
vt -3.953333 0.500000
vt -3.953333 3.633333
vt -4.046667 3.633333
vt -4.046667 0.500000
vt -3.586667 7.966667
vt -3.586667 7.880000
vt -3.680000 7.880000
vt -3.680000 7.966667
vt -3.586667 0.500000
vt -3.586667 3.633333
vt -3.680000 3.633333
vt -3.680000 0.500000
vt -3.333333 7.926667
vt -3.333333 0.613333
vt -3.333333 0.786667
vt -3.306667 7.980000
vt -3.306667 7.833333
vt -4.693333 7.833333
vt -4.693333 7.980000
vt -3.306667 4.000000
vt -3.306667 4.186667
vt -4.693333 4.186667
vt -4.693333 4.000000
vt -3.200000 7.966667
vt -3.200000 7.833333
vt -3.200000 0.000000
vt -3.200000 4.000000
vt -2.000000 7.966667
vt -2.000000 7.833333
vt -2.133333 7.833333
vt -2.133333 7.966667
vt -2.000000 0.000000
vt -2.000000 4.000000
vt -2.133333 4.000000
vt -2.133333 0.000000
vt -2.000000 3.786667
vt -2.000000 0.266667
vt -2.986667 7.966667
vt -2.986667 7.880000
vt -3.080000 7.880000
vt -3.080000 7.966667
vt -2.986667 0.500000
vt -2.986667 3.633333
vt -3.080000 3.633333
vt -3.080000 0.500000
vt -2.620000 7.966667
vt -2.620000 7.880000
vt -2.713333 7.880000
vt -2.713333 7.966667
vt -2.620000 0.500000
vt -2.620000 3.633333
vt -2.713333 3.633333
vt -2.713333 0.500000
vt -2.253333 7.966667
vt -2.253333 7.880000
vt -2.346667 7.880000
vt -2.346667 7.966667
vt -2.253333 0.500000
vt -2.253333 3.633333
vt -2.346667 3.633333
vt -2.346667 0.500000
vt -2.000000 7.926667
vt -2.000000 0.613333
vt -2.000000 0.786667
vt -1.973333 7.980000
vt -1.973333 7.833333
vt -3.360000 7.833333
vt -3.360000 7.980000
vt -1.973333 4.000000
vt -1.973333 4.186667
vt -3.360000 4.186667
vt -3.360000 4.000000
vt -2.366667 7.966667
vt -2.366667 7.900000
vt -2.966667 7.900000
vt -2.966667 7.966667
vt -2.366667 1.633333
vt -2.366667 2.500000
vt -2.966667 2.500000
vt -2.966667 1.633333
vt 7.900000 1.633333
vt 7.900000 2.500000
vt 7.966667 2.500000
vt 7.966667 1.633333
vt -2.433333 7.893333
vt -2.433333 7.860000
vt -2.900000 7.860000
vt -2.900000 7.893333
vt -2.433333 1.686667
vt -2.433333 1.753333
vt -2.900000 1.753333
vt -2.900000 1.686667
vt 7.860000 1.686667
vt 7.860000 1.753333
vt 7.893333 1.753333
vt 7.893333 1.686667
vt -2.433333 1.820000
vt -2.433333 1.886667
vt -2.900000 1.886667
vt -2.900000 1.820000
vt 7.860000 1.820000
vt 7.860000 1.886667
vt 7.893333 1.886667
vt 7.893333 1.820000
vt -2.433333 1.953333
vt -2.433333 2.020000
vt -2.900000 2.020000
vt -2.900000 1.953333
vt 7.860000 1.953333
vt 7.860000 2.020000
vt 7.893333 2.020000
vt 7.893333 1.953333
vt -2.433333 2.086667
vt -2.433333 2.153333
vt -2.900000 2.153333
vt -2.900000 2.086667
vt 7.860000 2.086667
vt 7.860000 2.153333
vt 7.893333 2.153333
vt 7.893333 2.086667
vt -2.433333 2.220000
vt -2.433333 2.286667
vt -2.900000 2.286667
vt -2.900000 2.220000
vt 7.860000 2.220000
vt 7.860000 2.286667
vt 7.893333 2.286667
vt 7.893333 2.220000
vt -2.433333 2.353333
vt -2.433333 2.420000
vt -2.900000 2.420000
vt -2.900000 2.353333
vt 7.860000 2.353333
vt 7.860000 2.420000
vt 7.893333 2.420000
vt 7.893333 2.353333
vt -1.866667 7.966667
vt -1.866667 7.833333
vt -1.866667 0.000000
vt -1.866667 4.000000
vt -0.666667 7.966667
vt -0.666667 7.833333
vt -0.800000 7.833333
vt -0.800000 7.966667
vt -0.666667 0.000000
vt -0.666667 4.000000
vt -0.800000 4.000000
vt -0.800000 0.000000
vt -0.666667 3.786667
vt -0.666667 0.266667
vt -1.653333 7.966667
vt -1.653333 7.880000
vt -1.746667 7.880000
vt -1.746667 7.966667
vt -1.653333 0.500000
vt -1.653333 3.633333
vt -1.746667 3.633333
vt -1.746667 0.500000
vt -1.286667 7.966667
vt -1.286667 7.880000
vt -1.380000 7.880000
vt -1.380000 7.966667
vt -1.286667 0.500000
vt -1.286667 3.633333
vt -1.380000 3.633333
vt -1.380000 0.500000
vt -0.920000 7.966667
vt -0.920000 7.880000
vt -1.013333 7.880000
vt -1.013333 7.966667
vt -0.920000 0.500000
vt -0.920000 3.633333
vt -1.013333 3.633333
vt -1.013333 0.500000
vt -0.666667 7.926667
vt -0.666667 0.613333
vt -0.666667 0.786667
vt -0.640000 7.980000
vt -0.640000 7.833333
vt -2.026667 7.833333
vt -2.026667 7.980000
vt -0.640000 4.000000
vt -0.640000 4.186667
vt -2.026667 4.186667
vt -2.026667 4.000000
vt -0.533333 7.966667
vt -0.533333 7.833333
vt -0.533333 0.000000
vt -0.533333 4.000000
vt 0.666667 7.966667
vt 0.666667 7.833333
vt 0.533333 7.833333
vt 0.533333 7.966667
vt 0.666667 0.000000
vt 0.666667 4.000000
vt 0.533333 4.000000
vt 0.533333 0.000000
vt 0.666667 3.786667
vt 0.666667 0.266667
vt -0.320000 7.966667
vt -0.320000 7.880000
vt -0.413333 7.880000
vt -0.413333 7.966667
vt -0.320000 0.500000
vt -0.320000 3.633333
vt -0.413333 3.633333
vt -0.413333 0.500000
vt 0.046667 7.966667
vt 0.046667 7.880000
vt -0.046667 7.880000
vt -0.046667 7.966667
vt 0.046667 0.500000
vt 0.046667 3.633333
vt -0.046667 3.633333
vt -0.046667 0.500000
vt 0.413333 7.966667
vt 0.413333 7.880000
vt 0.320000 7.880000
vt 0.320000 7.966667
vt 0.413333 0.500000
vt 0.413333 3.633333
vt 0.320000 3.633333
vt 0.320000 0.500000
vt 0.666667 7.926667
vt 0.666667 0.613333
vt 0.666667 0.786667
vt 0.693333 7.980000
vt 0.693333 7.833333
vt -0.693333 7.833333
vt -0.693333 7.980000
vt 0.693333 4.000000
vt 0.693333 4.186667
vt -0.693333 4.186667
vt -0.693333 4.000000
vt 0.566667 7.966667
vt 0.566667 7.913333
vt -0.566667 7.913333
vt -0.566667 7.966667
vt 0.566667 2.233333
vt 0.566667 2.300000
vt -0.566667 2.300000
vt -0.566667 2.233333
vt 7.913333 2.233333
vt 7.913333 2.300000
vt 7.966667 2.300000
vt 7.966667 2.233333
vt 0.466667 7.966667
vt 0.466667 7.933333
vt -0.466667 7.933333
vt -0.466667 7.966667
vt 0.466667 2.500000
vt 0.466667 3.233333
vt -0.466667 3.233333
vt -0.466667 2.500000
vt 7.933333 2.500000
vt 7.933333 3.233333
vt 7.966667 3.233333
vt 0.800000 7.966667
vt 0.800000 7.833333
vt 0.800000 0.000000
vt 0.800000 4.000000
vt 2.000000 7.966667
vt 2.000000 7.833333
vt 1.866667 7.833333
vt 1.866667 7.966667
vt 2.000000 0.000000
vt 2.000000 4.000000
vt 1.866667 4.000000
vt 1.866667 0.000000
vt 2.000000 3.786667
vt 2.000000 0.266667
vt 1.013333 7.966667
vt 1.013333 7.880000
vt 0.920000 7.880000
vt 0.920000 7.966667
vt 1.013333 0.500000
vt 1.013333 3.633333
vt 0.920000 3.633333
vt 0.920000 0.500000
vt 1.380000 7.966667
vt 1.380000 7.880000
vt 1.286667 7.880000
vt 1.286667 7.966667
vt 1.380000 0.500000
vt 1.380000 3.633333
vt 1.286667 3.633333
vt 1.286667 0.500000
vt 1.746667 7.966667
vt 1.746667 7.880000
vt 1.653333 7.880000
vt 1.653333 7.966667
vt 1.746667 0.500000
vt 1.746667 3.633333
vt 1.653333 3.633333
vt 1.653333 0.500000
vt 2.000000 7.926667
vt 2.000000 0.613333
vt 2.000000 0.786667
vt 2.026667 7.980000
vt 2.026667 7.833333
vt 0.640000 7.833333
vt 0.640000 7.980000
vt 2.026667 4.000000
vt 2.026667 4.186667
vt 0.640000 4.186667
vt 0.640000 4.000000
vt 2.133333 7.966667
vt 2.133333 7.833333
vt 2.133333 0.000000
vt 2.133333 4.000000
vt 3.333333 7.966667
vt 3.333333 7.833333
vt 3.200000 7.833333
vt 3.200000 7.966667
vt 3.333333 0.000000
vt 3.333333 4.000000
vt 3.200000 4.000000
vt 3.200000 0.000000
vt 3.333333 3.786667
vt 3.333333 0.266667
vt 2.346667 7.966667
vt 2.346667 7.880000
vt 2.253333 7.880000
vt 2.253333 7.966667
vt 2.346667 0.500000
vt 2.346667 3.633333
vt 2.253333 3.633333
vt 2.253333 0.500000
vt 2.713333 7.966667
vt 2.713333 7.880000
vt 2.620000 7.880000
vt 2.620000 7.966667
vt 2.713333 0.500000
vt 2.713333 3.633333
vt 2.620000 3.633333
vt 2.620000 0.500000
vt 3.080000 7.966667
vt 3.080000 7.880000
vt 2.986667 7.880000
vt 2.986667 7.966667
vt 3.080000 0.500000
vt 3.080000 3.633333
vt 2.986667 3.633333
vt 2.986667 0.500000
vt 3.333333 7.926667
vt 3.333333 0.613333
vt 3.333333 0.786667
vt 3.360000 7.980000
vt 3.360000 7.833333
vt 1.973333 7.833333
vt 1.973333 7.980000
vt 3.360000 4.000000
vt 3.360000 4.186667
vt 1.973333 4.186667
vt 1.973333 4.000000
vt 3.033333 7.966667
vt 3.033333 7.886667
vt 2.300000 7.886667
vt 2.300000 7.966667
vt 3.033333 1.033333
vt 3.033333 2.033333
vt 2.300000 2.033333
vt 2.300000 1.033333
vt 2.606667 7.933333
vt 2.606667 7.840000
vt 2.326667 7.840000
vt 2.326667 7.933333
vt 2.606667 1.493333
vt 2.606667 1.906667
vt 2.326667 1.906667
vt 2.326667 1.493333
vt 2.993333 7.920000
vt 2.993333 7.840000
vt 2.793333 7.840000
vt 2.793333 7.920000
vt 2.993333 1.333333
vt 2.993333 1.600000
vt 2.793333 1.600000
vt 2.793333 1.333333
vt 3.466667 7.966667
vt 3.466667 7.833333
vt 3.466667 0.000000
vt 3.466667 4.000000
vt 4.666667 7.966667
vt 4.666667 7.833333
vt 4.533333 7.833333
vt 4.533333 7.966667
vt 4.666667 0.000000
vt 4.666667 4.000000
vt 4.533333 4.000000
vt 4.533333 0.000000
vt 4.666667 3.786667
vt 4.666667 0.266667
vt 3.680000 7.966667
vt 3.680000 7.880000
vt 3.586667 7.880000
vt 3.586667 7.966667
vt 3.680000 0.500000
vt 3.680000 3.633333
vt 3.586667 3.633333
vt 3.586667 0.500000
vt 4.046667 7.966667
vt 4.046667 7.880000
vt 3.953333 7.880000
vt 3.953333 7.966667
vt 4.046667 0.500000
vt 4.046667 3.633333
vt 3.953333 3.633333
vt 3.953333 0.500000
vt 4.413333 7.966667
vt 4.413333 7.880000
vt 4.320000 7.880000
vt 4.320000 7.966667
vt 4.413333 0.500000
vt 4.413333 3.633333
vt 4.320000 3.633333
vt 4.320000 0.500000
vt 4.666667 7.926667
vt 4.666667 0.613333
vt 4.666667 0.786667
vt 4.693333 7.980000
vt 4.693333 7.833333
vt 3.306667 7.833333
vt 3.306667 7.980000
vt 4.693333 4.000000
vt 4.693333 4.186667
vt 3.306667 4.186667
vt 3.306667 4.000000
vt 4.800000 7.966667
vt 4.800000 7.833333
vt 4.800000 0.000000
vt 4.800000 4.000000
vt 6.000000 7.966667
vt 6.000000 7.833333
vt 5.866667 7.833333
vt 5.866667 7.966667
vt 6.000000 0.000000
vt 6.000000 4.000000
vt 5.866667 4.000000
vt 5.866667 0.000000
vt 6.000000 3.786667
vt 6.000000 0.266667
vt 5.013333 7.966667
vt 5.013333 7.880000
vt 4.920000 7.880000
vt 4.920000 7.966667
vt 5.013333 0.500000
vt 5.013333 3.633333
vt 4.920000 3.633333
vt 4.920000 0.500000
vt 5.380000 7.966667
vt 5.380000 7.880000
vt 5.286667 7.880000
vt 5.286667 7.966667
vt 5.380000 0.500000
vt 5.380000 3.633333
vt 5.286667 3.633333
vt 5.286667 0.500000
vt 5.746667 7.966667
vt 5.746667 7.880000
vt 5.653333 7.880000
vt 5.653333 7.966667
vt 5.746667 0.500000
vt 5.746667 3.633333
vt 5.653333 3.633333
vt 5.653333 0.500000
vt 6.000000 7.926667
vt 6.000000 0.613333
vt 6.000000 0.786667
vt 6.026667 7.980000
vt 6.026667 7.833333
vt 4.640000 7.833333
vt 4.640000 7.980000
vt 6.026667 4.000000
vt 6.026667 4.186667
vt 4.640000 4.186667
vt 4.640000 4.000000
vt 5.633333 7.966667
vt 5.633333 7.900000
vt 5.033333 7.900000
vt 5.033333 7.966667
vt 5.633333 1.633333
vt 5.633333 2.500000
vt 5.033333 2.500000
vt 5.033333 1.633333
vt 5.566667 7.893333
vt 5.566667 7.860000
vt 5.100000 7.860000
vt 5.100000 7.893333
vt 5.566667 1.686667
vt 5.566667 1.753333
vt 5.100000 1.753333
vt 5.100000 1.686667
vt 5.566667 1.820000
vt 5.566667 1.886667
vt 5.100000 1.886667
vt 5.100000 1.820000
vt 5.566667 1.953333
vt 5.566667 2.020000
vt 5.100000 2.020000
vt 5.100000 1.953333
vt 5.566667 2.086667
vt 5.566667 2.153333
vt 5.100000 2.153333
vt 5.100000 2.086667
vt 5.566667 2.220000
vt 5.566667 2.286667
vt 5.100000 2.286667
vt 5.100000 2.220000
vt 5.566667 2.353333
vt 5.566667 2.420000
vt 5.100000 2.420000
vt 5.100000 2.353333
vt 6.133333 7.966667
vt 6.133333 7.833333
vt 6.133333 0.000000
vt 6.133333 4.000000
vt 7.333333 7.966667
vt 7.333333 7.833333
vt 7.200000 7.833333
vt 7.200000 7.966667
vt 7.333333 0.000000
vt 7.333333 4.000000
vt 7.200000 4.000000
vt 7.200000 0.000000
vt 7.333333 3.786667
vt 7.333333 0.266667
vt 6.346667 7.966667
vt 6.346667 7.880000
vt 6.253333 7.880000
vt 6.253333 7.966667
vt 6.346667 0.500000
vt 6.346667 3.633333
vt 6.253333 3.633333
vt 6.253333 0.500000
vt 6.713333 7.966667
vt 6.713333 7.880000
vt 6.620000 7.880000
vt 6.620000 7.966667
vt 6.713333 0.500000
vt 6.713333 3.633333
vt 6.620000 3.633333
vt 6.620000 0.500000
vt 7.080000 7.966667
vt 7.080000 7.880000
vt 6.986667 7.880000
vt 6.986667 7.966667
vt 7.080000 0.500000
vt 7.080000 3.633333
vt 6.986667 3.633333
vt 6.986667 0.500000
vt 7.333333 7.926667
vt 7.333333 0.613333
vt 7.333333 0.786667
vt 7.360000 7.980000
vt 7.360000 7.833333
vt 5.973333 7.833333
vt 5.973333 7.980000
vt 7.360000 4.000000
vt 7.360000 4.186667
vt 5.973333 4.186667
vt 5.973333 4.000000
vt 8.233333 -7.966667
vt 8.233333 -8.233333
vt -8.233333 -8.233333
vt -8.233333 -7.966667
vt -7.966667 4.000000
vt -7.966667 0.000000
vt 7.333333 -7.833333
vt 7.333333 -7.966667
vt 7.200000 -7.966667
vt 7.200000 -7.833333
vt -7.833333 4.000000
vt -7.833333 0.000000
vt 6.133333 -7.833333
vt 6.133333 -7.966667
vt 6.000000 -7.966667
vt 6.000000 -7.833333
vt -7.966667 3.786667
vt -7.833333 3.786667
vt -7.966667 0.266667
vt -7.833333 0.266667
vt 7.080000 -7.880000
vt 7.080000 -7.966667
vt 6.986667 -7.966667
vt 6.986667 -7.880000
vt -7.966667 0.500000
vt -7.966667 3.633333
vt -7.880000 3.633333
vt -7.880000 0.500000
vt 6.713333 -7.880000
vt 6.713333 -7.966667
vt 6.620000 -7.966667
vt 6.620000 -7.880000
vt 6.346667 -7.880000
vt 6.346667 -7.966667
vt 6.253333 -7.966667
vt 6.253333 -7.880000
vt 7.333333 -7.926667
vt 6.000000 -7.926667
vt -7.926667 0.613333
vt -7.926667 0.786667
vt -7.833333 0.786667
vt -7.833333 0.613333
vt 7.360000 -7.833333
vt 7.360000 -7.980000
vt 5.973333 -7.980000
vt 5.973333 -7.833333
vt -7.980000 4.000000
vt -7.980000 4.186667
vt -7.833333 4.186667
vt 5.866667 -7.966667
vt 5.866667 -7.833333
vt 4.800000 -7.833333
vt 4.800000 -7.966667
vt 4.666667 -7.966667
vt 4.666667 -7.833333
vt 5.746667 -7.880000
vt 5.746667 -7.966667
vt 5.653333 -7.966667
vt 5.653333 -7.880000
vt 5.380000 -7.880000
vt 5.380000 -7.966667
vt 5.286667 -7.966667
vt 5.286667 -7.880000
vt 5.013333 -7.880000
vt 5.013333 -7.966667
vt 4.920000 -7.966667
vt 4.920000 -7.880000
vt 4.666667 -7.926667
vt 6.026667 -7.833333
vt 6.026667 -7.980000
vt 4.640000 -7.980000
vt 4.640000 -7.833333
vt 5.700000 -7.886667
vt 5.700000 -7.966667
vt 4.966667 -7.966667
vt 4.966667 -7.886667
vt 5.700000 1.033333
vt 5.700000 2.033333
vt 4.966667 2.033333
vt 4.966667 1.033333
vt -7.966667 1.033333
vt -7.966667 2.033333
vt -7.886667 2.033333
vt -7.886667 1.033333
vt 5.673333 -7.840000
vt 5.673333 -7.933333
vt 5.393333 -7.933333
vt 5.393333 -7.840000
vt 5.673333 1.493333
vt 5.673333 1.906667
vt 5.393333 1.906667
vt 5.393333 1.493333
vt -7.933333 1.493333
vt -7.933333 1.906667
vt -7.840000 1.906667
vt -7.840000 1.493333
vt 5.206667 -7.840000
vt 5.206667 -7.920000
vt 5.006667 -7.920000
vt 5.006667 -7.840000
vt 5.206667 1.333333
vt 5.206667 1.600000
vt 5.006667 1.600000
vt 5.006667 1.333333
vt -7.920000 1.333333
vt -7.920000 1.600000
vt -7.840000 1.600000
vt -7.840000 1.333333
vt 4.533333 -7.966667
vt 4.533333 -7.833333
vt 3.466667 -7.833333
vt 3.466667 -7.966667
vt 3.333333 -7.966667
vt 3.333333 -7.833333
vt 4.413333 -7.880000
vt 4.413333 -7.966667
vt 4.320000 -7.966667
vt 4.320000 -7.880000
vt 4.046667 -7.880000
vt 4.046667 -7.966667
vt 3.953333 -7.966667
vt 3.953333 -7.880000
vt 3.680000 -7.880000
vt 3.680000 -7.966667
vt 3.586667 -7.966667
vt 3.586667 -7.880000
vt 3.333333 -7.926667
vt 4.693333 -7.833333
vt 4.693333 -7.980000
vt 3.306667 -7.980000
vt 3.306667 -7.833333
vt 3.200000 -7.966667
vt 3.200000 -7.833333
vt 2.133333 -7.833333
vt 2.133333 -7.966667
vt 2.000000 -7.966667
vt 2.000000 -7.833333
vt 3.080000 -7.880000
vt 3.080000 -7.966667
vt 2.986667 -7.966667
vt 2.986667 -7.880000
vt 2.713333 -7.880000
vt 2.713333 -7.966667
vt 2.620000 -7.966667
vt 2.620000 -7.880000
vt 2.346667 -7.880000
vt 2.346667 -7.966667
vt 2.253333 -7.966667
vt 2.253333 -7.880000
vt 2.000000 -7.926667
vt 3.360000 -7.833333
vt 3.360000 -7.980000
vt 1.973333 -7.980000
vt 1.973333 -7.833333
vt 2.966667 -7.900000
vt 2.966667 -7.966667
vt 2.366667 -7.966667
vt 2.366667 -7.900000
vt 2.966667 1.633333
vt 2.966667 2.500000
vt 2.366667 2.500000
vt 2.366667 1.633333
vt -7.966667 1.633333
vt -7.966667 2.500000
vt -7.900000 2.500000
vt -7.900000 1.633333
vt 2.900000 -7.860000
vt 2.900000 -7.893333
vt 2.433333 -7.893333
vt 2.433333 -7.860000
vt 2.900000 1.686667
vt 2.900000 1.753333
vt 2.433333 1.753333
vt 2.433333 1.686667
vt -7.893333 1.686667
vt -7.893333 1.753333
vt -7.860000 1.753333
vt -7.860000 1.686667
vt 2.900000 1.820000
vt 2.900000 1.886667
vt 2.433333 1.886667
vt 2.433333 1.820000
vt -7.893333 1.820000
vt -7.893333 1.886667
vt -7.860000 1.886667
vt -7.860000 1.820000
vt 2.900000 1.953333
vt 2.900000 2.020000
vt 2.433333 2.020000
vt 2.433333 1.953333
vt -7.893333 1.953333
vt -7.893333 2.020000
vt -7.860000 2.020000
vt -7.860000 1.953333
vt 2.900000 2.086667
vt 2.900000 2.153333
vt 2.433333 2.153333
vt 2.433333 2.086667
vt -7.893333 2.086667
vt -7.893333 2.153333
vt -7.860000 2.153333
vt -7.860000 2.086667
vt 2.900000 2.220000
vt 2.900000 2.286667
vt 2.433333 2.286667
vt 2.433333 2.220000
vt -7.893333 2.220000
vt -7.893333 2.286667
vt -7.860000 2.286667
vt -7.860000 2.220000
vt 2.900000 2.353333
vt 2.900000 2.420000
vt 2.433333 2.420000
vt 2.433333 2.353333
vt -7.893333 2.353333
vt -7.893333 2.420000
vt -7.860000 2.420000
vt -7.860000 2.353333
vt 1.866667 -7.966667
vt 1.866667 -7.833333
vt 0.800000 -7.833333
vt 0.800000 -7.966667
vt 0.666667 -7.966667
vt 0.666667 -7.833333
vt 1.746667 -7.880000
vt 1.746667 -7.966667
vt 1.653333 -7.966667
vt 1.653333 -7.880000
vt 1.380000 -7.880000
vt 1.380000 -7.966667
vt 1.286667 -7.966667
vt 1.286667 -7.880000
vt 1.013333 -7.880000
vt 1.013333 -7.966667
vt 0.920000 -7.966667
vt 0.920000 -7.880000
vt 0.666667 -7.926667
vt 2.026667 -7.833333
vt 2.026667 -7.980000
vt 0.640000 -7.980000
vt 0.640000 -7.833333
vt 0.533333 -7.966667
vt 0.533333 -7.833333
vt -0.533333 -7.833333
vt -0.533333 -7.966667
vt -0.666667 -7.966667
vt -0.666667 -7.833333
vt 0.413333 -7.880000
vt 0.413333 -7.966667
vt 0.320000 -7.966667
vt 0.320000 -7.880000
vt 0.046667 -7.880000
vt 0.046667 -7.966667
vt -0.046667 -7.966667
vt -0.046667 -7.880000
vt -0.320000 -7.880000
vt -0.320000 -7.966667
vt -0.413333 -7.966667
vt -0.413333 -7.880000
vt -0.666667 -7.926667
vt 0.693333 -7.833333
vt 0.693333 -7.980000
vt -0.693333 -7.980000
vt -0.693333 -7.833333
vt 0.566667 -7.913333
vt 0.566667 -7.966667
vt -0.566667 -7.966667
vt -0.566667 -7.913333
vt -7.966667 2.233333
vt -7.966667 2.300000
vt -7.913333 2.300000
vt -7.913333 2.233333
vt 0.466667 -7.933333
vt 0.466667 -7.966667
vt -0.466667 -7.966667
vt -0.466667 -7.933333
vt -7.966667 3.233333
vt -7.933333 3.233333
vt -7.933333 2.500000
vt -0.800000 -7.966667
vt -0.800000 -7.833333
vt -1.866667 -7.833333
vt -1.866667 -7.966667
vt -2.000000 -7.966667
vt -2.000000 -7.833333
vt -0.920000 -7.880000
vt -0.920000 -7.966667
vt -1.013333 -7.966667
vt -1.013333 -7.880000
vt -1.286667 -7.880000
vt -1.286667 -7.966667
vt -1.380000 -7.966667
vt -1.380000 -7.880000
vt -1.653333 -7.880000
vt -1.653333 -7.966667
vt -1.746667 -7.966667
vt -1.746667 -7.880000
vt -2.000000 -7.926667
vt -0.640000 -7.833333
vt -0.640000 -7.980000
vt -2.026667 -7.980000
vt -2.026667 -7.833333
vt -2.133333 -7.966667
vt -2.133333 -7.833333
vt -3.200000 -7.833333
vt -3.200000 -7.966667
vt -3.333333 -7.966667
vt -3.333333 -7.833333
vt -2.253333 -7.880000
vt -2.253333 -7.966667
vt -2.346667 -7.966667
vt -2.346667 -7.880000
vt -2.620000 -7.880000
vt -2.620000 -7.966667
vt -2.713333 -7.966667
vt -2.713333 -7.880000
vt -2.986667 -7.880000
vt -2.986667 -7.966667
vt -3.080000 -7.966667
vt -3.080000 -7.880000
vt -3.333333 -7.926667
vt -1.973333 -7.833333
vt -1.973333 -7.980000
vt -3.360000 -7.980000
vt -3.360000 -7.833333
vt -2.300000 -7.886667
vt -2.300000 -7.966667
vt -3.033333 -7.966667
vt -3.033333 -7.886667
vt -2.300000 1.033333
vt -2.300000 2.033333
vt -3.033333 2.033333
vt -3.033333 1.033333
vt -2.326667 -7.840000
vt -2.326667 -7.933333
vt -2.606667 -7.933333
vt -2.606667 -7.840000
vt -2.326667 1.493333
vt -2.326667 1.906667
vt -2.606667 1.906667
vt -2.606667 1.493333
vt -2.793333 -7.840000
vt -2.793333 -7.920000
vt -2.993333 -7.920000
vt -2.993333 -7.840000
vt -2.793333 1.333333
vt -2.793333 1.600000
vt -2.993333 1.600000
vt -2.993333 1.333333
vt -3.466667 -7.966667
vt -3.466667 -7.833333
vt -4.533333 -7.833333
vt -4.533333 -7.966667
vt -4.666667 -7.966667
vt -4.666667 -7.833333
vt -3.586667 -7.880000
vt -3.586667 -7.966667
vt -3.680000 -7.966667
vt -3.680000 -7.880000
vt -3.953333 -7.880000
vt -3.953333 -7.966667
vt -4.046667 -7.966667
vt -4.046667 -7.880000
vt -4.320000 -7.880000
vt -4.320000 -7.966667
vt -4.413333 -7.966667
vt -4.413333 -7.880000
vt -4.666667 -7.926667
vt -3.306667 -7.833333
vt -3.306667 -7.980000
vt -4.693333 -7.980000
vt -4.693333 -7.833333
vt -4.800000 -7.966667
vt -4.800000 -7.833333
vt -5.866667 -7.833333
vt -5.866667 -7.966667
vt -6.000000 -7.966667
vt -6.000000 -7.833333
vt -4.920000 -7.880000
vt -4.920000 -7.966667
vt -5.013333 -7.966667
vt -5.013333 -7.880000
vt -5.286667 -7.880000
vt -5.286667 -7.966667
vt -5.380000 -7.966667
vt -5.380000 -7.880000
vt -5.653333 -7.880000
vt -5.653333 -7.966667
vt -5.746667 -7.966667
vt -5.746667 -7.880000
vt -6.000000 -7.926667
vt -4.640000 -7.833333
vt -4.640000 -7.980000
vt -6.026667 -7.980000
vt -6.026667 -7.833333
vt -5.033333 -7.900000
vt -5.033333 -7.966667
vt -5.633333 -7.966667
vt -5.633333 -7.900000
vt -5.033333 1.633333
vt -5.033333 2.500000
vt -5.633333 2.500000
vt -5.633333 1.633333
vt -5.100000 -7.860000
vt -5.100000 -7.893333
vt -5.566667 -7.893333
vt -5.566667 -7.860000
vt -5.100000 1.686667
vt -5.100000 1.753333
vt -5.566667 1.753333
vt -5.566667 1.686667
vt -5.100000 1.820000
vt -5.100000 1.886667
vt -5.566667 1.886667
vt -5.566667 1.820000
vt -5.100000 1.953333
vt -5.100000 2.020000
vt -5.566667 2.020000
vt -5.566667 1.953333
vt -5.100000 2.086667
vt -5.100000 2.153333
vt -5.566667 2.153333
vt -5.566667 2.086667
vt -5.100000 2.220000
vt -5.100000 2.286667
vt -5.566667 2.286667
vt -5.566667 2.220000
vt -5.100000 2.353333
vt -5.100000 2.420000
vt -5.566667 2.420000
vt -5.566667 2.353333
vt -6.133333 -7.966667
vt -6.133333 -7.833333
vt -7.200000 -7.833333
vt -7.200000 -7.966667
vt -7.333333 -7.966667
vt -7.333333 -7.833333
vt -6.253333 -7.880000
vt -6.253333 -7.966667
vt -6.346667 -7.966667
vt -6.346667 -7.880000
vt -6.620000 -7.880000
vt -6.620000 -7.966667
vt -6.713333 -7.966667
vt -6.713333 -7.880000
vt -6.986667 -7.880000
vt -6.986667 -7.966667
vt -7.080000 -7.966667
vt -7.080000 -7.880000
vt -7.333333 -7.926667
vt -5.973333 -7.833333
vt -5.973333 -7.980000
vt -7.360000 -7.980000
vt -7.360000 -7.833333
vt 7.966667 -7.966667
vt 7.966667 7.966667
vt 7.966667 7.333333
vt 7.966667 7.200000
vt 7.833333 7.200000
vt 7.833333 7.333333
vt 7.966667 6.133333
vt 7.966667 6.000000
vt 7.833333 6.000000
vt 7.833333 6.133333
vt 7.966667 7.080000
vt 7.966667 6.986667
vt 7.880000 6.986667
vt 7.880000 7.080000
vt 7.966667 6.713333
vt 7.966667 6.620000
vt 7.880000 6.620000
vt 7.880000 6.713333
vt 7.966667 6.346667
vt 7.966667 6.253333
vt 7.880000 6.253333
vt 7.880000 6.346667
vt 7.926667 7.333333
vt 7.926667 6.000000
vt 7.980000 7.360000
vt 7.980000 5.973333
vt 7.833333 5.973333
vt 7.833333 7.360000
vt 7.966667 5.866667
vt 7.833333 5.866667
vt 7.966667 4.800000
vt 7.966667 4.666667
vt 7.833333 4.666667
vt 7.833333 4.800000
vt 7.966667 5.746667
vt 7.966667 5.653333
vt 7.880000 5.653333
vt 7.880000 5.746667
vt 7.966667 5.380000
vt 7.966667 5.286667
vt 7.880000 5.286667
vt 7.880000 5.380000
vt 7.966667 5.013333
vt 7.966667 4.920000
vt 7.880000 4.920000
vt 7.880000 5.013333
vt 7.926667 4.666667
vt 7.980000 6.026667
vt 7.980000 4.640000
vt 7.833333 4.640000
vt 7.833333 6.026667
vt 7.966667 5.700000
vt 7.966667 4.966667
vt 7.886667 4.966667
vt 7.886667 5.700000
vt 7.933333 5.673333
vt 7.933333 5.393333
vt 7.840000 5.393333
vt 7.840000 5.673333
vt 7.920000 5.206667
vt 7.920000 5.006667
vt 7.840000 5.006667
vt 7.840000 5.206667
vt 7.966667 4.533333
vt 7.833333 4.533333
vt 7.966667 3.466667
vt 7.966667 3.333333
vt 7.833333 3.333333
vt 7.833333 3.466667
vt 7.966667 4.413333
vt 7.966667 4.320000
vt 7.880000 4.320000
vt 7.880000 4.413333
vt 7.966667 4.046667
vt 7.966667 3.953333
vt 7.880000 3.953333
vt 7.880000 4.046667
vt 7.966667 3.680000
vt 7.966667 3.586667
vt 7.880000 3.586667
vt 7.880000 3.680000
vt 7.926667 3.333333
vt 7.980000 4.693333
vt 7.980000 3.306667
vt 7.833333 3.306667
vt 7.833333 4.693333
vt 7.966667 3.200000
vt 7.833333 3.200000
vt 7.966667 2.133333
vt 7.966667 2.000000
vt 7.833333 2.000000
vt 7.833333 2.133333
vt 7.966667 3.080000
vt 7.966667 2.986667
vt 7.880000 2.986667
vt 7.880000 3.080000
vt 7.966667 2.713333
vt 7.966667 2.620000
vt 7.880000 2.620000
vt 7.880000 2.713333
vt 7.966667 2.346667
vt 7.966667 2.253333
vt 7.880000 2.253333
vt 7.880000 2.346667
vt 7.926667 2.000000
vt 7.980000 3.360000
vt 7.980000 1.973333
vt 7.833333 1.973333
vt 7.833333 3.360000
vt 7.966667 2.966667
vt 7.966667 2.366667
vt 7.900000 2.366667
vt 7.900000 2.966667
vt 7.893333 2.900000
vt 7.893333 2.433333
vt 7.860000 2.433333
vt 7.860000 2.900000
vt 7.966667 1.866667
vt 7.833333 1.866667
vt 7.966667 0.800000
vt 7.966667 0.666667
vt 7.833333 0.666667
vt 7.833333 0.800000
vt 7.966667 1.746667
vt 7.966667 1.653333
vt 7.880000 1.653333
vt 7.880000 1.746667
vt 7.966667 1.380000
vt 7.966667 1.286667
vt 7.880000 1.286667
vt 7.880000 1.380000
vt 7.966667 1.013333
vt 7.966667 0.920000
vt 7.880000 0.920000
vt 7.880000 1.013333
vt 7.926667 0.666667
vt 7.980000 2.026667
vt 7.980000 0.640000
vt 7.833333 0.640000
vt 7.833333 2.026667
vt 7.966667 0.533333
vt 7.833333 0.533333
vt 7.966667 -0.533333
vt 7.966667 -0.666667
vt 7.833333 -0.666667
vt 7.833333 -0.533333
vt 7.966667 0.413333
vt 7.966667 0.320000
vt 7.880000 0.320000
vt 7.880000 0.413333
vt 7.966667 0.046667
vt 7.966667 -0.046667
vt 7.880000 -0.046667
vt 7.880000 0.046667
vt 7.966667 -0.320000
vt 7.966667 -0.413333
vt 7.880000 -0.413333
vt 7.880000 -0.320000
vt 7.926667 -0.666667
vt 7.980000 0.693333
vt 7.980000 -0.693333
vt 7.833333 -0.693333
vt 7.833333 0.693333
vt 7.966667 0.566667
vt 7.966667 -0.566667
vt 7.913333 -0.566667
vt 7.913333 0.566667
vt 7.966667 0.466667
vt 7.966667 -0.466667
vt 7.933333 -0.466667
vt 7.933333 0.466667
vt 7.966667 -0.800000
vt 7.833333 -0.800000
vt 7.966667 -1.866667
vt 7.966667 -2.000000
vt 7.833333 -2.000000
vt 7.833333 -1.866667
vt 7.966667 -0.920000
vt 7.966667 -1.013333
vt 7.880000 -1.013333
vt 7.880000 -0.920000
vt 7.966667 -1.286667
vt 7.966667 -1.380000
vt 7.880000 -1.380000
vt 7.880000 -1.286667
vt 7.966667 -1.653333
vt 7.966667 -1.746667
vt 7.880000 -1.746667
vt 7.880000 -1.653333
vt 7.926667 -2.000000
vt 7.980000 -0.640000
vt 7.980000 -2.026667
vt 7.833333 -2.026667
vt 7.833333 -0.640000
vt 7.966667 -2.133333
vt 7.833333 -2.133333
vt 7.966667 -3.200000
vt 7.966667 -3.333333
vt 7.833333 -3.333333
vt 7.833333 -3.200000
vt 7.966667 -2.253333
vt 7.966667 -2.346667
vt 7.880000 -2.346667
vt 7.880000 -2.253333
vt 7.966667 -2.620000
vt 7.966667 -2.713333
vt 7.880000 -2.713333
vt 7.880000 -2.620000
vt 7.966667 -2.986667
vt 7.966667 -3.080000
vt 7.880000 -3.080000
vt 7.880000 -2.986667
vt 7.926667 -3.333333
vt 7.980000 -1.973333
vt 7.980000 -3.360000
vt 7.833333 -3.360000
vt 7.833333 -1.973333
vt 7.966667 -2.300000
vt 7.966667 -3.033333
vt 7.886667 -3.033333
vt 7.886667 -2.300000
vt 7.933333 -2.326667
vt 7.933333 -2.606667
vt 7.840000 -2.606667
vt 7.840000 -2.326667
vt 7.920000 -2.793333
vt 7.920000 -2.993333
vt 7.840000 -2.993333
vt 7.840000 -2.793333
vt 7.966667 -3.466667
vt 7.833333 -3.466667
vt 7.966667 -4.533333
vt 7.966667 -4.666667
vt 7.833333 -4.666667
vt 7.833333 -4.533333
vt 7.966667 -3.586667
vt 7.966667 -3.680000
vt 7.880000 -3.680000
vt 7.880000 -3.586667
vt 7.966667 -3.953333
vt 7.966667 -4.046667
vt 7.880000 -4.046667
vt 7.880000 -3.953333
vt 7.966667 -4.320000
vt 7.966667 -4.413333
vt 7.880000 -4.413333
vt 7.880000 -4.320000
vt 7.926667 -4.666667
vt 7.980000 -3.306667
vt 7.980000 -4.693333
vt 7.833333 -4.693333
vt 7.833333 -3.306667
vt 7.966667 -4.800000
vt 7.833333 -4.800000
vt 7.966667 -5.866667
vt 7.966667 -6.000000
vt 7.833333 -6.000000
vt 7.833333 -5.866667
vt 7.966667 -4.920000
vt 7.966667 -5.013333
vt 7.880000 -5.013333
vt 7.880000 -4.920000
vt 7.966667 -5.286667
vt 7.966667 -5.380000
vt 7.880000 -5.380000
vt 7.880000 -5.286667
vt 7.966667 -5.653333
vt 7.966667 -5.746667
vt 7.880000 -5.746667
vt 7.880000 -5.653333
vt 7.926667 -6.000000
vt 7.980000 -4.640000
vt 7.980000 -6.026667
vt 7.833333 -6.026667
vt 7.833333 -4.640000
vt 7.966667 -5.033333
vt 7.966667 -5.633333
vt 7.900000 -5.633333
vt 7.900000 -5.033333
vt 7.893333 -5.100000
vt 7.893333 -5.566667
vt 7.860000 -5.566667
vt 7.860000 -5.100000
vt 7.966667 -6.133333
vt 7.833333 -6.133333
vt 7.966667 -7.200000
vt 7.966667 -7.333333
vt 7.833333 -7.333333
vt 7.833333 -7.200000
vt 7.966667 -6.253333
vt 7.966667 -6.346667
vt 7.880000 -6.346667
vt 7.880000 -6.253333
vt 7.966667 -6.620000
vt 7.966667 -6.713333
vt 7.880000 -6.713333
vt 7.880000 -6.620000
vt 7.966667 -6.986667
vt 7.966667 -7.080000
vt 7.880000 -7.080000
vt 7.880000 -6.986667
vt 7.926667 -7.333333
vt 7.980000 -5.973333
vt 7.980000 -7.360000
vt 7.833333 -7.360000
vt 7.833333 -5.973333
vt -7.966667 7.966667
vt -7.966667 -7.966667
vt -7.833333 -7.200000
vt -7.833333 -7.333333
vt -7.966667 -7.333333
vt -7.966667 -7.200000
vt -7.833333 -6.000000
vt -7.833333 -6.133333
vt -7.966667 -6.133333
vt -7.966667 -6.000000
vt -7.880000 -6.986667
vt -7.880000 -7.080000
vt -7.966667 -7.080000
vt -7.966667 -6.986667
vt -7.880000 -6.620000
vt -7.880000 -6.713333
vt -7.966667 -6.713333
vt -7.966667 -6.620000
vt -7.880000 -6.253333
vt -7.880000 -6.346667
vt -7.966667 -6.346667
vt -7.966667 -6.253333
vt -7.926667 -7.333333
vt -7.926667 -6.000000
vt -7.833333 -5.973333
vt -7.833333 -7.360000
vt -7.980000 -7.360000
vt -7.980000 -5.973333
vt -7.833333 -5.866667
vt -7.966667 -5.866667
vt -7.833333 -4.666667
vt -7.833333 -4.800000
vt -7.966667 -4.800000
vt -7.966667 -4.666667
vt -7.880000 -5.653333
vt -7.880000 -5.746667
vt -7.966667 -5.746667
vt -7.966667 -5.653333
vt -7.880000 -5.286667
vt -7.880000 -5.380000
vt -7.966667 -5.380000
vt -7.966667 -5.286667
vt -7.880000 -4.920000
vt -7.880000 -5.013333
vt -7.966667 -5.013333
vt -7.966667 -4.920000
vt -7.926667 -4.666667
vt -7.833333 -4.640000
vt -7.833333 -6.026667
vt -7.980000 -6.026667
vt -7.980000 -4.640000
vt -7.886667 -4.966667
vt -7.886667 -5.700000
vt -7.966667 -5.700000
vt -7.966667 -4.966667
vt -7.840000 -5.393333
vt -7.840000 -5.673333
vt -7.933333 -5.673333
vt -7.933333 -5.393333
vt -7.840000 -5.006667
vt -7.840000 -5.206667
vt -7.920000 -5.206667
vt -7.920000 -5.006667
vt -7.833333 -4.533333
vt -7.966667 -4.533333
vt -7.833333 -3.333333
vt -7.833333 -3.466667
vt -7.966667 -3.466667
vt -7.966667 -3.333333
vt -7.880000 -4.320000
vt -7.880000 -4.413333
vt -7.966667 -4.413333
vt -7.966667 -4.320000
vt -7.880000 -3.953333
vt -7.880000 -4.046667
vt -7.966667 -4.046667
vt -7.966667 -3.953333
vt -7.880000 -3.586667
vt -7.880000 -3.680000
vt -7.966667 -3.680000
vt -7.966667 -3.586667
vt -7.926667 -3.333333
vt -7.833333 -3.306667
vt -7.833333 -4.693333
vt -7.980000 -4.693333
vt -7.980000 -3.306667
vt -7.833333 -3.200000
vt -7.966667 -3.200000
vt -7.833333 -2.000000
vt -7.833333 -2.133333
vt -7.966667 -2.133333
vt -7.966667 -2.000000
vt -7.880000 -2.986667
vt -7.880000 -3.080000
vt -7.966667 -3.080000
vt -7.966667 -2.986667
vt -7.880000 -2.620000
vt -7.880000 -2.713333
vt -7.966667 -2.713333
vt -7.966667 -2.620000
vt -7.880000 -2.253333
vt -7.880000 -2.346667
vt -7.966667 -2.346667
vt -7.966667 -2.253333
vt -7.926667 -2.000000
vt -7.833333 -1.973333
vt -7.833333 -3.360000
vt -7.980000 -3.360000
vt -7.980000 -1.973333
vt -7.900000 -2.366667
vt -7.900000 -2.966667
vt -7.966667 -2.966667
vt -7.966667 -2.366667
vt -7.860000 -2.433333
vt -7.860000 -2.900000
vt -7.893333 -2.900000
vt -7.893333 -2.433333
vt -7.833333 -1.866667
vt -7.966667 -1.866667
vt -7.833333 -0.666667
vt -7.833333 -0.800000
vt -7.966667 -0.800000
vt -7.966667 -0.666667
vt -7.880000 -1.653333
vt -7.880000 -1.746667
vt -7.966667 -1.746667
vt -7.966667 -1.653333
vt -7.880000 -1.286667
vt -7.880000 -1.380000
vt -7.966667 -1.380000
vt -7.966667 -1.286667
vt -7.880000 -0.920000
vt -7.880000 -1.013333
vt -7.966667 -1.013333
vt -7.966667 -0.920000
vt -7.926667 -0.666667
vt -7.833333 -0.640000
vt -7.833333 -2.026667
vt -7.980000 -2.026667
vt -7.980000 -0.640000
vt -7.833333 -0.533333
vt -7.966667 -0.533333
vt -7.833333 0.666667
vt -7.833333 0.533333
vt -7.966667 0.533333
vt -7.966667 0.666667
vt -7.880000 -0.320000
vt -7.880000 -0.413333
vt -7.966667 -0.413333
vt -7.966667 -0.320000
vt -7.880000 0.046667
vt -7.880000 -0.046667
vt -7.966667 -0.046667
vt -7.966667 0.046667
vt -7.880000 0.413333
vt -7.880000 0.320000
vt -7.966667 0.320000
vt -7.966667 0.413333
vt -7.926667 0.666667
vt -7.833333 0.693333
vt -7.833333 -0.693333
vt -7.980000 -0.693333
vt -7.980000 0.693333
vt -7.913333 0.566667
vt -7.913333 -0.566667
vt -7.966667 -0.566667
vt -7.966667 0.566667
vt -7.933333 0.466667
vt -7.933333 -0.466667
vt -7.966667 -0.466667
vt -7.966667 0.466667
vt -7.833333 0.800000
vt -7.966667 0.800000
vt -7.833333 2.000000
vt -7.833333 1.866667
vt -7.966667 1.866667
vt -7.966667 2.000000
vt -7.880000 1.013333
vt -7.880000 0.920000
vt -7.966667 0.920000
vt -7.966667 1.013333
vt -7.880000 1.380000
vt -7.880000 1.286667
vt -7.966667 1.286667
vt -7.966667 1.380000
vt -7.880000 1.746667
vt -7.880000 1.653333
vt -7.966667 1.653333
vt -7.966667 1.746667
vt -7.926667 2.000000
vt -7.833333 2.026667
vt -7.833333 0.640000
vt -7.980000 0.640000
vt -7.980000 2.026667
vt -7.833333 2.133333
vt -7.966667 2.133333
vt -7.833333 3.333333
vt -7.833333 3.200000
vt -7.966667 3.200000
vt -7.966667 3.333333
vt -7.880000 2.346667
vt -7.880000 2.253333
vt -7.966667 2.253333
vt -7.966667 2.346667
vt -7.880000 2.713333
vt -7.880000 2.620000
vt -7.966667 2.620000
vt -7.966667 2.713333
vt -7.880000 3.080000
vt -7.880000 2.986667
vt -7.966667 2.986667
vt -7.966667 3.080000
vt -7.926667 3.333333
vt -7.833333 3.360000
vt -7.833333 1.973333
vt -7.980000 1.973333
vt -7.980000 3.360000
vt -7.886667 3.033333
vt -7.886667 2.300000
vt -7.966667 3.033333
vt -7.840000 2.606667
vt -7.840000 2.326667
vt -7.933333 2.326667
vt -7.933333 2.606667
vt -7.840000 2.993333
vt -7.840000 2.793333
vt -7.920000 2.793333
vt -7.920000 2.993333
vt -7.833333 3.466667
vt -7.966667 3.466667
vt -7.833333 4.666667
vt -7.833333 4.533333
vt -7.966667 4.533333
vt -7.966667 4.666667
vt -7.880000 3.680000
vt -7.880000 3.586667
vt -7.966667 3.586667
vt -7.966667 3.680000
vt -7.880000 4.046667
vt -7.880000 3.953333
vt -7.966667 3.953333
vt -7.966667 4.046667
vt -7.880000 4.413333
vt -7.880000 4.320000
vt -7.966667 4.320000
vt -7.966667 4.413333
vt -7.926667 4.666667
vt -7.833333 4.693333
vt -7.833333 3.306667
vt -7.980000 3.306667
vt -7.980000 4.693333
vt -7.833333 4.800000
vt -7.966667 4.800000
vt -7.833333 6.000000
vt -7.833333 5.866667
vt -7.966667 5.866667
vt -7.966667 6.000000
vt -7.880000 5.013333
vt -7.880000 4.920000
vt -7.966667 4.920000
vt -7.966667 5.013333
vt -7.880000 5.380000
vt -7.880000 5.286667
vt -7.966667 5.286667
vt -7.966667 5.380000
vt -7.880000 5.746667
vt -7.880000 5.653333
vt -7.966667 5.653333
vt -7.966667 5.746667
vt -7.926667 6.000000
vt -7.833333 6.026667
vt -7.833333 4.640000
vt -7.980000 4.640000
vt -7.980000 6.026667
vt -7.900000 5.633333
vt -7.900000 5.033333
vt -7.966667 5.033333
vt -7.966667 5.633333
vt -7.860000 5.566667
vt -7.860000 5.100000
vt -7.893333 5.100000
vt -7.893333 5.566667
vt -7.833333 6.133333
vt -7.966667 6.133333
vt -7.833333 7.333333
vt -7.833333 7.200000
vt -7.966667 7.200000
vt -7.966667 7.333333
vt -7.880000 6.346667
vt -7.880000 6.253333
vt -7.966667 6.253333
vt -7.966667 6.346667
vt -7.880000 6.713333
vt -7.880000 6.620000
vt -7.966667 6.620000
vt -7.966667 6.713333
vt -7.880000 7.080000
vt -7.880000 6.986667
vt -7.966667 6.986667
vt -7.966667 7.080000
vt -7.926667 7.333333
vt -7.833333 7.360000
vt -7.833333 5.973333
vt -7.980000 5.973333
vt -7.980000 7.360000
vn 0.000000 0.000000 -1.000000
vn 0.000000 0.000000 1.000000
vn 0.000000 -1.000000 0.000000
vn 0.000000 1.000000 0.000000
vn -1.000000 0.000000 0.000000
vn 1.000000 0.000000 0.000000
g wall_north
f 1/1/1 2/2/1 3/3/1 4/4/1
f 5/2/2 6/1/2 7/4/2 8/3/2
f 2/5/3 5/6/3 8/7/3 3/8/3
f 4/8/4 7/7/4 6/6/4 1/5/4
f 3/9/5 8/10/5 7/6/5 4/5/5
f 1/5/6 6/6/6 5/10/6 2/9/6
f 9/11/1 10/12/1 11/13/1 12/14/1
f 13/12/2 14/11/2 15/14/2 16/13/2
f 10/15/3 13/16/3 16/17/3 11/18/3
f 12/18/4 15/17/4 14/16/4 9/15/4
f 11/19/5 16/20/5 15/10/5 12/9/5
f 9/9/6 14/10/6 13/20/6 10/19/6
f 17/21/1 18/22/1 19/23/1 20/24/1
f 21/22/2 22/21/2 23/24/2 24/23/2
f 18/25/3 21/26/3 24/27/3 19/28/3
f 20/28/4 23/27/4 22/26/4 17/25/4
f 19/19/5 24/20/5 23/10/5 20/9/5
f 17/9/6 22/10/6 21/20/6 18/19/6
f 25/21/1 26/22/1 27/13/1 28/14/1
f 21/22/2 22/21/2 15/14/2 16/13/2
f 26/29/3 21/26/3 16/17/3 27/30/3
f 28/30/4 15/17/4 22/26/4 25/29/4
f 27/31/5 16/20/5 15/10/5 28/32/5
f 25/32/6 22/10/6 21/20/6 26/31/6
f 17/21/1 18/22/1 11/13/1 12/14/1
f 29/22/2 30/21/2 31/14/2 32/13/2
f 18/25/3 29/33/3 32/34/3 11/18/3
f 12/18/4 31/34/4 30/33/4 17/25/4
f 11/19/5 32/35/5 31/36/5 12/9/5
f 17/9/6 30/36/6 29/35/6 18/19/6
f 33/37/1 34/38/1 35/39/1 36/40/1
f 37/38/2 38/37/2 39/40/2 40/39/2
f 34/41/3 37/42/3 40/43/3 35/44/3
f 36/44/4 39/43/4 38/42/4 33/41/4
f 35/45/5 40/46/5 39/47/5 36/48/5
f 33/48/6 38/47/6 37/46/6 34/45/6
f 41/49/1 42/50/1 43/51/1 44/52/1
f 45/50/2 46/49/2 47/52/2 48/51/2
f 42/53/3 45/54/3 48/55/3 43/56/3
f 44/56/4 47/55/4 46/54/4 41/53/4
f 43/45/5 48/46/5 47/47/5 44/48/5
f 41/48/6 46/47/6 45/46/6 42/45/6
f 49/57/1 50/58/1 51/59/1 52/60/1
f 53/58/2 54/57/2 55/60/2 56/59/2
f 50/61/3 53/62/3 56/63/3 51/64/3
f 52/64/4 55/63/4 54/62/4 49/61/4
f 51/45/5 56/46/5 55/47/5 52/48/5
f 49/48/6 54/47/6 53/46/6 50/45/6
f 57/65/1 58/22/1 59/13/1 60/66/1
f 61/22/2 62/65/2 63/66/2 64/13/2
f 58/67/3 61/68/3 64/69/3 59/70/3
f 60/70/4 63/69/4 62/68/4 57/67/4
f 59/71/5 64/72/5 63/73/5 60/74/5
f 57/74/6 62/73/6 61/72/6 58/71/6
f 65/75/1 66/76/1 67/77/1 68/78/1
f 69/76/2 70/75/2 71/78/2 72/77/2
f 66/79/3 69/80/3 72/81/3 67/82/3
f 68/82/4 71/81/4 70/80/4 65/79/4
f 67/20/5 72/83/5 71/84/5 68/85/5
f 65/85/6 70/84/6 69/83/6 66/20/6
f 73/86/1 74/87/1 18/22/1 17/21/1
f 75/87/2 76/86/2 22/21/2 21/22/2
f 74/88/3 75/89/3 21/26/3 18/25/3
f 17/25/4 22/26/4 76/89/4 73/88/4
f 18/19/5 21/20/5 22/10/5 17/9/5
f 73/9/6 76/10/6 75/20/6 74/19/6
f 77/90/1 78/91/1 79/92/1 80/93/1
f 81/91/2 82/90/2 83/93/2 84/92/2
f 78/94/3 81/95/3 84/96/3 79/97/3
f 80/97/4 83/96/4 82/95/4 77/94/4
f 79/19/5 84/20/5 83/10/5 80/9/5
f 77/9/6 82/10/6 81/20/6 78/19/6
f 85/90/1 86/91/1 26/22/1 25/21/1
f 81/91/2 82/90/2 22/21/2 21/22/2
f 86/98/3 81/95/3 21/26/3 26/29/3
f 25/29/4 22/26/4 82/95/4 85/98/4
f 26/31/5 21/20/5 22/10/5 25/32/5
f 85/32/6 82/10/6 81/20/6 86/31/6
f 77/90/1 78/91/1 18/22/1 17/21/1
f 87/91/2 88/90/2 30/21/2 29/22/2
f 78/94/3 87/99/3 29/33/3 18/25/3
f 17/25/4 30/33/4 88/99/4 77/94/4
f 18/19/5 29/35/5 30/36/5 17/9/5
f 77/9/6 88/36/6 87/35/6 78/19/6
f 89/100/1 90/101/1 91/102/1 92/103/1
f 93/101/2 94/100/2 95/103/2 96/102/2
f 90/104/3 93/105/3 96/106/3 91/107/3
f 92/107/4 95/106/4 94/105/4 89/104/4
f 91/45/5 96/46/5 95/47/5 92/48/5
f 89/48/6 94/47/6 93/46/6 90/45/6
f 97/108/1 98/109/1 99/110/1 100/111/1
f 101/109/2 102/108/2 103/111/2 104/110/2
f 98/112/3 101/113/3 104/114/3 99/115/3
f 100/115/4 103/114/4 102/113/4 97/112/4
f 99/45/5 104/46/5 103/47/5 100/48/5
f 97/48/6 102/47/6 101/46/6 98/45/6
f 105/116/1 106/117/1 107/118/1 108/119/1
f 109/117/2 110/116/2 111/119/2 112/118/2
f 106/120/3 109/121/3 112/122/3 107/123/3
f 108/123/4 111/122/4 110/121/4 105/120/4
f 107/45/5 112/46/5 111/47/5 108/48/5
f 105/48/6 110/47/6 109/46/6 106/45/6
f 113/124/1 114/91/1 58/22/1 57/65/1
f 115/91/2 116/124/2 62/65/2 61/22/2
f 114/125/3 115/126/3 61/68/3 58/67/3
f 57/67/4 62/68/4 116/126/4 113/125/4
f 58/71/5 61/72/5 62/73/5 57/74/5
f 113/74/6 116/73/6 115/72/6 114/71/6
f 117/127/1 118/128/1 119/129/1 120/130/1
f 121/128/2 122/127/2 123/130/2 124/129/2
f 118/131/3 121/132/3 124/133/3 119/134/3
f 120/134/4 123/133/4 122/132/4 117/131/4
f 119/20/5 124/83/5 123/84/5 120/85/5
f 117/85/6 122/84/6 121/83/6 118/20/6
f 125/135/1 126/136/1 127/137/1 128/138/1
f 129/136/2 130/135/2 131/138/2 132/137/2
f 126/139/3 129/140/3 132/141/3 127/142/3
f 128/142/4 131/141/4 130/140/4 125/139/4
f 127/143/5 132/144/5 131/145/5 128/146/5
f 125/146/6 130/145/6 129/144/6 126/143/6
f 133/147/1 134/148/1 135/149/1 136/150/1
f 137/148/2 138/147/2 139/150/2 140/149/2
f 134/151/3 137/152/3 140/153/3 135/154/3
f 136/154/4 139/153/4 138/152/4 133/151/4
f 135/155/5 140/156/5 139/157/5 136/158/5
f 133/158/6 138/157/6 137/156/6 134/155/6
f 141/159/1 142/160/1 143/161/1 144/162/1
f 145/160/2 146/159/2 147/162/2 148/161/2
f 142/163/3 145/164/3 148/165/3 143/166/3
f 144/166/4 147/165/4 146/164/4 141/163/4
f 143/167/5 148/168/5 147/169/5 144/170/5
f 141/170/6 146/169/6 145/168/6 142/167/6
f 149/171/1 150/172/1 78/91/1 77/90/1
f 151/172/2 152/171/2 82/90/2 81/91/2
f 150/173/3 151/174/3 81/95/3 78/94/3
f 77/94/4 82/95/4 152/174/4 149/173/4
f 78/19/5 81/20/5 82/10/5 77/9/5
f 149/9/6 152/10/6 151/20/6 150/19/6
f 153/175/1 154/176/1 155/177/1 156/178/1
f 157/176/2 158/175/2 159/178/2 160/177/2
f 154/179/3 157/180/3 160/181/3 155/182/3
f 156/182/4 159/181/4 158/180/4 153/179/4
f 155/19/5 160/20/5 159/10/5 156/9/5
f 153/9/6 158/10/6 157/20/6 154/19/6
f 161/175/1 162/176/1 86/91/1 85/90/1
f 157/176/2 158/175/2 82/90/2 81/91/2
f 162/183/3 157/180/3 81/95/3 86/98/3
f 85/98/4 82/95/4 158/180/4 161/183/4
f 86/31/5 81/20/5 82/10/5 85/32/5
f 161/32/6 158/10/6 157/20/6 162/31/6
f 153/175/1 154/176/1 78/91/1 77/90/1
f 163/176/2 164/175/2 88/90/2 87/91/2
f 154/179/3 163/184/3 87/99/3 78/94/3
f 77/94/4 88/99/4 164/184/4 153/179/4
f 78/19/5 87/35/5 88/36/5 77/9/5
f 153/9/6 164/36/6 163/35/6 154/19/6
f 165/185/1 166/186/1 167/187/1 168/188/1
f 169/186/2 170/185/2 171/188/2 172/187/2
f 166/189/3 169/190/3 172/191/3 167/192/3
f 168/192/4 171/191/4 170/190/4 165/189/4
f 167/45/5 172/46/5 171/47/5 168/48/5
f 165/48/6 170/47/6 169/46/6 166/45/6
f 173/193/1 174/194/1 175/195/1 176/196/1
f 177/194/2 178/193/2 179/196/2 180/195/2
f 174/197/3 177/198/3 180/199/3 175/200/3
f 176/200/4 179/199/4 178/198/4 173/197/4
f 175/45/5 180/46/5 179/47/5 176/48/5
f 173/48/6 178/47/6 177/46/6 174/45/6
f 181/201/1 182/202/1 183/203/1 184/204/1
f 185/202/2 186/201/2 187/204/2 188/203/2
f 182/205/3 185/206/3 188/207/3 183/208/3
f 184/208/4 187/207/4 186/206/4 181/205/4
f 183/45/5 188/46/5 187/47/5 184/48/5
f 181/48/6 186/47/6 185/46/6 182/45/6
f 189/209/1 190/176/1 114/91/1 113/124/1
f 191/176/2 192/209/2 116/124/2 115/91/2
f 190/210/3 191/211/3 115/126/3 114/125/3
f 113/125/4 116/126/4 192/211/4 189/210/4
f 114/71/5 115/72/5 116/73/5 113/74/5
f 189/74/6 192/73/6 191/72/6 190/71/6
f 193/212/1 194/213/1 195/214/1 196/215/1
f 197/213/2 198/212/2 199/215/2 200/214/2
f 194/216/3 197/217/3 200/218/3 195/219/3
f 196/219/4 199/218/4 198/217/4 193/216/4
f 195/20/5 200/83/5 199/84/5 196/85/5
f 193/85/6 198/84/6 197/83/6 194/20/6
f 201/220/1 202/221/1 154/176/1 153/175/1
f 203/221/2 204/220/2 158/175/2 157/176/2
f 202/222/3 203/223/3 157/180/3 154/179/3
f 153/179/4 158/180/4 204/223/4 201/222/4
f 154/19/5 157/20/5 158/10/5 153/9/5
f 201/9/6 204/10/6 203/20/6 202/19/6
f 205/224/1 206/225/1 207/226/1 208/227/1
f 209/225/2 210/224/2 211/227/2 212/226/2
f 206/228/3 209/229/3 212/230/3 207/231/3
f 208/231/4 211/230/4 210/229/4 205/228/4
f 207/19/5 212/20/5 211/10/5 208/9/5
f 205/9/6 210/10/6 209/20/6 206/19/6
f 213/224/1 214/225/1 162/176/1 161/175/1
f 209/225/2 210/224/2 158/175/2 157/176/2
f 214/232/3 209/229/3 157/180/3 162/183/3
f 161/183/4 158/180/4 210/229/4 213/232/4
f 162/31/5 157/20/5 158/10/5 161/32/5
f 213/32/6 210/10/6 209/20/6 214/31/6
f 205/224/1 206/225/1 154/176/1 153/175/1
f 215/225/2 216/224/2 164/175/2 163/176/2
f 206/228/3 215/233/3 163/184/3 154/179/3
f 153/179/4 164/184/4 216/233/4 205/228/4
f 154/19/5 163/35/5 164/36/5 153/9/5
f 205/9/6 216/36/6 215/35/6 206/19/6
f 217/234/1 218/235/1 219/236/1 220/237/1
f 221/235/2 222/234/2 223/237/2 224/236/2
f 218/238/3 221/239/3 224/240/3 219/241/3
f 220/241/4 223/240/4 222/239/4 217/238/4
f 219/45/5 224/46/5 223/47/5 220/48/5
f 217/48/6 222/47/6 221/46/6 218/45/6
f 225/242/1 226/243/1 227/244/1 228/245/1
f 229/243/2 230/242/2 231/245/2 232/244/2
f 226/246/3 229/247/3 232/248/3 227/249/3
f 228/249/4 231/248/4 230/247/4 225/246/4
f 227/45/5 232/46/5 231/47/5 228/48/5
f 225/48/6 230/47/6 229/46/6 226/45/6
f 233/250/1 234/251/1 235/252/1 236/253/1
f 237/251/2 238/250/2 239/253/2 240/252/2
f 234/254/3 237/255/3 240/256/3 235/257/3
f 236/257/4 239/256/4 238/255/4 233/254/4
f 235/45/5 240/46/5 239/47/5 236/48/5
f 233/48/6 238/47/6 237/46/6 234/45/6
f 241/258/1 242/225/1 190/176/1 189/209/1
f 243/225/2 244/258/2 192/209/2 191/176/2
f 242/259/3 243/260/3 191/211/3 190/210/3
f 189/210/4 192/211/4 244/260/4 241/259/4
f 190/71/5 191/72/5 192/73/5 189/74/5
f 241/74/6 244/73/6 243/72/6 242/71/6
f 245/261/1 246/262/1 247/263/1 248/264/1
f 249/262/2 250/261/2 251/264/2 252/263/2
f 246/265/3 249/266/3 252/267/3 247/268/3
f 248/268/4 251/267/4 250/266/4 245/265/4
f 247/20/5 252/83/5 251/84/5 248/85/5
f 245/85/6 250/84/6 249/83/6 246/20/6
f 253/269/1 254/270/1 255/271/1 256/272/1
f 257/270/2 258/269/2 259/272/2 260/271/2
f 254/273/3 257/274/3 260/275/3 255/276/3
f 256/276/4 259/275/4 258/274/4 253/273/4
f 255/277/5 260/278/5 259/279/5 256/280/5
f 253/280/6 258/279/6 257/278/6 254/277/6
f 261/281/1 262/282/1 263/283/1 264/284/1
f 265/282/2 266/281/2 267/284/2 268/283/2
f 262/285/3 265/286/3 268/287/3 263/288/3
f 264/288/4 267/287/4 266/286/4 261/285/4
f 263/289/5 268/290/5 267/291/5 264/292/5
f 261/292/6 266/291/6 265/290/6 262/289/6
f 269/281/1 270/282/1 271/283/1 272/284/1
f 273/282/2 274/281/2 275/284/2 276/283/2
f 270/293/3 273/294/3 276/295/3 271/296/3
f 272/296/4 275/295/4 274/294/4 269/293/4
f 271/297/5 276/298/5 275/299/5 272/300/5
f 269/300/6 274/299/6 273/298/6 270/297/6
f 277/281/1 278/282/1 279/283/1 280/284/1
f 281/282/2 282/281/2 283/284/2 284/283/2
f 278/301/3 281/302/3 284/303/3 279/304/3
f 280/304/4 283/303/4 282/302/4 277/301/4
f 279/305/5 284/306/5 283/307/5 280/308/5
f 277/308/6 282/307/6 281/306/6 278/305/6
f 285/281/1 286/282/1 287/283/1 288/284/1
f 289/282/2 290/281/2 291/284/2 292/283/2
f 286/309/3 289/310/3 292/311/3 287/312/3
f 288/312/4 291/311/4 290/310/4 285/309/4
f 287/313/5 292/314/5 291/315/5 288/316/5
f 285/316/6 290/315/6 289/314/6 286/313/6
f 293/281/1 294/282/1 295/283/1 296/284/1
f 297/282/2 298/281/2 299/284/2 300/283/2
f 294/317/3 297/318/3 300/319/3 295/320/3
f 296/320/4 299/319/4 298/318/4 293/317/4
f 295/321/5 300/322/5 299/323/5 296/324/5
f 293/324/6 298/323/6 297/322/6 294/321/6
f 301/281/1 302/282/1 303/283/1 304/284/1
f 305/282/2 306/281/2 307/284/2 308/283/2
f 302/325/3 305/326/3 308/327/3 303/328/3
f 304/328/4 307/327/4 306/326/4 301/325/4
f 303/329/5 308/330/5 307/331/5 304/332/5
f 301/332/6 306/331/6 305/330/6 302/329/6
f 309/333/1 310/334/1 206/225/1 205/224/1
f 311/334/2 312/333/2 210/224/2 209/225/2
f 310/335/3 311/336/3 209/229/3 206/228/3
f 205/228/4 210/229/4 312/336/4 309/335/4
f 206/19/5 209/20/5 210/10/5 205/9/5
f 309/9/6 312/10/6 311/20/6 310/19/6
f 313/337/1 314/338/1 315/339/1 316/340/1
f 317/338/2 318/337/2 319/340/2 320/339/2
f 314/341/3 317/342/3 320/343/3 315/344/3
f 316/344/4 319/343/4 318/342/4 313/341/4
f 315/19/5 320/20/5 319/10/5 316/9/5
f 313/9/6 318/10/6 317/20/6 314/19/6
f 321/337/1 322/338/1 214/225/1 213/224/1
f 317/338/2 318/337/2 210/224/2 209/225/2
f 322/345/3 317/342/3 209/229/3 214/232/3
f 213/232/4 210/229/4 318/342/4 321/345/4
f 214/31/5 209/20/5 210/10/5 213/32/5
f 321/32/6 318/10/6 317/20/6 322/31/6
f 313/337/1 314/338/1 206/225/1 205/224/1
f 323/338/2 324/337/2 216/224/2 215/225/2
f 314/341/3 323/346/3 215/233/3 206/228/3
f 205/228/4 216/233/4 324/346/4 313/341/4
f 206/19/5 215/35/5 216/36/5 205/9/5
f 313/9/6 324/36/6 323/35/6 314/19/6
f 325/347/1 326/348/1 327/349/1 328/350/1
f 329/348/2 330/347/2 331/350/2 332/349/2
f 326/351/3 329/352/3 332/353/3 327/354/3
f 328/354/4 331/353/4 330/352/4 325/351/4
f 327/45/5 332/46/5 331/47/5 328/48/5
f 325/48/6 330/47/6 329/46/6 326/45/6
f 333/355/1 334/356/1 335/357/1 336/358/1
f 337/356/2 338/355/2 339/358/2 340/357/2
f 334/359/3 337/360/3 340/361/3 335/362/3
f 336/362/4 339/361/4 338/360/4 333/359/4
f 335/45/5 340/46/5 339/47/5 336/48/5
f 333/48/6 338/47/6 337/46/6 334/45/6
f 341/363/1 342/364/1 343/365/1 344/366/1
f 345/364/2 346/363/2 347/366/2 348/365/2
f 342/367/3 345/368/3 348/369/3 343/370/3
f 344/370/4 347/369/4 346/368/4 341/367/4
f 343/45/5 348/46/5 347/47/5 344/48/5
f 341/48/6 346/47/6 345/46/6 342/45/6
f 349/371/1 350/338/1 242/225/1 241/258/1
f 351/338/2 352/371/2 244/258/2 243/225/2
f 350/372/3 351/373/3 243/260/3 242/259/3
f 241/259/4 244/260/4 352/373/4 349/372/4
f 242/71/5 243/72/5 244/73/5 241/74/5
f 349/74/6 352/73/6 351/72/6 350/71/6
f 353/374/1 354/375/1 355/376/1 356/377/1
f 357/375/2 358/374/2 359/377/2 360/376/2
f 354/378/3 357/379/3 360/380/3 355/381/3
f 356/381/4 359/380/4 358/379/4 353/378/4
f 355/20/5 360/83/5 359/84/5 356/85/5
f 353/85/6 358/84/6 357/83/6 354/20/6
f 361/382/1 362/383/1 314/338/1 313/337/1
f 363/383/2 364/382/2 318/337/2 317/338/2
f 362/384/3 363/385/3 317/342/3 314/341/3
f 313/341/4 318/342/4 364/385/4 361/384/4
f 314/19/5 317/20/5 318/10/5 313/9/5
f 361/9/6 364/10/6 363/20/6 362/19/6
f 365/386/1 366/387/1 367/388/1 368/389/1
f 369/387/2 370/386/2 371/389/2 372/388/2
f 366/390/3 369/391/3 372/392/3 367/393/3
f 368/393/4 371/392/4 370/391/4 365/390/4
f 367/19/5 372/20/5 371/10/5 368/9/5
f 365/9/6 370/10/6 369/20/6 366/19/6
f 373/386/1 374/387/1 322/338/1 321/337/1
f 369/387/2 370/386/2 318/337/2 317/338/2
f 374/394/3 369/391/3 317/342/3 322/345/3
f 321/345/4 318/342/4 370/391/4 373/394/4
f 322/31/5 317/20/5 318/10/5 321/32/5
f 373/32/6 370/10/6 369/20/6 374/31/6
f 365/386/1 366/387/1 314/338/1 313/337/1
f 375/387/2 376/386/2 324/337/2 323/338/2
f 366/390/3 375/395/3 323/346/3 314/341/3
f 313/341/4 324/346/4 376/395/4 365/390/4
f 314/19/5 323/35/5 324/36/5 313/9/5
f 365/9/6 376/36/6 375/35/6 366/19/6
f 377/396/1 378/397/1 379/398/1 380/399/1
f 381/397/2 382/396/2 383/399/2 384/398/2
f 378/400/3 381/401/3 384/402/3 379/403/3
f 380/403/4 383/402/4 382/401/4 377/400/4
f 379/45/5 384/46/5 383/47/5 380/48/5
f 377/48/6 382/47/6 381/46/6 378/45/6
f 385/404/1 386/405/1 387/406/1 388/407/1
f 389/405/2 390/404/2 391/407/2 392/406/2
f 386/408/3 389/409/3 392/410/3 387/411/3
f 388/411/4 391/410/4 390/409/4 385/408/4
f 387/45/5 392/46/5 391/47/5 388/48/5
f 385/48/6 390/47/6 389/46/6 386/45/6
f 393/412/1 394/413/1 395/414/1 396/415/1
f 397/413/2 398/412/2 399/415/2 400/414/2
f 394/416/3 397/417/3 400/418/3 395/419/3
f 396/419/4 399/418/4 398/417/4 393/416/4
f 395/45/5 400/46/5 399/47/5 396/48/5
f 393/48/6 398/47/6 397/46/6 394/45/6
f 401/420/1 402/387/1 350/338/1 349/371/1
f 403/387/2 404/420/2 352/371/2 351/338/2
f 402/421/3 403/422/3 351/373/3 350/372/3
f 349/372/4 352/373/4 404/422/4 401/421/4
f 350/71/5 351/72/5 352/73/5 349/74/5
f 401/74/6 404/73/6 403/72/6 402/71/6
f 405/423/1 406/424/1 407/425/1 408/426/1
f 409/424/2 410/423/2 411/426/2 412/425/2
f 406/427/3 409/428/3 412/429/3 407/430/3
f 408/430/4 411/429/4 410/428/4 405/427/4
f 407/20/5 412/83/5 411/84/5 408/85/5
f 405/85/6 410/84/6 409/83/6 406/20/6
f 413/431/1 414/432/1 415/433/1 416/434/1
f 417/432/2 418/431/2 419/434/2 420/433/2
f 414/435/3 417/436/3 420/437/3 415/438/3
f 416/438/4 419/437/4 418/436/4 413/435/4
f 415/439/5 420/440/5 419/441/5 416/442/5
f 413/442/6 418/441/6 417/440/6 414/439/6
f 421/443/1 422/444/1 423/445/1 424/446/1
f 425/444/2 426/443/2 427/446/2 428/445/2
f 422/447/3 425/448/3 428/449/3 423/450/3
f 424/450/4 427/449/4 426/448/4 421/447/4
f 423/451/5 428/452/5 427/453/5 424/279/5
f 421/279/6 426/453/6 425/452/6 422/451/6
f 429/454/1 430/455/1 366/387/1 365/386/1
f 431/455/2 432/454/2 370/386/2 369/387/2
f 430/456/3 431/457/3 369/391/3 366/390/3
f 365/390/4 370/391/4 432/457/4 429/456/4
f 366/19/5 369/20/5 370/10/5 365/9/5
f 429/9/6 432/10/6 431/20/6 430/19/6
f 433/458/1 434/459/1 435/460/1 436/461/1
f 437/459/2 438/458/2 439/461/2 440/460/2
f 434/462/3 437/463/3 440/464/3 435/465/3
f 436/465/4 439/464/4 438/463/4 433/462/4
f 435/19/5 440/20/5 439/10/5 436/9/5
f 433/9/6 438/10/6 437/20/6 434/19/6
f 441/458/1 442/459/1 374/387/1 373/386/1
f 437/459/2 438/458/2 370/386/2 369/387/2
f 442/466/3 437/463/3 369/391/3 374/394/3
f 373/394/4 370/391/4 438/463/4 441/466/4
f 374/31/5 369/20/5 370/10/5 373/32/5
f 441/32/6 438/10/6 437/20/6 442/31/6
f 433/458/1 434/459/1 366/387/1 365/386/1
f 443/459/2 444/458/2 376/386/2 375/387/2
f 434/462/3 443/467/3 375/395/3 366/390/3
f 365/390/4 376/395/4 444/467/4 433/462/4
f 366/19/5 375/35/5 376/36/5 365/9/5
f 433/9/6 444/36/6 443/35/6 434/19/6
f 445/468/1 446/469/1 447/470/1 448/471/1
f 449/469/2 450/468/2 451/471/2 452/470/2
f 446/472/3 449/473/3 452/474/3 447/475/3
f 448/475/4 451/474/4 450/473/4 445/472/4
f 447/45/5 452/46/5 451/47/5 448/48/5
f 445/48/6 450/47/6 449/46/6 446/45/6
f 453/476/1 454/477/1 455/478/1 456/479/1
f 457/477/2 458/476/2 459/479/2 460/478/2
f 454/480/3 457/481/3 460/482/3 455/483/3
f 456/483/4 459/482/4 458/481/4 453/480/4
f 455/45/5 460/46/5 459/47/5 456/48/5
f 453/48/6 458/47/6 457/46/6 454/45/6
f 461/484/1 462/485/1 463/486/1 464/487/1
f 465/485/2 466/484/2 467/487/2 468/486/2
f 462/488/3 465/489/3 468/490/3 463/491/3
f 464/491/4 467/490/4 466/489/4 461/488/4
f 463/45/5 468/46/5 467/47/5 464/48/5
f 461/48/6 466/47/6 465/46/6 462/45/6
f 469/492/1 470/459/1 402/387/1 401/420/1
f 471/459/2 472/492/2 404/420/2 403/387/2
f 470/493/3 471/494/3 403/422/3 402/421/3
f 401/421/4 404/422/4 472/494/4 469/493/4
f 402/71/5 403/72/5 404/73/5 401/74/5
f 469/74/6 472/73/6 471/72/6 470/71/6
f 473/495/1 474/496/1 475/497/1 476/498/1
f 477/496/2 478/495/2 479/498/2 480/497/2
f 474/499/3 477/500/3 480/501/3 475/502/3
f 476/502/4 479/501/4 478/500/4 473/499/4
f 475/20/5 480/83/5 479/84/5 476/85/5
f 473/85/6 478/84/6 477/83/6 474/20/6
f 481/503/1 482/504/1 434/459/1 433/458/1
f 483/504/2 484/503/2 438/458/2 437/459/2
f 482/505/3 483/506/3 437/463/3 434/462/3
f 433/462/4 438/463/4 484/506/4 481/505/4
f 434/19/5 437/20/5 438/10/5 433/9/5
f 481/9/6 484/10/6 483/20/6 482/19/6
f 485/507/1 486/508/1 487/509/1 488/510/1
f 489/508/2 490/507/2 491/510/2 492/509/2
f 486/511/3 489/512/3 492/513/3 487/514/3
f 488/514/4 491/513/4 490/512/4 485/511/4
f 487/19/5 492/20/5 491/10/5 488/9/5
f 485/9/6 490/10/6 489/20/6 486/19/6
f 493/507/1 494/508/1 442/459/1 441/458/1
f 489/508/2 490/507/2 438/458/2 437/459/2
f 494/515/3 489/512/3 437/463/3 442/466/3
f 441/466/4 438/463/4 490/512/4 493/515/4
f 442/31/5 437/20/5 438/10/5 441/32/5
f 493/32/6 490/10/6 489/20/6 494/31/6
f 485/507/1 486/508/1 434/459/1 433/458/1
f 495/508/2 496/507/2 444/458/2 443/459/2
f 486/511/3 495/516/3 443/467/3 434/462/3
f 433/462/4 444/467/4 496/516/4 485/511/4
f 434/19/5 443/35/5 444/36/5 433/9/5
f 485/9/6 496/36/6 495/35/6 486/19/6
f 497/517/1 498/518/1 499/519/1 500/520/1
f 501/518/2 502/517/2 503/520/2 504/519/2
f 498/521/3 501/522/3 504/523/3 499/524/3
f 500/524/4 503/523/4 502/522/4 497/521/4
f 499/45/5 504/46/5 503/47/5 500/48/5
f 497/48/6 502/47/6 501/46/6 498/45/6
f 505/525/1 506/526/1 507/527/1 508/528/1
f 509/526/2 510/525/2 511/528/2 512/527/2
f 506/529/3 509/530/3 512/531/3 507/532/3
f 508/532/4 511/531/4 510/530/4 505/529/4
f 507/45/5 512/46/5 511/47/5 508/48/5
f 505/48/6 510/47/6 509/46/6 506/45/6
f 513/533/1 514/534/1 515/535/1 516/536/1
f 517/534/2 518/533/2 519/536/2 520/535/2
f 514/537/3 517/538/3 520/539/3 515/540/3
f 516/540/4 519/539/4 518/538/4 513/537/4
f 515/45/5 520/46/5 519/47/5 516/48/5
f 513/48/6 518/47/6 517/46/6 514/45/6
f 521/541/1 522/508/1 470/459/1 469/492/1
f 523/508/2 524/541/2 472/492/2 471/459/2
f 522/542/3 523/543/3 471/494/3 470/493/3
f 469/493/4 472/494/4 524/543/4 521/542/4
f 470/71/5 471/72/5 472/73/5 469/74/5
f 521/74/6 524/73/6 523/72/6 522/71/6
f 525/544/1 526/545/1 527/546/1 528/547/1
f 529/545/2 530/544/2 531/547/2 532/546/2
f 526/548/3 529/549/3 532/550/3 527/551/3
f 528/551/4 531/550/4 530/549/4 525/548/4
f 527/20/5 532/83/5 531/84/5 528/85/5
f 525/85/6 530/84/6 529/83/6 526/20/6
f 533/552/1 534/553/1 535/554/1 536/555/1
f 537/553/2 538/552/2 539/555/2 540/554/2
f 534/556/3 537/557/3 540/558/3 535/559/3
f 536/559/4 539/558/4 538/557/4 533/556/4
f 535/143/5 540/144/5 539/145/5 536/146/5
f 533/146/6 538/145/6 537/144/6 534/143/6
f 541/560/1 542/561/1 543/562/1 544/563/1
f 545/561/2 546/560/2 547/563/2 548/562/2
f 542/564/3 545/565/3 548/566/3 543/567/3
f 544/567/4 547/566/4 546/565/4 541/564/4
f 543/155/5 548/156/5 547/157/5 544/158/5
f 541/158/6 546/157/6 545/156/6 542/155/6
f 549/568/1 550/569/1 551/570/1 552/571/1
f 553/569/2 554/568/2 555/571/2 556/570/2
f 550/572/3 553/573/3 556/574/3 551/575/3
f 552/575/4 555/574/4 554/573/4 549/572/4
f 551/167/5 556/168/5 555/169/5 552/170/5
f 549/170/6 554/169/6 553/168/6 550/167/6
f 557/576/1 558/577/1 486/508/1 485/507/1
f 559/577/2 560/576/2 490/507/2 489/508/2
f 558/578/3 559/579/3 489/512/3 486/511/3
f 485/511/4 490/512/4 560/579/4 557/578/4
f 486/19/5 489/20/5 490/10/5 485/9/5
f 557/9/6 560/10/6 559/20/6 558/19/6
f 561/580/1 562/581/1 563/582/1 564/583/1
f 565/581/2 566/580/2 567/583/2 568/582/2
f 562/584/3 565/585/3 568/586/3 563/587/3
f 564/587/4 567/586/4 566/585/4 561/584/4
f 563/19/5 568/20/5 567/10/5 564/9/5
f 561/9/6 566/10/6 565/20/6 562/19/6
f 569/580/1 570/581/1 494/508/1 493/507/1
f 565/581/2 566/580/2 490/507/2 489/508/2
f 570/588/3 565/585/3 489/512/3 494/515/3
f 493/515/4 490/512/4 566/585/4 569/588/4
f 494/31/5 489/20/5 490/10/5 493/32/5
f 569/32/6 566/10/6 565/20/6 570/31/6
f 561/580/1 562/581/1 486/508/1 485/507/1
f 571/581/2 572/580/2 496/507/2 495/508/2
f 562/584/3 571/589/3 495/516/3 486/511/3
f 485/511/4 496/516/4 572/589/4 561/584/4
f 486/19/5 495/35/5 496/36/5 485/9/5
f 561/9/6 572/36/6 571/35/6 562/19/6
f 573/590/1 574/591/1 575/592/1 576/593/1
f 577/591/2 578/590/2 579/593/2 580/592/2
f 574/594/3 577/595/3 580/596/3 575/597/3
f 576/597/4 579/596/4 578/595/4 573/594/4
f 575/45/5 580/46/5 579/47/5 576/48/5
f 573/48/6 578/47/6 577/46/6 574/45/6
f 581/598/1 582/599/1 583/600/1 584/601/1
f 585/599/2 586/598/2 587/601/2 588/600/2
f 582/602/3 585/603/3 588/604/3 583/605/3
f 584/605/4 587/604/4 586/603/4 581/602/4
f 583/45/5 588/46/5 587/47/5 584/48/5
f 581/48/6 586/47/6 585/46/6 582/45/6
f 589/606/1 590/607/1 591/608/1 592/609/1
f 593/607/2 594/606/2 595/609/2 596/608/2
f 590/610/3 593/611/3 596/612/3 591/613/3
f 592/613/4 595/612/4 594/611/4 589/610/4
f 591/45/5 596/46/5 595/47/5 592/48/5
f 589/48/6 594/47/6 593/46/6 590/45/6
f 597/614/1 598/581/1 522/508/1 521/541/1
f 599/581/2 600/614/2 524/541/2 523/508/2
f 598/615/3 599/616/3 523/543/3 522/542/3
f 521/542/4 524/543/4 600/616/4 597/615/4
f 522/71/5 523/72/5 524/73/5 521/74/5
f 597/74/6 600/73/6 599/72/6 598/71/6
f 601/617/1 602/618/1 603/619/1 604/620/1
f 605/618/2 606/617/2 607/620/2 608/619/2
f 602/621/3 605/622/3 608/623/3 603/624/3
f 604/624/4 607/623/4 606/622/4 601/621/4
f 603/20/5 608/83/5 607/84/5 604/85/5
f 601/85/6 606/84/6 605/83/6 602/20/6
f 609/625/1 610/626/1 562/581/1 561/580/1
f 611/626/2 612/625/2 566/580/2 565/581/2
f 610/627/3 611/628/3 565/585/3 562/584/3
f 561/584/4 566/585/4 612/628/4 609/627/4
f 562/19/5 565/20/5 566/10/5 561/9/5
f 609/9/6 612/10/6 611/20/6 610/19/6
f 613/629/1 614/630/1 615/631/1 616/632/1
f 617/630/2 618/629/2 619/632/2 620/631/2
f 614/633/3 617/634/3 620/635/3 615/636/3
f 616/636/4 619/635/4 618/634/4 613/633/4
f 615/19/5 620/20/5 619/10/5 616/9/5
f 613/9/6 618/10/6 617/20/6 614/19/6
f 621/629/1 622/630/1 570/581/1 569/580/1
f 617/630/2 618/629/2 566/580/2 565/581/2
f 622/637/3 617/634/3 565/585/3 570/588/3
f 569/588/4 566/585/4 618/634/4 621/637/4
f 570/31/5 565/20/5 566/10/5 569/32/5
f 621/32/6 618/10/6 617/20/6 622/31/6
f 613/629/1 614/630/1 562/581/1 561/580/1
f 623/630/2 624/629/2 572/580/2 571/581/2
f 614/633/3 623/638/3 571/589/3 562/584/3
f 561/584/4 572/589/4 624/638/4 613/633/4
f 562/19/5 571/35/5 572/36/5 561/9/5
f 613/9/6 624/36/6 623/35/6 614/19/6
f 625/639/1 626/640/1 627/641/1 628/642/1
f 629/640/2 630/639/2 631/642/2 632/641/2
f 626/643/3 629/644/3 632/645/3 627/646/3
f 628/646/4 631/645/4 630/644/4 625/643/4
f 627/45/5 632/46/5 631/47/5 628/48/5
f 625/48/6 630/47/6 629/46/6 626/45/6
f 633/647/1 634/648/1 635/649/1 636/650/1
f 637/648/2 638/647/2 639/650/2 640/649/2
f 634/651/3 637/652/3 640/653/3 635/654/3
f 636/654/4 639/653/4 638/652/4 633/651/4
f 635/45/5 640/46/5 639/47/5 636/48/5
f 633/48/6 638/47/6 637/46/6 634/45/6
f 641/655/1 642/656/1 643/657/1 644/658/1
f 645/656/2 646/655/2 647/658/2 648/657/2
f 642/659/3 645/660/3 648/661/3 643/662/3
f 644/662/4 647/661/4 646/660/4 641/659/4
f 643/45/5 648/46/5 647/47/5 644/48/5
f 641/48/6 646/47/6 645/46/6 642/45/6
f 649/663/1 650/630/1 598/581/1 597/614/1
f 651/630/2 652/663/2 600/614/2 599/581/2
f 650/664/3 651/665/3 599/616/3 598/615/3
f 597/615/4 600/616/4 652/665/4 649/664/4
f 598/71/5 599/72/5 600/73/5 597/74/5
f 649/74/6 652/73/6 651/72/6 650/71/6
f 653/666/1 654/667/1 655/668/1 656/669/1
f 657/667/2 658/666/2 659/669/2 660/668/2
f 654/670/3 657/671/3 660/672/3 655/673/3
f 656/673/4 659/672/4 658/671/4 653/670/4
f 655/20/5 660/83/5 659/84/5 656/85/5
f 653/85/6 658/84/6 657/83/6 654/20/6
f 661/674/1 662/675/1 663/676/1 664/677/1
f 665/675/2 666/674/2 667/677/2 668/676/2
f 662/678/3 665/679/3 668/680/3 663/681/3
f 664/681/4 667/680/4 666/679/4 661/678/4
f 663/277/5 668/278/5 667/279/5 664/280/5
f 661/280/6 666/279/6 665/278/6 662/277/6
f 669/682/1 670/683/1 671/684/1 672/685/1
f 673/683/2 674/682/2 675/685/2 676/684/2
f 670/686/3 673/687/3 676/688/3 671/689/3
f 672/689/4 675/688/4 674/687/4 669/686/4
f 671/289/5 676/290/5 675/291/5 672/292/5
f 669/292/6 674/291/6 673/290/6 670/289/6
f 677/682/1 678/683/1 679/684/1 680/685/1
f 681/683/2 682/682/2 683/685/2 684/684/2
f 678/690/3 681/691/3 684/692/3 679/693/3
f 680/693/4 683/692/4 682/691/4 677/690/4
f 679/297/5 684/298/5 683/299/5 680/300/5
f 677/300/6 682/299/6 681/298/6 678/297/6
f 685/682/1 686/683/1 687/684/1 688/685/1
f 689/683/2 690/682/2 691/685/2 692/684/2
f 686/694/3 689/695/3 692/696/3 687/697/3
f 688/697/4 691/696/4 690/695/4 685/694/4
f 687/305/5 692/306/5 691/307/5 688/308/5
f 685/308/6 690/307/6 689/306/6 686/305/6
f 693/682/1 694/683/1 695/684/1 696/685/1
f 697/683/2 698/682/2 699/685/2 700/684/2
f 694/698/3 697/699/3 700/700/3 695/701/3
f 696/701/4 699/700/4 698/699/4 693/698/4
f 695/313/5 700/314/5 699/315/5 696/316/5
f 693/316/6 698/315/6 697/314/6 694/313/6
f 701/682/1 702/683/1 703/684/1 704/685/1
f 705/683/2 706/682/2 707/685/2 708/684/2
f 702/702/3 705/703/3 708/704/3 703/705/3
f 704/705/4 707/704/4 706/703/4 701/702/4
f 703/321/5 708/322/5 707/323/5 704/324/5
f 701/324/6 706/323/6 705/322/6 702/321/6
f 709/682/1 710/683/1 711/684/1 712/685/1
f 713/683/2 714/682/2 715/685/2 716/684/2
f 710/706/3 713/707/3 716/708/3 711/709/3
f 712/709/4 715/708/4 714/707/4 709/706/4
f 711/329/5 716/330/5 715/331/5 712/332/5
f 709/332/6 714/331/6 713/330/6 710/329/6
f 717/710/1 718/711/1 614/630/1 613/629/1
f 719/711/2 720/710/2 618/629/2 617/630/2
f 718/712/3 719/713/3 617/634/3 614/633/3
f 613/633/4 618/634/4 720/713/4 717/712/4
f 614/19/5 617/20/5 618/10/5 613/9/5
f 717/9/6 720/10/6 719/20/6 718/19/6
f 721/714/1 722/715/1 723/716/1 724/717/1
f 725/715/2 726/714/2 727/717/2 728/716/2
f 722/718/3 725/719/3 728/720/3 723/721/3
f 724/721/4 727/720/4 726/719/4 721/718/4
f 723/19/5 728/20/5 727/10/5 724/9/5
f 721/9/6 726/10/6 725/20/6 722/19/6
f 729/714/1 730/715/1 622/630/1 621/629/1
f 725/715/2 726/714/2 618/629/2 617/630/2
f 730/722/3 725/719/3 617/634/3 622/637/3
f 621/637/4 618/634/4 726/719/4 729/722/4
f 622/31/5 617/20/5 618/10/5 621/32/5
f 729/32/6 726/10/6 725/20/6 730/31/6
f 721/714/1 722/715/1 614/630/1 613/629/1
f 731/715/2 732/714/2 624/629/2 623/630/2
f 722/718/3 731/723/3 623/638/3 614/633/3
f 613/633/4 624/638/4 732/723/4 721/718/4
f 614/19/5 623/35/5 624/36/5 613/9/5
f 721/9/6 732/36/6 731/35/6 722/19/6
f 733/724/1 734/725/1 735/726/1 736/727/1
f 737/725/2 738/724/2 739/727/2 740/726/2
f 734/728/3 737/729/3 740/730/3 735/731/3
f 736/731/4 739/730/4 738/729/4 733/728/4
f 735/45/5 740/46/5 739/47/5 736/48/5
f 733/48/6 738/47/6 737/46/6 734/45/6
f 741/732/1 742/733/1 743/734/1 744/735/1
f 745/733/2 746/732/2 747/735/2 748/734/2
f 742/736/3 745/737/3 748/738/3 743/739/3
f 744/739/4 747/738/4 746/737/4 741/736/4
f 743/45/5 748/46/5 747/47/5 744/48/5
f 741/48/6 746/47/6 745/46/6 742/45/6
f 749/740/1 750/741/1 751/742/1 752/743/1
f 753/741/2 754/740/2 755/743/2 756/742/2
f 750/744/3 753/745/3 756/746/3 751/747/3
f 752/747/4 755/746/4 754/745/4 749/744/4
f 751/45/5 756/46/5 755/47/5 752/48/5
f 749/48/6 754/47/6 753/46/6 750/45/6
f 757/748/1 758/715/1 650/630/1 649/663/1
f 759/715/2 760/748/2 652/663/2 651/630/2
f 758/749/3 759/750/3 651/665/3 650/664/3
f 649/664/4 652/665/4 760/750/4 757/749/4
f 650/71/5 651/72/5 652/73/5 649/74/5
f 757/74/6 760/73/6 759/72/6 758/71/6
f 761/751/1 762/752/1 763/753/1 764/754/1
f 765/752/2 766/751/2 767/754/2 768/753/2
f 762/755/3 765/756/3 768/757/3 763/758/3
f 764/758/4 767/757/4 766/756/4 761/755/4
f 763/20/5 768/83/5 767/84/5 764/85/5
f 761/85/6 766/84/6 765/83/6 762/20/6
g wall_south
f 769/759/1 770/760/1 771/761/1 772/762/1
f 773/760/2 774/759/2 775/762/2 776/761/2
f 770/5/3 773/6/3 776/7/3 771/8/3
f 772/8/4 775/7/4 774/6/4 769/5/4
f 771/8/5 776/7/5 775/763/5 772/764/5
f 769/764/6 774/763/6 773/7/6 770/8/6
f 777/765/1 778/766/1 779/767/1 780/768/1
f 781/766/2 782/765/2 783/768/2 784/767/2
f 778/718/3 781/719/3 784/720/3 779/721/3
f 780/721/4 783/720/4 782/719/4 777/718/4
f 779/764/5 784/763/5 783/769/5 780/770/5
f 777/770/6 782/769/6 781/763/6 778/764/6
f 785/771/1 786/772/1 787/773/1 788/774/1
f 789/772/2 790/771/2 791/774/2 792/773/2
f 786/712/3 789/713/3 792/634/3 787/633/3
f 788/633/4 791/634/4 790/713/4 785/712/4
f 787/764/5 792/763/5 791/769/5 788/770/5
f 785/770/6 790/769/6 789/763/6 786/764/6
f 793/765/1 794/766/1 795/773/1 796/774/1
f 781/766/2 782/765/2 791/774/2 792/773/2
f 794/722/3 781/719/3 792/634/3 795/637/3
f 796/637/4 791/634/4 782/719/4 793/722/4
f 795/775/5 792/763/5 791/769/5 796/776/5
f 793/776/6 782/769/6 781/763/6 794/775/6
f 777/765/1 778/766/1 787/773/1 788/774/1
f 797/766/2 798/765/2 799/774/2 800/773/2
f 778/718/3 797/723/3 800/638/3 787/633/3
f 788/633/4 799/638/4 798/723/4 777/718/4
f 787/764/5 800/777/5 799/778/5 788/770/5
f 777/770/6 798/778/6 797/777/6 778/764/6
f 801/779/1 802/780/1 803/781/1 804/782/1
f 805/780/2 806/779/2 807/782/2 808/781/2
f 802/744/3 805/745/3 808/746/3 803/747/3
f 804/747/4 807/746/4 806/745/4 801/744/4
f 803/783/5 808/784/5 807/785/5 804/786/5
f 801/786/6 806/785/6 805/784/6 802/783/6
f 809/787/1 810/788/1 811/789/1 812/790/1
f 813/788/2 814/787/2 815/790/2 816/789/2
f 810/736/3 813/737/3 816/738/3 811/739/3
f 812/739/4 815/738/4 814/737/4 809/736/4
f 811/783/5 816/784/5 815/785/5 812/786/5
f 809/786/6 814/785/6 813/784/6 810/783/6
f 817/791/1 818/792/1 819/793/1 820/794/1
f 821/792/2 822/791/2 823/794/2 824/793/2
f 818/728/3 821/729/3 824/730/3 819/731/3
f 820/731/4 823/730/4 822/729/4 817/728/4
f 819/783/5 824/784/5 823/785/5 820/786/5
f 817/786/6 822/785/6 821/784/6 818/783/6
f 825/765/1 826/795/1 827/796/1 828/774/1
f 829/795/2 830/765/2 831/774/2 832/796/2
f 826/749/3 829/750/3 832/665/3 827/664/3
f 828/664/4 831/665/4 830/750/4 825/749/4
f 827/797/5 832/798/5 831/799/5 828/800/5
f 825/800/6 830/799/6 829/798/6 826/797/6
f 833/801/1 834/802/1 835/803/1 836/804/1
f 837/802/2 838/801/2 839/804/2 840/803/2
f 834/755/3 837/756/3 840/757/3 835/758/3
f 836/758/4 839/757/4 838/756/4 833/755/4
f 835/805/5 840/806/5 839/807/5 836/769/5
f 833/769/6 838/807/6 837/806/6 834/805/6
f 788/774/1 787/773/1 841/808/1 842/809/1
f 792/773/2 791/774/2 843/809/2 844/808/2
f 787/633/3 792/634/3 844/635/3 841/636/3
f 842/636/4 843/635/4 791/634/4 788/633/4
f 841/764/5 844/763/5 843/769/5 842/770/5
f 788/770/6 791/769/6 792/763/6 787/764/6
f 845/810/1 846/811/1 847/812/1 848/813/1
f 849/811/2 850/810/2 851/813/2 852/812/2
f 846/627/3 849/628/3 852/585/3 847/584/3
f 848/584/4 851/585/4 850/628/4 845/627/4
f 847/764/5 852/763/5 851/769/5 848/770/5
f 845/770/6 850/769/6 849/763/6 846/764/6
f 796/774/1 795/773/1 853/812/1 854/813/1
f 792/773/2 791/774/2 851/813/2 852/812/2
f 795/637/3 792/634/3 852/585/3 853/588/3
f 854/588/4 851/585/4 791/634/4 796/637/4
f 853/775/5 852/763/5 851/769/5 854/776/5
f 796/776/6 791/769/6 792/763/6 795/775/6
f 788/774/1 787/773/1 847/812/1 848/813/1
f 800/773/2 799/774/2 855/813/2 856/812/2
f 787/633/3 800/638/3 856/589/3 847/584/3
f 848/584/4 855/589/4 799/638/4 788/633/4
f 847/764/5 856/777/5 855/778/5 848/770/5
f 788/770/6 799/778/6 800/777/6 787/764/6
f 857/814/1 858/815/1 859/816/1 860/817/1
f 861/815/2 862/814/2 863/817/2 864/816/2
f 858/659/3 861/660/3 864/661/3 859/662/3
f 860/662/4 863/661/4 862/660/4 857/659/4
f 859/783/5 864/784/5 863/785/5 860/786/5
f 857/786/6 862/785/6 861/784/6 858/783/6
f 865/818/1 866/819/1 867/820/1 868/821/1
f 869/819/2 870/818/2 871/821/2 872/820/2
f 866/651/3 869/652/3 872/653/3 867/654/3
f 868/654/4 871/653/4 870/652/4 865/651/4
f 867/783/5 872/784/5 871/785/5 868/786/5
f 865/786/6 870/785/6 869/784/6 866/783/6
f 873/822/1 874/823/1 875/824/1 876/825/1
f 877/823/2 878/822/2 879/825/2 880/824/2
f 874/643/3 877/644/3 880/645/3 875/646/3
f 876/646/4 879/645/4 878/644/4 873/643/4
f 875/783/5 880/784/5 879/785/5 876/786/5
f 873/786/6 878/785/6 877/784/6 874/783/6
f 828/774/1 827/796/1 881/826/1 882/813/1
f 832/796/2 831/774/2 883/813/2 884/826/2
f 827/664/3 832/665/3 884/616/3 881/615/3
f 882/615/4 883/616/4 831/665/4 828/664/4
f 881/797/5 884/798/5 883/799/5 882/800/5
f 828/800/6 831/799/6 832/798/6 827/797/6
f 885/827/1 886/828/1 887/829/1 888/830/1
f 889/828/2 890/827/2 891/830/2 892/829/2
f 886/670/3 889/671/3 892/672/3 887/673/3
f 888/673/4 891/672/4 890/671/4 885/670/4
f 887/805/5 892/806/5 891/807/5 888/769/5
f 885/769/6 890/807/6 889/806/6 886/805/6
f 893/831/1 894/832/1 895/833/1 896/834/1
f 897/832/2 898/831/2 899/834/2 900/833/2
f 894/835/3 897/836/3 900/837/3 895/838/3
f 896/838/4 899/837/4 898/836/4 893/835/4
f 895/839/5 900/840/5 899/841/5 896/842/5
f 893/842/6 898/841/6 897/840/6 894/839/6
f 901/843/1 902/844/1 903/845/1 904/846/1
f 905/844/2 906/843/2 907/846/2 908/845/2
f 902/847/3 905/848/3 908/849/3 903/850/3
f 904/850/4 907/849/4 906/848/4 901/847/4
f 903/851/5 908/852/5 907/853/5 904/854/5
f 901/854/6 906/853/6 905/852/6 902/851/6
f 909/855/1 910/856/1 911/857/1 912/858/1
f 913/856/2 914/855/2 915/858/2 916/857/2
f 910/859/3 913/860/3 916/861/3 911/862/3
f 912/862/4 915/861/4 914/860/4 909/859/4
f 911/863/5 916/864/5 915/865/5 912/866/5
f 909/866/6 914/865/6 913/864/6 910/863/6
f 848/813/1 847/812/1 917/867/1 918/868/1
f 852/812/2 851/813/2 919/868/2 920/867/2
f 847/584/3 852/585/3 920/586/3 917/587/3
f 918/587/4 919/586/4 851/585/4 848/584/4
f 917/764/5 920/763/5 919/769/5 918/770/5
f 848/770/6 851/769/6 852/763/6 847/764/6
f 921/869/1 922/870/1 923/871/1 924/872/1
f 925/870/2 926/869/2 927/872/2 928/871/2
f 922/578/3 925/579/3 928/512/3 923/511/3
f 924/511/4 927/512/4 926/579/4 921/578/4
f 923/764/5 928/763/5 927/769/5 924/770/5
f 921/770/6 926/769/6 925/763/6 922/764/6
f 854/813/1 853/812/1 929/871/1 930/872/1
f 852/812/2 851/813/2 927/872/2 928/871/2
f 853/588/3 852/585/3 928/512/3 929/515/3
f 930/515/4 927/512/4 851/585/4 854/588/4
f 929/775/5 928/763/5 927/769/5 930/776/5
f 854/776/6 851/769/6 852/763/6 853/775/6
f 848/813/1 847/812/1 923/871/1 924/872/1
f 856/812/2 855/813/2 931/872/2 932/871/2
f 847/584/3 856/589/3 932/516/3 923/511/3
f 924/511/4 931/516/4 855/589/4 848/584/4
f 923/764/5 932/777/5 931/778/5 924/770/5
f 848/770/6 855/778/6 856/777/6 847/764/6
f 933/873/1 934/874/1 935/875/1 936/876/1
f 937/874/2 938/873/2 939/876/2 940/875/2
f 934/610/3 937/611/3 940/612/3 935/613/3
f 936/613/4 939/612/4 938/611/4 933/610/4
f 935/783/5 940/784/5 939/785/5 936/786/5
f 933/786/6 938/785/6 937/784/6 934/783/6
f 941/877/1 942/878/1 943/879/1 944/880/1
f 945/878/2 946/877/2 947/880/2 948/879/2
f 942/602/3 945/603/3 948/604/3 943/605/3
f 944/605/4 947/604/4 946/603/4 941/602/4
f 943/783/5 948/784/5 947/785/5 944/786/5
f 941/786/6 946/785/6 945/784/6 942/783/6
f 949/881/1 950/882/1 951/883/1 952/884/1
f 953/882/2 954/881/2 955/884/2 956/883/2
f 950/594/3 953/595/3 956/596/3 951/597/3
f 952/597/4 955/596/4 954/595/4 949/594/4
f 951/783/5 956/784/5 955/785/5 952/786/5
f 949/786/6 954/785/6 953/784/6 950/783/6
f 882/813/1 881/826/1 957/885/1 958/872/1
f 884/826/2 883/813/2 959/872/2 960/885/2
f 881/615/3 884/616/3 960/543/3 957/542/3
f 958/542/4 959/543/4 883/616/4 882/615/4
f 957/797/5 960/798/5 959/799/5 958/800/5
f 882/800/6 883/799/6 884/798/6 881/797/6
f 961/886/1 962/887/1 963/888/1 964/889/1
f 965/887/2 966/886/2 967/889/2 968/888/2
f 962/621/3 965/622/3 968/623/3 963/624/3
f 964/624/4 967/623/4 966/622/4 961/621/4
f 963/805/5 968/806/5 967/807/5 964/769/5
f 961/769/6 966/807/6 965/806/6 962/805/6
f 924/872/1 923/871/1 969/890/1 970/891/1
f 928/871/2 927/872/2 971/891/2 972/890/2
f 923/511/3 928/512/3 972/513/3 969/514/3
f 970/514/4 971/513/4 927/512/4 924/511/4
f 969/764/5 972/763/5 971/769/5 970/770/5
f 924/770/6 927/769/6 928/763/6 923/764/6
f 973/892/1 974/893/1 975/894/1 976/895/1
f 977/893/2 978/892/2 979/895/2 980/894/2
f 974/505/3 977/506/3 980/463/3 975/462/3
f 976/462/4 979/463/4 978/506/4 973/505/4
f 975/764/5 980/763/5 979/769/5 976/770/5
f 973/770/6 978/769/6 977/763/6 974/764/6
f 930/872/1 929/871/1 981/894/1 982/895/1
f 928/871/2 927/872/2 979/895/2 980/894/2
f 929/515/3 928/512/3 980/463/3 981/466/3
f 982/466/4 979/463/4 927/512/4 930/515/4
f 981/775/5 980/763/5 979/769/5 982/776/5
f 930/776/6 927/769/6 928/763/6 929/775/6
f 924/872/1 923/871/1 975/894/1 976/895/1
f 932/871/2 931/872/2 983/895/2 984/894/2
f 923/511/3 932/516/3 984/467/3 975/462/3
f 976/462/4 983/467/4 931/516/4 924/511/4
f 975/764/5 984/777/5 983/778/5 976/770/5
f 924/770/6 931/778/6 932/777/6 923/764/6
f 985/896/1 986/897/1 987/898/1 988/899/1
f 989/897/2 990/896/2 991/899/2 992/898/2
f 986/537/3 989/538/3 992/539/3 987/540/3
f 988/540/4 991/539/4 990/538/4 985/537/4
f 987/783/5 992/784/5 991/785/5 988/786/5
f 985/786/6 990/785/6 989/784/6 986/783/6
f 993/900/1 994/901/1 995/902/1 996/903/1
f 997/901/2 998/900/2 999/903/2 1000/902/2
f 994/529/3 997/530/3 1000/531/3 995/532/3
f 996/532/4 999/531/4 998/530/4 993/529/4
f 995/783/5 1000/784/5 999/785/5 996/786/5
f 993/786/6 998/785/6 997/784/6 994/783/6
f 1001/904/1 1002/905/1 1003/906/1 1004/907/1
f 1005/905/2 1006/904/2 1007/907/2 1008/906/2
f 1002/521/3 1005/522/3 1008/523/3 1003/524/3
f 1004/524/4 1007/523/4 1006/522/4 1001/521/4
f 1003/783/5 1008/784/5 1007/785/5 1004/786/5
f 1001/786/6 1006/785/6 1005/784/6 1002/783/6
f 958/872/1 957/885/1 1009/908/1 1010/895/1
f 960/885/2 959/872/2 1011/895/2 1012/908/2
f 957/542/3 960/543/3 1012/494/3 1009/493/3
f 1010/493/4 1011/494/4 959/543/4 958/542/4
f 1009/797/5 1012/798/5 1011/799/5 1010/800/5
f 958/800/6 959/799/6 960/798/6 957/797/6
f 1013/909/1 1014/910/1 1015/911/1 1016/912/1
f 1017/910/2 1018/909/2 1019/912/2 1020/911/2
f 1014/548/3 1017/549/3 1020/550/3 1015/551/3
f 1016/551/4 1019/550/4 1018/549/4 1013/548/4
f 1015/805/5 1020/806/5 1019/807/5 1016/769/5
f 1013/769/6 1018/807/6 1017/806/6 1014/805/6
f 1021/913/1 1022/914/1 1023/915/1 1024/916/1
f 1025/914/2 1026/913/2 1027/916/2 1028/915/2
f 1022/917/3 1025/918/3 1028/919/3 1023/920/3
f 1024/920/4 1027/919/4 1026/918/4 1021/917/4
f 1023/921/5 1028/922/5 1027/923/5 1024/924/5
f 1021/924/6 1026/923/6 1025/922/6 1022/921/6
f 1029/925/1 1030/926/1 1031/927/1 1032/928/1
f 1033/926/2 1034/925/2 1035/928/2 1036/927/2
f 1030/929/3 1033/930/3 1036/931/3 1031/932/3
f 1032/932/4 1035/931/4 1034/930/4 1029/929/4
f 1031/933/5 1036/934/5 1035/935/5 1032/936/5
f 1029/936/6 1034/935/6 1033/934/6 1030/933/6
f 1037/925/1 1038/926/1 1039/927/1 1040/928/1
f 1041/926/2 1042/925/2 1043/928/2 1044/927/2
f 1038/937/3 1041/938/3 1044/939/3 1039/940/3
f 1040/940/4 1043/939/4 1042/938/4 1037/937/4
f 1039/941/5 1044/942/5 1043/943/5 1040/944/5
f 1037/944/6 1042/943/6 1041/942/6 1038/941/6
f 1045/925/1 1046/926/1 1047/927/1 1048/928/1
f 1049/926/2 1050/925/2 1051/928/2 1052/927/2
f 1046/945/3 1049/946/3 1052/947/3 1047/948/3
f 1048/948/4 1051/947/4 1050/946/4 1045/945/4
f 1047/949/5 1052/950/5 1051/951/5 1048/952/5
f 1045/952/6 1050/951/6 1049/950/6 1046/949/6
f 1053/925/1 1054/926/1 1055/927/1 1056/928/1
f 1057/926/2 1058/925/2 1059/928/2 1060/927/2
f 1054/953/3 1057/954/3 1060/955/3 1055/956/3
f 1056/956/4 1059/955/4 1058/954/4 1053/953/4
f 1055/957/5 1060/958/5 1059/959/5 1056/960/5
f 1053/960/6 1058/959/6 1057/958/6 1054/957/6
f 1061/925/1 1062/926/1 1063/927/1 1064/928/1
f 1065/926/2 1066/925/2 1067/928/2 1068/927/2
f 1062/961/3 1065/962/3 1068/963/3 1063/964/3
f 1064/964/4 1067/963/4 1066/962/4 1061/961/4
f 1063/965/5 1068/966/5 1067/967/5 1064/968/5
f 1061/968/6 1066/967/6 1065/966/6 1062/965/6
f 1069/925/1 1070/926/1 1071/927/1 1072/928/1
f 1073/926/2 1074/925/2 1075/928/2 1076/927/2
f 1070/969/3 1073/970/3 1076/971/3 1071/972/3
f 1072/972/4 1075/971/4 1074/970/4 1069/969/4
f 1071/973/5 1076/974/5 1075/975/5 1072/976/5
f 1069/976/6 1074/975/6 1073/974/6 1070/973/6
f 976/895/1 975/894/1 1077/977/1 1078/978/1
f 980/894/2 979/895/2 1079/978/2 1080/977/2
f 975/462/3 980/463/3 1080/464/3 1077/465/3
f 1078/465/4 1079/464/4 979/463/4 976/462/4
f 1077/764/5 1080/763/5 1079/769/5 1078/770/5
f 976/770/6 979/769/6 980/763/6 975/764/6
f 1081/979/1 1082/980/1 1083/981/1 1084/982/1
f 1085/980/2 1086/979/2 1087/982/2 1088/981/2
f 1082/456/3 1085/457/3 1088/391/3 1083/390/3
f 1084/390/4 1087/391/4 1086/457/4 1081/456/4
f 1083/764/5 1088/763/5 1087/769/5 1084/770/5
f 1081/770/6 1086/769/6 1085/763/6 1082/764/6
f 982/895/1 981/894/1 1089/981/1 1090/982/1
f 980/894/2 979/895/2 1087/982/2 1088/981/2
f 981/466/3 980/463/3 1088/391/3 1089/394/3
f 1090/394/4 1087/391/4 979/463/4 982/466/4
f 1089/775/5 1088/763/5 1087/769/5 1090/776/5
f 982/776/6 979/769/6 980/763/6 981/775/6
f 976/895/1 975/894/1 1083/981/1 1084/982/1
f 984/894/2 983/895/2 1091/982/2 1092/981/2
f 975/462/3 984/467/3 1092/395/3 1083/390/3
f 1084/390/4 1091/395/4 983/467/4 976/462/4
f 1083/764/5 1092/777/5 1091/778/5 1084/770/5
f 976/770/6 983/778/6 984/777/6 975/764/6
f 1093/983/1 1094/984/1 1095/985/1 1096/986/1
f 1097/984/2 1098/983/2 1099/986/2 1100/985/2
f 1094/488/3 1097/489/3 1100/490/3 1095/491/3
f 1096/491/4 1099/490/4 1098/489/4 1093/488/4
f 1095/783/5 1100/784/5 1099/785/5 1096/786/5
f 1093/786/6 1098/785/6 1097/784/6 1094/783/6
f 1101/987/1 1102/988/1 1103/989/1 1104/990/1
f 1105/988/2 1106/987/2 1107/990/2 1108/989/2
f 1102/480/3 1105/481/3 1108/482/3 1103/483/3
f 1104/483/4 1107/482/4 1106/481/4 1101/480/4
f 1103/783/5 1108/784/5 1107/785/5 1104/786/5
f 1101/786/6 1106/785/6 1105/784/6 1102/783/6
f 1109/991/1 1110/992/1 1111/993/1 1112/994/1
f 1113/992/2 1114/991/2 1115/994/2 1116/993/2
f 1110/472/3 1113/473/3 1116/474/3 1111/475/3
f 1112/475/4 1115/474/4 1114/473/4 1109/472/4
f 1111/783/5 1116/784/5 1115/785/5 1112/786/5
f 1109/786/6 1114/785/6 1113/784/6 1110/783/6
f 1010/895/1 1009/908/1 1117/995/1 1118/982/1
f 1012/908/2 1011/895/2 1119/982/2 1120/995/2
f 1009/493/3 1012/494/3 1120/422/3 1117/421/3
f 1118/421/4 1119/422/4 1011/494/4 1010/493/4
f 1117/797/5 1120/798/5 1119/799/5 1118/800/5
f 1010/800/6 1011/799/6 1012/798/6 1009/797/6
f 1121/996/1 1122/997/1 1123/998/1 1124/999/1
f 1125/997/2 1126/996/2 1127/999/2 1128/998/2
f 1122/499/3 1125/500/3 1128/501/3 1123/502/3
f 1124/502/4 1127/501/4 1126/500/4 1121/499/4
f 1123/805/5 1128/806/5 1127/807/5 1124/769/5
f 1121/769/6 1126/807/6 1125/806/6 1122/805/6
f 1084/982/1 1083/981/1 1129/1000/1 1130/1001/1
f 1088/981/2 1087/982/2 1131/1001/2 1132/1000/2
f 1083/390/3 1088/391/3 1132/392/3 1129/393/3
f 1130/393/4 1131/392/4 1087/391/4 1084/390/4
f 1129/764/5 1132/763/5 1131/769/5 1130/770/5
f 1084/770/6 1087/769/6 1088/763/6 1083/764/6
f 1133/1002/1 1134/1003/1 1135/1004/1 1136/1005/1
f 1137/1003/2 1138/1002/2 1139/1005/2 1140/1004/2
f 1134/384/3 1137/385/3 1140/342/3 1135/341/3
f 1136/341/4 1139/342/4 1138/385/4 1133/384/4
f 1135/764/5 1140/763/5 1139/769/5 1136/770/5
f 1133/770/6 1138/769/6 1137/763/6 1134/764/6
f 1090/982/1 1089/981/1 1141/1004/1 1142/1005/1
f 1088/981/2 1087/982/2 1139/1005/2 1140/1004/2
f 1089/394/3 1088/391/3 1140/342/3 1141/345/3
f 1142/345/4 1139/342/4 1087/391/4 1090/394/4
f 1141/775/5 1140/763/5 1139/769/5 1142/776/5
f 1090/776/6 1087/769/6 1088/763/6 1089/775/6
f 1084/982/1 1083/981/1 1135/1004/1 1136/1005/1
f 1092/981/2 1091/982/2 1143/1005/2 1144/1004/2
f 1083/390/3 1092/395/3 1144/346/3 1135/341/3
f 1136/341/4 1143/346/4 1091/395/4 1084/390/4
f 1135/764/5 1144/777/5 1143/778/5 1136/770/5
f 1084/770/6 1091/778/6 1092/777/6 1083/764/6
f 1145/1006/1 1146/1007/1 1147/1008/1 1148/1009/1
f 1149/1007/2 1150/1006/2 1151/1009/2 1152/1008/2
f 1146/416/3 1149/417/3 1152/418/3 1147/419/3
f 1148/419/4 1151/418/4 1150/417/4 1145/416/4
f 1147/783/5 1152/784/5 1151/785/5 1148/786/5
f 1145/786/6 1150/785/6 1149/784/6 1146/783/6
f 1153/1010/1 1154/1011/1 1155/1012/1 1156/1013/1
f 1157/1011/2 1158/1010/2 1159/1013/2 1160/1012/2
f 1154/408/3 1157/409/3 1160/410/3 1155/411/3
f 1156/411/4 1159/410/4 1158/409/4 1153/408/4
f 1155/783/5 1160/784/5 1159/785/5 1156/786/5
f 1153/786/6 1158/785/6 1157/784/6 1154/783/6
f 1161/1014/1 1162/1015/1 1163/1016/1 1164/1017/1
f 1165/1015/2 1166/1014/2 1167/1017/2 1168/1016/2
f 1162/400/3 1165/401/3 1168/402/3 1163/403/3
f 1164/403/4 1167/402/4 1166/401/4 1161/400/4
f 1163/783/5 1168/784/5 1167/785/5 1164/786/5
f 1161/786/6 1166/785/6 1165/784/6 1162/783/6
f 1118/982/1 1117/995/1 1169/1018/1 1170/1005/1
f 1120/995/2 1119/982/2 1171/1005/2 1172/1018/2
f 1117/421/3 1120/422/3 1172/373/3 1169/372/3
f 1170/372/4 1171/373/4 1119/422/4 1118/421/4
f 1169/797/5 1172/798/5 1171/799/5 1170/800/5
f 1118/800/6 1119/799/6 1120/798/6 1117/797/6
f 1173/1019/1 1174/1020/1 1175/1021/1 1176/1022/1
f 1177/1020/2 1178/1019/2 1179/1022/2 1180/1021/2
f 1174/427/3 1177/428/3 1180/429/3 1175/430/3
f 1176/430/4 1179/429/4 1178/428/4 1173/427/4
f 1175/805/5 1180/806/5 1179/807/5 1176/769/5
f 1173/769/6 1178/807/6 1177/806/6 1174/805/6
f 1181/1023/1 1182/1024/1 1183/1025/1 1184/1026/1
f 1185/1024/2 1186/1023/2 1187/1026/2 1188/1025/2
f 1182/435/3 1185/436/3 1188/437/3 1183/438/3
f 1184/438/4 1187/437/4 1186/436/4 1181/435/4
f 1183/1027/5 1188/1028/5 1187/1029/5 1184/1030/5
f 1181/1030/6 1186/1029/6 1185/1028/6 1182/1027/6
f 1189/1031/1 1190/1032/1 1191/1033/1 1192/1034/1
f 1193/1032/2 1194/1031/2 1195/1034/2 1196/1033/2
f 1190/447/3 1193/448/3 1196/449/3 1191/450/3
f 1192/450/4 1195/449/4 1194/448/4 1189/447/4
f 1191/922/5 1196/1035/5 1195/1036/5 1192/1037/5
f 1189/1037/6 1194/1036/6 1193/1035/6 1190/922/6
f 1136/1005/1 1135/1004/1 1197/1038/1 1198/1039/1
f 1140/1004/2 1139/1005/2 1199/1039/2 1200/1038/2
f 1135/341/3 1140/342/3 1200/343/3 1197/344/3
f 1198/344/4 1199/343/4 1139/342/4 1136/341/4
f 1197/764/5 1200/763/5 1199/769/5 1198/770/5
f 1136/770/6 1139/769/6 1140/763/6 1135/764/6
f 1201/1040/1 1202/1041/1 1203/1042/1 1204/1043/1
f 1205/1041/2 1206/1040/2 1207/1043/2 1208/1042/2
f 1202/335/3 1205/336/3 1208/229/3 1203/228/3
f 1204/228/4 1207/229/4 1206/336/4 1201/335/4
f 1203/764/5 1208/763/5 1207/769/5 1204/770/5
f 1201/770/6 1206/769/6 1205/763/6 1202/764/6
f 1142/1005/1 1141/1004/1 1209/1042/1 1210/1043/1
f 1140/1004/2 1139/1005/2 1207/1043/2 1208/1042/2
f 1141/345/3 1140/342/3 1208/229/3 1209/232/3
f 1210/232/4 1207/229/4 1139/342/4 1142/345/4
f 1209/775/5 1208/763/5 1207/769/5 1210/776/5
f 1142/776/6 1139/769/6 1140/763/6 1141/775/6
f 1136/1005/1 1135/1004/1 1203/1042/1 1204/1043/1
f 1144/1004/2 1143/1005/2 1211/1043/2 1212/1042/2
f 1135/341/3 1144/346/3 1212/233/3 1203/228/3
f 1204/228/4 1211/233/4 1143/346/4 1136/341/4
f 1203/764/5 1212/777/5 1211/778/5 1204/770/5
f 1136/770/6 1143/778/6 1144/777/6 1135/764/6
f 1213/1044/1 1214/1045/1 1215/1046/1 1216/1047/1
f 1217/1045/2 1218/1044/2 1219/1047/2 1220/1046/2
f 1214/367/3 1217/368/3 1220/369/3 1215/370/3
f 1216/370/4 1219/369/4 1218/368/4 1213/367/4
f 1215/783/5 1220/784/5 1219/785/5 1216/786/5
f 1213/786/6 1218/785/6 1217/784/6 1214/783/6
f 1221/1048/1 1222/1049/1 1223/1050/1 1224/1051/1
f 1225/1049/2 1226/1048/2 1227/1051/2 1228/1050/2
f 1222/359/3 1225/360/3 1228/361/3 1223/362/3
f 1224/362/4 1227/361/4 1226/360/4 1221/359/4
f 1223/783/5 1228/784/5 1227/785/5 1224/786/5
f 1221/786/6 1226/785/6 1225/784/6 1222/783/6
f 1229/1052/1 1230/1053/1 1231/1054/1 1232/1055/1
f 1233/1053/2 1234/1052/2 1235/1055/2 1236/1054/2
f 1230/351/3 1233/352/3 1236/353/3 1231/354/3
f 1232/354/4 1235/353/4 1234/352/4 1229/351/4
f 1231/783/5 1236/784/5 1235/785/5 1232/786/5
f 1229/786/6 1234/785/6 1233/784/6 1230/783/6
f 1170/1005/1 1169/1018/1 1237/1056/1 1238/1043/1
f 1172/1018/2 1171/1005/2 1239/1043/2 1240/1056/2
f 1169/372/3 1172/373/3 1240/260/3 1237/259/3
f 1238/259/4 1239/260/4 1171/373/4 1170/372/4
f 1237/797/5 1240/798/5 1239/799/5 1238/800/5
f 1170/800/6 1171/799/6 1172/798/6 1169/797/6
f 1241/1057/1 1242/1058/1 1243/1059/1 1244/1060/1
f 1245/1058/2 1246/1057/2 1247/1060/2 1248/1059/2
f 1242/378/3 1245/379/3 1248/380/3 1243/381/3
f 1244/381/4 1247/380/4 1246/379/4 1241/378/4
f 1243/805/5 1248/806/5 1247/807/5 1244/769/5
f 1241/769/6 1246/807/6 1245/806/6 1242/805/6
f 1204/1043/1 1203/1042/1 1249/1061/1 1250/1062/1
f 1208/1042/2 1207/1043/2 1251/1062/2 1252/1061/2
f 1203/228/3 1208/229/3 1252/230/3 1249/231/3
f 1250/231/4 1251/230/4 1207/229/4 1204/228/4
f 1249/764/5 1252/763/5 1251/769/5 1250/770/5
f 1204/770/6 1207/769/6 1208/763/6 1203/764/6
f 1253/1063/1 1254/1064/1 1255/1065/1 1256/1066/1
f 1257/1064/2 1258/1063/2 1259/1066/2 1260/1065/2
f 1254/222/3 1257/223/3 1260/180/3 1255/179/3
f 1256/179/4 1259/180/4 1258/223/4 1253/222/4
f 1255/764/5 1260/763/5 1259/769/5 1256/770/5
f 1253/770/6 1258/769/6 1257/763/6 1254/764/6
f 1210/1043/1 1209/1042/1 1261/1065/1 1262/1066/1
f 1208/1042/2 1207/1043/2 1259/1066/2 1260/1065/2
f 1209/232/3 1208/229/3 1260/180/3 1261/183/3
f 1262/183/4 1259/180/4 1207/229/4 1210/232/4
f 1261/775/5 1260/763/5 1259/769/5 1262/776/5
f 1210/776/6 1207/769/6 1208/763/6 1209/775/6
f 1204/1043/1 1203/1042/1 1255/1065/1 1256/1066/1
f 1212/1042/2 1211/1043/2 1263/1066/2 1264/1065/2
f 1203/228/3 1212/233/3 1264/184/3 1255/179/3
f 1256/179/4 1263/184/4 1211/233/4 1204/228/4
f 1255/764/5 1264/777/5 1263/778/5 1256/770/5
f 1204/770/6 1211/778/6 1212/777/6 1203/764/6
f 1265/1067/1 1266/1068/1 1267/1069/1 1268/1070/1
f 1269/1068/2 1270/1067/2 1271/1070/2 1272/1069/2
f 1266/254/3 1269/255/3 1272/256/3 1267/257/3
f 1268/257/4 1271/256/4 1270/255/4 1265/254/4
f 1267/783/5 1272/784/5 1271/785/5 1268/786/5
f 1265/786/6 1270/785/6 1269/784/6 1266/783/6
f 1273/1071/1 1274/1072/1 1275/1073/1 1276/1074/1
f 1277/1072/2 1278/1071/2 1279/1074/2 1280/1073/2
f 1274/246/3 1277/247/3 1280/248/3 1275/249/3
f 1276/249/4 1279/248/4 1278/247/4 1273/246/4
f 1275/783/5 1280/784/5 1279/785/5 1276/786/5
f 1273/786/6 1278/785/6 1277/784/6 1274/783/6
f 1281/1075/1 1282/1076/1 1283/1077/1 1284/1078/1
f 1285/1076/2 1286/1075/2 1287/1078/2 1288/1077/2
f 1282/238/3 1285/239/3 1288/240/3 1283/241/3
f 1284/241/4 1287/240/4 1286/239/4 1281/238/4
f 1283/783/5 1288/784/5 1287/785/5 1284/786/5
f 1281/786/6 1286/785/6 1285/784/6 1282/783/6
f 1238/1043/1 1237/1056/1 1289/1079/1 1290/1066/1
f 1240/1056/2 1239/1043/2 1291/1066/2 1292/1079/2
f 1237/259/3 1240/260/3 1292/211/3 1289/210/3
f 1290/210/4 1291/211/4 1239/260/4 1238/259/4
f 1289/797/5 1292/798/5 1291/799/5 1290/800/5
f 1238/800/6 1239/799/6 1240/798/6 1237/797/6
f 1293/1080/1 1294/1081/1 1295/1082/1 1296/1083/1
f 1297/1081/2 1298/1080/2 1299/1083/2 1300/1082/2
f 1294/265/3 1297/266/3 1300/267/3 1295/268/3
f 1296/268/4 1299/267/4 1298/266/4 1293/265/4
f 1295/805/5 1300/806/5 1299/807/5 1296/769/5
f 1293/769/6 1298/807/6 1297/806/6 1294/805/6
f 1301/1084/1 1302/1085/1 1303/1086/1 1304/1087/1
f 1305/1085/2 1306/1084/2 1307/1087/2 1308/1086/2
f 1302/1088/3 1305/1089/3 1308/1090/3 1303/1091/3
f 1304/1091/4 1307/1090/4 1306/1089/4 1301/1088/4
f 1303/839/5 1308/840/5 1307/841/5 1304/842/5
f 1301/842/6 1306/841/6 1305/840/6 1302/839/6
f 1309/1092/1 1310/1093/1 1311/1094/1 1312/1095/1
f 1313/1093/2 1314/1092/2 1315/1095/2 1316/1094/2
f 1310/1096/3 1313/1097/3 1316/1098/3 1311/1099/3
f 1312/1099/4 1315/1098/4 1314/1097/4 1309/1096/4
f 1311/851/5 1316/852/5 1315/853/5 1312/854/5
f 1309/854/6 1314/853/6 1313/852/6 1310/851/6
f 1317/1100/1 1318/1101/1 1319/1102/1 1320/1103/1
f 1321/1101/2 1322/1100/2 1323/1103/2 1324/1102/2
f 1318/1104/3 1321/1105/3 1324/1106/3 1319/1107/3
f 1320/1107/4 1323/1106/4 1322/1105/4 1317/1104/4
f 1319/863/5 1324/864/5 1323/865/5 1320/866/5
f 1317/866/6 1322/865/6 1321/864/6 1318/863/6
f 1256/1066/1 1255/1065/1 1325/1108/1 1326/1109/1
f 1260/1065/2 1259/1066/2 1327/1109/2 1328/1108/2
f 1255/179/3 1260/180/3 1328/181/3 1325/182/3
f 1326/182/4 1327/181/4 1259/180/4 1256/179/4
f 1325/764/5 1328/763/5 1327/769/5 1326/770/5
f 1256/770/6 1259/769/6 1260/763/6 1255/764/6
f 1329/1110/1 1330/1111/1 1331/1112/1 1332/1113/1
f 1333/1111/2 1334/1110/2 1335/1113/2 1336/1112/2
f 1330/173/3 1333/174/3 1336/95/3 1331/94/3
f 1332/94/4 1335/95/4 1334/174/4 1329/173/4
f 1331/764/5 1336/763/5 1335/769/5 1332/770/5
f 1329/770/6 1334/769/6 1333/763/6 1330/764/6
f 1262/1066/1 1261/1065/1 1337/1112/1 1338/1113/1
f 1260/1065/2 1259/1066/2 1335/1113/2 1336/1112/2
f 1261/183/3 1260/180/3 1336/95/3 1337/98/3
f 1338/98/4 1335/95/4 1259/180/4 1262/183/4
f 1337/775/5 1336/763/5 1335/769/5 1338/776/5
f 1262/776/6 1259/769/6 1260/763/6 1261/775/6
f 1256/1066/1 1255/1065/1 1331/1112/1 1332/1113/1
f 1264/1065/2 1263/1066/2 1339/1113/2 1340/1112/2
f 1255/179/3 1264/184/3 1340/99/3 1331/94/3
f 1332/94/4 1339/99/4 1263/184/4 1256/179/4
f 1331/764/5 1340/777/5 1339/778/5 1332/770/5
f 1256/770/6 1263/778/6 1264/777/6 1255/764/6
f 1341/1114/1 1342/1115/1 1343/1116/1 1344/1117/1
f 1345/1115/2 1346/1114/2 1347/1117/2 1348/1116/2
f 1342/205/3 1345/206/3 1348/207/3 1343/208/3
f 1344/208/4 1347/207/4 1346/206/4 1341/205/4
f 1343/783/5 1348/784/5 1347/785/5 1344/786/5
f 1341/786/6 1346/785/6 1345/784/6 1342/783/6
f 1349/1118/1 1350/1119/1 1351/1120/1 1352/1121/1
f 1353/1119/2 1354/1118/2 1355/1121/2 1356/1120/2
f 1350/197/3 1353/198/3 1356/199/3 1351/200/3
f 1352/200/4 1355/199/4 1354/198/4 1349/197/4
f 1351/783/5 1356/784/5 1355/785/5 1352/786/5
f 1349/786/6 1354/785/6 1353/784/6 1350/783/6
f 1357/1122/1 1358/1123/1 1359/1124/1 1360/1125/1
f 1361/1123/2 1362/1122/2 1363/1125/2 1364/1124/2
f 1358/189/3 1361/190/3 1364/191/3 1359/192/3
f 1360/192/4 1363/191/4 1362/190/4 1357/189/4
f 1359/783/5 1364/784/5 1363/785/5 1360/786/5
f 1357/786/6 1362/785/6 1361/784/6 1358/783/6
f 1290/1066/1 1289/1079/1 1365/1126/1 1366/1113/1
f 1292/1079/2 1291/1066/2 1367/1113/2 1368/1126/2
f 1289/210/3 1292/211/3 1368/126/3 1365/125/3
f 1366/125/4 1367/126/4 1291/211/4 1290/210/4
f 1365/797/5 1368/798/5 1367/799/5 1366/800/5
f 1290/800/6 1291/799/6 1292/798/6 1289/797/6
f 1369/1127/1 1370/1128/1 1371/1129/1 1372/1130/1
f 1373/1128/2 1374/1127/2 1375/1130/2 1376/1129/2
f 1370/216/3 1373/217/3 1376/218/3 1371/219/3
f 1372/219/4 1375/218/4 1374/217/4 1369/216/4
f 1371/805/5 1376/806/5 1375/807/5 1372/769/5
f 1369/769/6 1374/807/6 1373/806/6 1370/805/6
f 1332/1113/1 1331/1112/1 1377/1131/1 1378/1132/1
f 1336/1112/2 1335/1113/2 1379/1132/2 1380/1131/2
f 1331/94/3 1336/95/3 1380/96/3 1377/97/3
f 1378/97/4 1379/96/4 1335/95/4 1332/94/4
f 1377/764/5 1380/763/5 1379/769/5 1378/770/5
f 1332/770/6 1335/769/6 1336/763/6 1331/764/6
f 1381/1133/1 1382/1134/1 1383/1135/1 1384/1136/1
f 1385/1134/2 1386/1133/2 1387/1136/2 1388/1135/2
f 1382/88/3 1385/89/3 1388/26/3 1383/25/3
f 1384/25/4 1387/26/4 1386/89/4 1381/88/4
f 1383/764/5 1388/763/5 1387/769/5 1384/770/5
f 1381/770/6 1386/769/6 1385/763/6 1382/764/6
f 1338/1113/1 1337/1112/1 1389/1135/1 1390/1136/1
f 1336/1112/2 1335/1113/2 1387/1136/2 1388/1135/2
f 1337/98/3 1336/95/3 1388/26/3 1389/29/3
f 1390/29/4 1387/26/4 1335/95/4 1338/98/4
f 1389/775/5 1388/763/5 1387/769/5 1390/776/5
f 1338/776/6 1335/769/6 1336/763/6 1337/775/6
f 1332/1113/1 1331/1112/1 1383/1135/1 1384/1136/1
f 1340/1112/2 1339/1113/2 1391/1136/2 1392/1135/2
f 1331/94/3 1340/99/3 1392/33/3 1383/25/3
f 1384/25/4 1391/33/4 1339/99/4 1332/94/4
f 1383/764/5 1392/777/5 1391/778/5 1384/770/5
f 1332/770/6 1339/778/6 1340/777/6 1331/764/6
f 1393/1137/1 1394/1138/1 1395/1139/1 1396/1140/1
f 1397/1138/2 1398/1137/2 1399/1140/2 1400/1139/2
f 1394/120/3 1397/121/3 1400/122/3 1395/123/3
f 1396/123/4 1399/122/4 1398/121/4 1393/120/4
f 1395/783/5 1400/784/5 1399/785/5 1396/786/5
f 1393/786/6 1398/785/6 1397/784/6 1394/783/6
f 1401/1141/1 1402/1142/1 1403/1143/1 1404/1144/1
f 1405/1142/2 1406/1141/2 1407/1144/2 1408/1143/2
f 1402/112/3 1405/113/3 1408/114/3 1403/115/3
f 1404/115/4 1407/114/4 1406/113/4 1401/112/4
f 1403/783/5 1408/784/5 1407/785/5 1404/786/5
f 1401/786/6 1406/785/6 1405/784/6 1402/783/6
f 1409/1145/1 1410/1146/1 1411/1147/1 1412/1148/1
f 1413/1146/2 1414/1145/2 1415/1148/2 1416/1147/2
f 1410/104/3 1413/105/3 1416/106/3 1411/107/3
f 1412/107/4 1415/106/4 1414/105/4 1409/104/4
f 1411/783/5 1416/784/5 1415/785/5 1412/786/5
f 1409/786/6 1414/785/6 1413/784/6 1410/783/6
f 1366/1113/1 1365/1126/1 1417/1149/1 1418/1136/1
f 1368/1126/2 1367/1113/2 1419/1136/2 1420/1149/2
f 1365/125/3 1368/126/3 1420/68/3 1417/67/3
f 1418/67/4 1419/68/4 1367/126/4 1366/125/4
f 1417/797/5 1420/798/5 1419/799/5 1418/800/5
f 1366/800/6 1367/799/6 1368/798/6 1365/797/6
f 1421/1150/1 1422/1151/1 1423/1152/1 1424/1153/1
f 1425/1151/2 1426/1150/2 1427/1153/2 1428/1152/2
f 1422/131/3 1425/132/3 1428/133/3 1423/134/3
f 1424/134/4 1427/133/4 1426/132/4 1421/131/4
f 1423/805/5 1428/806/5 1427/807/5 1424/769/5
f 1421/769/6 1426/807/6 1425/806/6 1422/805/6
f 1429/1154/1 1430/1155/1 1431/1156/1 1432/1157/1
f 1433/1155/2 1434/1154/2 1435/1157/2 1436/1156/2
f 1430/1158/3 1433/1159/3 1436/1160/3 1431/1161/3
f 1432/1161/4 1435/1160/4 1434/1159/4 1429/1158/4
f 1431/921/5 1436/922/5 1435/923/5 1432/924/5
f 1429/924/6 1434/923/6 1433/922/6 1430/921/6
f 1437/1162/1 1438/1163/1 1439/1164/1 1440/1165/1
f 1441/1163/2 1442/1162/2 1443/1165/2 1444/1164/2
f 1438/1166/3 1441/1167/3 1444/1168/3 1439/1169/3
f 1440/1169/4 1443/1168/4 1442/1167/4 1437/1166/4
f 1439/933/5 1444/934/5 1443/935/5 1440/936/5
f 1437/936/6 1442/935/6 1441/934/6 1438/933/6
f 1445/1162/1 1446/1163/1 1447/1164/1 1448/1165/1
f 1449/1163/2 1450/1162/2 1451/1165/2 1452/1164/2
f 1446/1170/3 1449/1171/3 1452/1172/3 1447/1173/3
f 1448/1173/4 1451/1172/4 1450/1171/4 1445/1170/4
f 1447/941/5 1452/942/5 1451/943/5 1448/944/5
f 1445/944/6 1450/943/6 1449/942/6 1446/941/6
f 1453/1162/1 1454/1163/1 1455/1164/1 1456/1165/1
f 1457/1163/2 1458/1162/2 1459/1165/2 1460/1164/2
f 1454/1174/3 1457/1175/3 1460/1176/3 1455/1177/3
f 1456/1177/4 1459/1176/4 1458/1175/4 1453/1174/4
f 1455/949/5 1460/950/5 1459/951/5 1456/952/5
f 1453/952/6 1458/951/6 1457/950/6 1454/949/6
f 1461/1162/1 1462/1163/1 1463/1164/1 1464/1165/1
f 1465/1163/2 1466/1162/2 1467/1165/2 1468/1164/2
f 1462/1178/3 1465/1179/3 1468/1180/3 1463/1181/3
f 1464/1181/4 1467/1180/4 1466/1179/4 1461/1178/4
f 1463/957/5 1468/958/5 1467/959/5 1464/960/5
f 1461/960/6 1466/959/6 1465/958/6 1462/957/6
f 1469/1162/1 1470/1163/1 1471/1164/1 1472/1165/1
f 1473/1163/2 1474/1162/2 1475/1165/2 1476/1164/2
f 1470/1182/3 1473/1183/3 1476/1184/3 1471/1185/3
f 1472/1185/4 1475/1184/4 1474/1183/4 1469/1182/4
f 1471/965/5 1476/966/5 1475/967/5 1472/968/5
f 1469/968/6 1474/967/6 1473/966/6 1470/965/6
f 1477/1162/1 1478/1163/1 1479/1164/1 1480/1165/1
f 1481/1163/2 1482/1162/2 1483/1165/2 1484/1164/2
f 1478/1186/3 1481/1187/3 1484/1188/3 1479/1189/3
f 1480/1189/4 1483/1188/4 1482/1187/4 1477/1186/4
f 1479/973/5 1484/974/5 1483/975/5 1480/976/5
f 1477/976/6 1482/975/6 1481/974/6 1478/973/6
f 1384/1136/1 1383/1135/1 1485/1190/1 1486/1191/1
f 1388/1135/2 1387/1136/2 1487/1191/2 1488/1190/2
f 1383/25/3 1388/26/3 1488/27/3 1485/28/3
f 1486/28/4 1487/27/4 1387/26/4 1384/25/4
f 1485/764/5 1488/763/5 1487/769/5 1486/770/5
f 1384/770/6 1387/769/6 1388/763/6 1383/764/6
f 1489/1192/1 1490/1193/1 1491/1194/1 1492/1195/1
f 1493/1193/2 1494/1192/2 1495/1195/2 1496/1194/2
f 1490/15/3 1493/16/3 1496/17/3 1491/18/3
f 1492/18/4 1495/17/4 1494/16/4 1489/15/4
f 1491/764/5 1496/763/5 1495/769/5 1492/770/5
f 1489/770/6 1494/769/6 1493/763/6 1490/764/6
f 1390/1136/1 1389/1135/1 1497/1194/1 1498/1195/1
f 1388/1135/2 1387/1136/2 1495/1195/2 1496/1194/2
f 1389/29/3 1388/26/3 1496/17/3 1497/30/3
f 1498/30/4 1495/17/4 1387/26/4 1390/29/4
f 1497/775/5 1496/763/5 1495/769/5 1498/776/5
f 1390/776/6 1387/769/6 1388/763/6 1389/775/6
f 1384/1136/1 1383/1135/1 1491/1194/1 1492/1195/1
f 1392/1135/2 1391/1136/2 1499/1195/2 1500/1194/2
f 1383/25/3 1392/33/3 1500/34/3 1491/18/3
f 1492/18/4 1499/34/4 1391/33/4 1384/25/4
f 1491/764/5 1500/777/5 1499/778/5 1492/770/5
f 1384/770/6 1391/778/6 1392/777/6 1383/764/6
f 1501/1196/1 1502/1197/1 1503/1198/1 1504/1199/1
f 1505/1197/2 1506/1196/2 1507/1199/2 1508/1198/2
f 1502/61/3 1505/62/3 1508/63/3 1503/64/3
f 1504/64/4 1507/63/4 1506/62/4 1501/61/4
f 1503/783/5 1508/784/5 1507/785/5 1504/786/5
f 1501/786/6 1506/785/6 1505/784/6 1502/783/6
f 1509/1200/1 1510/1201/1 1511/1202/1 1512/1203/1
f 1513/1201/2 1514/1200/2 1515/1203/2 1516/1202/2
f 1510/53/3 1513/54/3 1516/55/3 1511/56/3
f 1512/56/4 1515/55/4 1514/54/4 1509/53/4
f 1511/783/5 1516/784/5 1515/785/5 1512/786/5
f 1509/786/6 1514/785/6 1513/784/6 1510/783/6
f 1517/1204/1 1518/1205/1 1519/1206/1 1520/1207/1
f 1521/1205/2 1522/1204/2 1523/1207/2 1524/1206/2
f 1518/41/3 1521/42/3 1524/43/3 1519/44/3
f 1520/44/4 1523/43/4 1522/42/4 1517/41/4
f 1519/783/5 1524/784/5 1523/785/5 1520/786/5
f 1517/786/6 1522/785/6 1521/784/6 1518/783/6
f 1418/1136/1 1417/1149/1 1525/1208/1 1526/1195/1
f 1420/1149/2 1419/1136/2 1527/1195/2 1528/1208/2
f 1417/67/3 1420/68/3 1528/69/3 1525/70/3
f 1526/70/4 1527/69/4 1419/68/4 1418/67/4
f 1525/797/5 1528/798/5 1527/799/5 1526/800/5
f 1418/800/6 1419/799/6 1420/798/6 1417/797/6
f 1529/1209/1 1530/1210/1 1531/1211/1 1532/1212/1
f 1533/1210/2 1534/1209/2 1535/1212/2 1536/1211/2
f 1530/79/3 1533/80/3 1536/81/3 1531/82/3
f 1532/82/4 1535/81/4 1534/80/4 1529/79/4
f 1531/805/5 1536/806/5 1535/807/5 1532/769/5
f 1529/769/6 1534/807/6 1533/806/6 1530/805/6
g wall_east
f 2/2/1 769/759/1 1537/1213/1 1538/1214/1
f 774/759/2 5/2/2 1539/1214/2 1540/1213/2
f 769/5/3 774/6/3 1540/10/3 1537/9/3
f 1538/9/4 1539/10/4 5/6/4 2/5/4
f 1537/764/5 1540/763/5 1539/10/5 1538/9/5
f 2/9/6 5/10/6 774/763/6 769/764/6
f 1541/1215/1 1542/1216/1 1543/1217/1 1544/1218/1
f 1545/1216/2 1546/1215/2 1547/1218/2 1548/1217/2
f 1542/9/3 1545/10/3 1548/20/3 1543/19/3
f 1544/19/4 1547/20/4 1546/10/4 1541/9/4
f 1543/721/5 1548/720/5 1547/719/5 1544/718/5
f 1541/718/6 1546/719/6 1545/720/6 1542/721/6
f 1549/1219/1 1550/1220/1 1551/1221/1 1552/1222/1
f 1553/1220/2 1554/1219/2 1555/1222/2 1556/1221/2
f 1550/9/3 1553/10/3 1556/20/3 1551/19/3
f 1552/19/4 1555/20/4 1554/10/4 1549/9/4
f 1551/633/5 1556/634/5 1555/713/5 1552/712/5
f 1549/712/6 1554/713/6 1553/634/6 1550/633/6
f 1557/1215/1 1558/1220/1 1559/1221/1 1560/1218/1
f 1553/1220/2 1546/1215/2 1547/1218/2 1556/1221/2
f 1558/32/3 1553/10/3 1556/20/3 1559/31/3
f 1560/31/4 1547/20/4 1546/10/4 1557/32/4
f 1559/637/5 1556/634/5 1547/719/5 1560/722/5
f 1557/722/6 1546/719/6 1553/634/6 1558/637/6
f 1541/1215/1 1550/1220/1 1551/1221/1 1544/1218/1
f 1561/1220/2 1562/1215/2 1563/1218/2 1564/1221/2
f 1550/9/3 1561/36/3 1564/35/3 1551/19/3
f 1544/19/4 1563/35/4 1562/36/4 1541/9/4
f 1551/633/5 1564/638/5 1563/723/5 1544/718/5
f 1541/718/6 1562/723/6 1561/638/6 1550/633/6
f 1565/1223/1 1566/1224/1 1567/1225/1 1568/1226/1
f 1569/1224/2 1570/1223/2 1571/1226/2 1572/1225/2
f 1566/48/3 1569/47/3 1572/46/3 1567/45/3
f 1568/45/4 1571/46/4 1570/47/4 1565/48/4
f 1567/747/5 1572/746/5 1571/745/5 1568/744/5
f 1565/744/6 1570/745/6 1569/746/6 1566/747/6
f 1573/1227/1 1574/1228/1 1575/1229/1 1576/1230/1
f 1577/1228/2 1578/1227/2 1579/1230/2 1580/1229/2
f 1574/48/3 1577/47/3 1580/46/3 1575/45/3
f 1576/45/4 1579/46/4 1578/47/4 1573/48/4
f 1575/739/5 1580/738/5 1579/737/5 1576/736/5
f 1573/736/6 1578/737/6 1577/738/6 1574/739/6
f 1581/1231/1 1582/1232/1 1583/1233/1 1584/1234/1
f 1585/1232/2 1586/1231/2 1587/1234/2 1588/1233/2
f 1582/48/3 1585/47/3 1588/46/3 1583/45/3
f 1584/45/4 1587/46/4 1586/47/4 1581/48/4
f 1583/731/5 1588/730/5 1587/729/5 1584/728/5
f 1581/728/6 1586/729/6 1585/730/6 1582/731/6
f 1589/1235/1 1590/1236/1 1591/1221/1 1592/1218/1
f 1593/1236/2 1594/1235/2 1595/1218/2 1596/1221/2
f 1590/74/3 1593/73/3 1596/72/3 1591/71/3
f 1592/71/4 1595/72/4 1594/73/4 1589/74/4
f 1591/664/5 1596/665/5 1595/750/5 1592/749/5
f 1589/749/6 1594/750/6 1593/665/6 1590/664/6
f 1597/1237/1 1598/1238/1 1599/1239/1 1600/1240/1
f 1601/1238/2 1602/1237/2 1603/1240/2 1604/1239/2
f 1598/85/3 1601/84/3 1604/83/3 1599/20/3
f 1600/20/4 1603/83/4 1602/84/4 1597/85/4
f 1599/758/5 1604/757/5 1603/756/5 1600/755/5
f 1597/755/6 1602/756/6 1601/757/6 1598/758/6
f 1550/1220/1 1605/1241/1 1606/1242/1 1551/1221/1
f 1607/1241/2 1553/1220/2 1556/1221/2 1608/1242/2
f 1605/9/3 1607/10/3 1608/20/3 1606/19/3
f 1551/19/4 1556/20/4 1553/10/4 1550/9/4
f 1606/636/5 1608/635/5 1556/634/5 1551/633/5
f 1550/633/6 1553/634/6 1607/635/6 1605/636/6
f 1609/1243/1 1610/1244/1 1611/1245/1 1612/1246/1
f 1613/1244/2 1614/1243/2 1615/1246/2 1616/1245/2
f 1610/9/3 1613/10/3 1616/20/3 1611/19/3
f 1612/19/4 1615/20/4 1614/10/4 1609/9/4
f 1611/584/5 1616/585/5 1615/628/5 1612/627/5
f 1609/627/6 1614/628/6 1613/585/6 1610/584/6
f 1558/1220/1 1617/1244/1 1618/1245/1 1559/1221/1
f 1613/1244/2 1553/1220/2 1556/1221/2 1616/1245/2
f 1617/32/3 1613/10/3 1616/20/3 1618/31/3
f 1559/31/4 1556/20/4 1553/10/4 1558/32/4
f 1618/588/5 1616/585/5 1556/634/5 1559/637/5
f 1558/637/6 1553/634/6 1613/585/6 1617/588/6
f 1550/1220/1 1610/1244/1 1611/1245/1 1551/1221/1
f 1619/1244/2 1561/1220/2 1564/1221/2 1620/1245/2
f 1610/9/3 1619/36/3 1620/35/3 1611/19/3
f 1551/19/4 1564/35/4 1561/36/4 1550/9/4
f 1611/584/5 1620/589/5 1564/638/5 1551/633/5
f 1550/633/6 1561/638/6 1619/589/6 1610/584/6
f 1621/1247/1 1622/1248/1 1623/1249/1 1624/1250/1
f 1625/1248/2 1626/1247/2 1627/1250/2 1628/1249/2
f 1622/48/3 1625/47/3 1628/46/3 1623/45/3
f 1624/45/4 1627/46/4 1626/47/4 1621/48/4
f 1623/662/5 1628/661/5 1627/660/5 1624/659/5
f 1621/659/6 1626/660/6 1625/661/6 1622/662/6
f 1629/1251/1 1630/1252/1 1631/1253/1 1632/1254/1
f 1633/1252/2 1634/1251/2 1635/1254/2 1636/1253/2
f 1630/48/3 1633/47/3 1636/46/3 1631/45/3
f 1632/45/4 1635/46/4 1634/47/4 1629/48/4
f 1631/654/5 1636/653/5 1635/652/5 1632/651/5
f 1629/651/6 1634/652/6 1633/653/6 1630/654/6
f 1637/1255/1 1638/1256/1 1639/1257/1 1640/1258/1
f 1641/1256/2 1642/1255/2 1643/1258/2 1644/1257/2
f 1638/48/3 1641/47/3 1644/46/3 1639/45/3
f 1640/45/4 1643/46/4 1642/47/4 1637/48/4
f 1639/646/5 1644/645/5 1643/644/5 1640/643/5
f 1637/643/6 1642/644/6 1641/645/6 1638/646/6
f 1590/1236/1 1645/1259/1 1646/1245/1 1591/1221/1
f 1647/1259/2 1593/1236/2 1596/1221/2 1648/1245/2
f 1645/74/3 1647/73/3 1648/72/3 1646/71/3
f 1591/71/4 1596/72/4 1593/73/4 1590/74/4
f 1646/615/5 1648/616/5 1596/665/5 1591/664/5
f 1590/664/6 1593/665/6 1647/616/6 1645/615/6
f 1649/1260/1 1650/1261/1 1651/1262/1 1652/1263/1
f 1653/1261/2 1654/1260/2 1655/1263/2 1656/1262/2
f 1650/85/3 1653/84/3 1656/83/3 1651/20/3
f 1652/20/4 1655/83/4 1654/84/4 1649/85/4
f 1651/673/5 1656/672/5 1655/671/5 1652/670/5
f 1649/670/6 1654/671/6 1653/672/6 1650/673/6
f 1657/1264/1 1658/1265/1 1659/1266/1 1660/1267/1
f 1661/1265/2 1662/1264/2 1663/1267/2 1664/1266/2
f 1658/146/3 1661/145/3 1664/144/3 1659/143/3
f 1660/143/4 1663/144/4 1662/145/4 1657/146/4
f 1659/838/5 1664/837/5 1663/836/5 1660/835/5
f 1657/835/6 1662/836/6 1661/837/6 1658/838/6
f 1665/1268/1 1666/1269/1 1667/1270/1 1668/1271/1
f 1669/1269/2 1670/1268/2 1671/1271/2 1672/1270/2
f 1666/158/3 1669/157/3 1672/156/3 1667/155/3
f 1668/155/4 1671/156/4 1670/157/4 1665/158/4
f 1667/850/5 1672/849/5 1671/848/5 1668/847/5
f 1665/847/6 1670/848/6 1669/849/6 1666/850/6
f 1673/1272/1 1674/1273/1 1675/1274/1 1676/1275/1
f 1677/1273/2 1678/1272/2 1679/1275/2 1680/1274/2
f 1674/170/3 1677/169/3 1680/168/3 1675/167/3
f 1676/167/4 1679/168/4 1678/169/4 1673/170/4
f 1675/862/5 1680/861/5 1679/860/5 1676/859/5
f 1673/859/6 1678/860/6 1677/861/6 1674/862/6
f 1610/1244/1 1681/1276/1 1682/1277/1 1611/1245/1
f 1683/1276/2 1613/1244/2 1616/1245/2 1684/1277/2
f 1681/9/3 1683/10/3 1684/20/3 1682/19/3
f 1611/19/4 1616/20/4 1613/10/4 1610/9/4
f 1682/587/5 1684/586/5 1616/585/5 1611/584/5
f 1610/584/6 1613/585/6 1683/586/6 1681/587/6
f 1685/1278/1 1686/1279/1 1687/1280/1 1688/1281/1
f 1689/1279/2 1690/1278/2 1691/1281/2 1692/1280/2
f 1686/9/3 1689/10/3 1692/20/3 1687/19/3
f 1688/19/4 1691/20/4 1690/10/4 1685/9/4
f 1687/511/5 1692/512/5 1691/579/5 1688/578/5
f 1685/578/6 1690/579/6 1689/512/6 1686/511/6
f 1617/1244/1 1693/1279/1 1694/1280/1 1618/1245/1
f 1689/1279/2 1613/1244/2 1616/1245/2 1692/1280/2
f 1693/32/3 1689/10/3 1692/20/3 1694/31/3
f 1618/31/4 1616/20/4 1613/10/4 1617/32/4
f 1694/515/5 1692/512/5 1616/585/5 1618/588/5
f 1617/588/6 1613/585/6 1689/512/6 1693/515/6
f 1610/1244/1 1686/1279/1 1687/1280/1 1611/1245/1
f 1695/1279/2 1619/1244/2 1620/1245/2 1696/1280/2
f 1686/9/3 1695/36/3 1696/35/3 1687/19/3
f 1611/19/4 1620/35/4 1619/36/4 1610/9/4
f 1687/511/5 1696/516/5 1620/589/5 1611/584/5
f 1610/584/6 1619/589/6 1695/516/6 1686/511/6
f 1697/1282/1 1698/1283/1 1699/1284/1 1700/1285/1
f 1701/1283/2 1702/1282/2 1703/1285/2 1704/1284/2
f 1698/48/3 1701/47/3 1704/46/3 1699/45/3
f 1700/45/4 1703/46/4 1702/47/4 1697/48/4
f 1699/613/5 1704/612/5 1703/611/5 1700/610/5
f 1697/610/6 1702/611/6 1701/612/6 1698/613/6
f 1705/1286/1 1706/1287/1 1707/1288/1 1708/1289/1
f 1709/1287/2 1710/1286/2 1711/1289/2 1712/1288/2
f 1706/48/3 1709/47/3 1712/46/3 1707/45/3
f 1708/45/4 1711/46/4 1710/47/4 1705/48/4
f 1707/605/5 1712/604/5 1711/603/5 1708/602/5
f 1705/602/6 1710/603/6 1709/604/6 1706/605/6
f 1713/1290/1 1714/1291/1 1715/1292/1 1716/1293/1
f 1717/1291/2 1718/1290/2 1719/1293/2 1720/1292/2
f 1714/48/3 1717/47/3 1720/46/3 1715/45/3
f 1716/45/4 1719/46/4 1718/47/4 1713/48/4
f 1715/597/5 1720/596/5 1719/595/5 1716/594/5
f 1713/594/6 1718/595/6 1717/596/6 1714/597/6
f 1645/1259/1 1721/1294/1 1722/1280/1 1646/1245/1
f 1723/1294/2 1647/1259/2 1648/1245/2 1724/1280/2
f 1721/74/3 1723/73/3 1724/72/3 1722/71/3
f 1646/71/4 1648/72/4 1647/73/4 1645/74/4
f 1722/542/5 1724/543/5 1648/616/5 1646/615/5
f 1645/615/6 1647/616/6 1723/543/6 1721/542/6
f 1725/1295/1 1726/1296/1 1727/1297/1 1728/1298/1
f 1729/1296/2 1730/1295/2 1731/1298/2 1732/1297/2
f 1726/85/3 1729/84/3 1732/83/3 1727/20/3
f 1728/20/4 1731/83/4 1730/84/4 1725/85/4
f 1727/624/5 1732/623/5 1731/622/5 1728/621/5
f 1725/621/6 1730/622/6 1729/623/6 1726/624/6
f 1686/1279/1 1733/1299/1 1734/1300/1 1687/1280/1
f 1735/1299/2 1689/1279/2 1692/1280/2 1736/1300/2
f 1733/9/3 1735/10/3 1736/20/3 1734/19/3
f 1687/19/4 1692/20/4 1689/10/4 1686/9/4
f 1734/514/5 1736/513/5 1692/512/5 1687/511/5
f 1686/511/6 1689/512/6 1735/513/6 1733/514/6
f 1737/1301/1 1738/1302/1 1739/1303/1 1740/1304/1
f 1741/1302/2 1742/1301/2 1743/1304/2 1744/1303/2
f 1738/9/3 1741/10/3 1744/20/3 1739/19/3
f 1740/19/4 1743/20/4 1742/10/4 1737/9/4
f 1739/462/5 1744/463/5 1743/506/5 1740/505/5
f 1737/505/6 1742/506/6 1741/463/6 1738/462/6
f 1693/1279/1 1745/1302/1 1746/1303/1 1694/1280/1
f 1741/1302/2 1689/1279/2 1692/1280/2 1744/1303/2
f 1745/32/3 1741/10/3 1744/20/3 1746/31/3
f 1694/31/4 1692/20/4 1689/10/4 1693/32/4
f 1746/466/5 1744/463/5 1692/512/5 1694/515/5
f 1693/515/6 1689/512/6 1741/463/6 1745/466/6
f 1686/1279/1 1738/1302/1 1739/1303/1 1687/1280/1
f 1747/1302/2 1695/1279/2 1696/1280/2 1748/1303/2
f 1738/9/3 1747/36/3 1748/35/3 1739/19/3
f 1687/19/4 1696/35/4 1695/36/4 1686/9/4
f 1739/462/5 1748/467/5 1696/516/5 1687/511/5
f 1686/511/6 1695/516/6 1747/467/6 1738/462/6
f 1749/1305/1 1750/1306/1 1751/1307/1 1752/1308/1
f 1753/1306/2 1754/1305/2 1755/1308/2 1756/1307/2
f 1750/48/3 1753/47/3 1756/46/3 1751/45/3
f 1752/45/4 1755/46/4 1754/47/4 1749/48/4
f 1751/540/5 1756/539/5 1755/538/5 1752/537/5
f 1749/537/6 1754/538/6 1753/539/6 1750/540/6
f 1757/1309/1 1758/1310/1 1759/1311/1 1760/1312/1
f 1761/1310/2 1762/1309/2 1763/1312/2 1764/1311/2
f 1758/48/3 1761/47/3 1764/46/3 1759/45/3
f 1760/45/4 1763/46/4 1762/47/4 1757/48/4
f 1759/532/5 1764/531/5 1763/530/5 1760/529/5
f 1757/529/6 1762/530/6 1761/531/6 1758/532/6
f 1765/1313/1 1766/1314/1 1767/1315/1 1768/1316/1
f 1769/1314/2 1770/1313/2 1771/1316/2 1772/1315/2
f 1766/48/3 1769/47/3 1772/46/3 1767/45/3
f 1768/45/4 1771/46/4 1770/47/4 1765/48/4
f 1767/524/5 1772/523/5 1771/522/5 1768/521/5
f 1765/521/6 1770/522/6 1769/523/6 1766/524/6
f 1721/1294/1 1773/1317/1 1774/1303/1 1722/1280/1
f 1775/1317/2 1723/1294/2 1724/1280/2 1776/1303/2
f 1773/74/3 1775/73/3 1776/72/3 1774/71/3
f 1722/71/4 1724/72/4 1723/73/4 1721/74/4
f 1774/493/5 1776/494/5 1724/543/5 1722/542/5
f 1721/542/6 1723/543/6 1775/494/6 1773/493/6
f 1777/1318/1 1778/1319/1 1779/1320/1 1780/1321/1
f 1781/1319/2 1782/1318/2 1783/1321/2 1784/1320/2
f 1778/85/3 1781/84/3 1784/83/3 1779/20/3
f 1780/20/4 1783/83/4 1782/84/4 1777/85/4
f 1779/551/5 1784/550/5 1783/549/5 1780/548/5
f 1777/548/6 1782/549/6 1781/550/6 1778/551/6
f 1785/1322/1 1786/1323/1 1787/1324/1 1788/1325/1
f 1789/1323/2 1790/1322/2 1791/1325/2 1792/1324/2
f 1786/280/3 1789/279/3 1792/278/3 1787/277/3
f 1788/277/4 1791/278/4 1790/279/4 1785/280/4
f 1787/920/5 1792/919/5 1791/918/5 1788/917/5
f 1785/917/6 1790/918/6 1789/919/6 1786/920/6
f 1793/1326/1 1794/1327/1 1795/1328/1 1796/1329/1
f 1797/1327/2 1798/1326/2 1799/1329/2 1800/1328/2
f 1794/292/3 1797/291/3 1800/290/3 1795/289/3
f 1796/289/4 1799/290/4 1798/291/4 1793/292/4
f 1795/932/5 1800/931/5 1799/930/5 1796/929/5
f 1793/929/6 1798/930/6 1797/931/6 1794/932/6
f 1801/1326/1 1802/1327/1 1803/1328/1 1804/1329/1
f 1805/1327/2 1806/1326/2 1807/1329/2 1808/1328/2
f 1802/300/3 1805/299/3 1808/298/3 1803/297/3
f 1804/297/4 1807/298/4 1806/299/4 1801/300/4
f 1803/940/5 1808/939/5 1807/938/5 1804/937/5
f 1801/937/6 1806/938/6 1805/939/6 1802/940/6
f 1809/1326/1 1810/1327/1 1811/1328/1 1812/1329/1
f 1813/1327/2 1814/1326/2 1815/1329/2 1816/1328/2
f 1810/308/3 1813/307/3 1816/306/3 1811/305/3
f 1812/305/4 1815/306/4 1814/307/4 1809/308/4
f 1811/948/5 1816/947/5 1815/946/5 1812/945/5
f 1809/945/6 1814/946/6 1813/947/6 1810/948/6
f 1817/1326/1 1818/1327/1 1819/1328/1 1820/1329/1
f 1821/1327/2 1822/1326/2 1823/1329/2 1824/1328/2
f 1818/316/3 1821/315/3 1824/314/3 1819/313/3
f 1820/313/4 1823/314/4 1822/315/4 1817/316/4
f 1819/956/5 1824/955/5 1823/954/5 1820/953/5
f 1817/953/6 1822/954/6 1821/955/6 1818/956/6
f 1825/1326/1 1826/1327/1 1827/1328/1 1828/1329/1
f 1829/1327/2 1830/1326/2 1831/1329/2 1832/1328/2
f 1826/324/3 1829/323/3 1832/322/3 1827/321/3
f 1828/321/4 1831/322/4 1830/323/4 1825/324/4
f 1827/964/5 1832/963/5 1831/962/5 1828/961/5
f 1825/961/6 1830/962/6 1829/963/6 1826/964/6
f 1833/1326/1 1834/1327/1 1835/1328/1 1836/1329/1
f 1837/1327/2 1838/1326/2 1839/1329/2 1840/1328/2
f 1834/332/3 1837/331/3 1840/330/3 1835/329/3
f 1836/329/4 1839/330/4 1838/331/4 1833/332/4
f 1835/972/5 1840/971/5 1839/970/5 1836/969/5
f 1833/969/6 1838/970/6 1837/971/6 1834/972/6
f 1738/1302/1 1841/1330/1 1842/1331/1 1739/1303/1
f 1843/1330/2 1741/1302/2 1744/1303/2 1844/1331/2
f 1841/9/3 1843/10/3 1844/20/3 1842/19/3
f 1739/19/4 1744/20/4 1741/10/4 1738/9/4
f 1842/465/5 1844/464/5 1744/463/5 1739/462/5
f 1738/462/6 1741/463/6 1843/464/6 1841/465/6
f 1845/1332/1 1846/1333/1 1847/1334/1 1848/1335/1
f 1849/1333/2 1850/1332/2 1851/1335/2 1852/1334/2
f 1846/9/3 1849/10/3 1852/20/3 1847/19/3
f 1848/19/4 1851/20/4 1850/10/4 1845/9/4
f 1847/390/5 1852/391/5 1851/457/5 1848/456/5
f 1845/456/6 1850/457/6 1849/391/6 1846/390/6
f 1745/1302/1 1853/1333/1 1854/1334/1 1746/1303/1
f 1849/1333/2 1741/1302/2 1744/1303/2 1852/1334/2
f 1853/32/3 1849/10/3 1852/20/3 1854/31/3
f 1746/31/4 1744/20/4 1741/10/4 1745/32/4
f 1854/394/5 1852/391/5 1744/463/5 1746/466/5
f 1745/466/6 1741/463/6 1849/391/6 1853/394/6
f 1738/1302/1 1846/1333/1 1847/1334/1 1739/1303/1
f 1855/1333/2 1747/1302/2 1748/1303/2 1856/1334/2
f 1846/9/3 1855/36/3 1856/35/3 1847/19/3
f 1739/19/4 1748/35/4 1747/36/4 1738/9/4
f 1847/390/5 1856/395/5 1748/467/5 1739/462/5
f 1738/462/6 1747/467/6 1855/395/6 1846/390/6
f 1857/1336/1 1858/1337/1 1859/1338/1 1860/1339/1
f 1861/1337/2 1862/1336/2 1863/1339/2 1864/1338/2
f 1858/48/3 1861/47/3 1864/46/3 1859/45/3
f 1860/45/4 1863/46/4 1862/47/4 1857/48/4
f 1859/491/5 1864/490/5 1863/489/5 1860/488/5
f 1857/488/6 1862/489/6 1861/490/6 1858/491/6
f 1865/1340/1 1866/1341/1 1867/1342/1 1868/1343/1
f 1869/1341/2 1870/1340/2 1871/1343/2 1872/1342/2
f 1866/48/3 1869/47/3 1872/46/3 1867/45/3
f 1868/45/4 1871/46/4 1870/47/4 1865/48/4
f 1867/483/5 1872/482/5 1871/481/5 1868/480/5
f 1865/480/6 1870/481/6 1869/482/6 1866/483/6
f 1873/1344/1 1874/1345/1 1875/1346/1 1876/1347/1
f 1877/1345/2 1878/1344/2 1879/1347/2 1880/1346/2
f 1874/48/3 1877/47/3 1880/46/3 1875/45/3
f 1876/45/4 1879/46/4 1878/47/4 1873/48/4
f 1875/475/5 1880/474/5 1879/473/5 1876/472/5
f 1873/472/6 1878/473/6 1877/474/6 1874/475/6
f 1773/1317/1 1881/1348/1 1882/1334/1 1774/1303/1
f 1883/1348/2 1775/1317/2 1776/1303/2 1884/1334/2
f 1881/74/3 1883/73/3 1884/72/3 1882/71/3
f 1774/71/4 1776/72/4 1775/73/4 1773/74/4
f 1882/421/5 1884/422/5 1776/494/5 1774/493/5
f 1773/493/6 1775/494/6 1883/422/6 1881/421/6
f 1885/1349/1 1886/1350/1 1887/1351/1 1888/1352/1
f 1889/1350/2 1890/1349/2 1891/1352/2 1892/1351/2
f 1886/85/3 1889/84/3 1892/83/3 1887/20/3
f 1888/20/4 1891/83/4 1890/84/4 1885/85/4
f 1887/502/5 1892/501/5 1891/500/5 1888/499/5
f 1885/499/6 1890/500/6 1889/501/6 1886/502/6
f 1846/1333/1 1893/1353/1 1894/1354/1 1847/1334/1
f 1895/1353/2 1849/1333/2 1852/1334/2 1896/1354/2
f 1893/9/3 1895/10/3 1896/20/3 1894/19/3
f 1847/19/4 1852/20/4 1849/10/4 1846/9/4
f 1894/393/5 1896/392/5 1852/391/5 1847/390/5
f 1846/390/6 1849/391/6 1895/392/6 1893/393/6
f 1897/1355/1 1898/1356/1 1899/1357/1 1900/1358/1
f 1901/1356/2 1902/1355/2 1903/1358/2 1904/1357/2
f 1898/9/3 1901/10/3 1904/20/3 1899/19/3
f 1900/19/4 1903/20/4 1902/10/4 1897/9/4
f 1899/341/5 1904/342/5 1903/385/5 1900/384/5
f 1897/384/6 1902/385/6 1901/342/6 1898/341/6
f 1853/1333/1 1905/1356/1 1906/1357/1 1854/1334/1
f 1901/1356/2 1849/1333/2 1852/1334/2 1904/1357/2
f 1905/32/3 1901/10/3 1904/20/3 1906/31/3
f 1854/31/4 1852/20/4 1849/10/4 1853/32/4
f 1906/345/5 1904/342/5 1852/391/5 1854/394/5
f 1853/394/6 1849/391/6 1901/342/6 1905/345/6
f 1846/1333/1 1898/1356/1 1899/1357/1 1847/1334/1
f 1907/1356/2 1855/1333/2 1856/1334/2 1908/1357/2
f 1898/9/3 1907/36/3 1908/35/3 1899/19/3
f 1847/19/4 1856/35/4 1855/36/4 1846/9/4
f 1899/341/5 1908/346/5 1856/395/5 1847/390/5
f 1846/390/6 1855/395/6 1907/346/6 1898/341/6
f 1909/1359/1 1910/1360/1 1911/1361/1 1912/1362/1
f 1913/1360/2 1914/1359/2 1915/1362/2 1916/1361/2
f 1910/48/3 1913/47/3 1916/46/3 1911/45/3
f 1912/45/4 1915/46/4 1914/47/4 1909/48/4
f 1911/419/5 1916/418/5 1915/417/5 1912/416/5
f 1909/416/6 1914/417/6 1913/418/6 1910/419/6
f 1917/1363/1 1918/1364/1 1919/1365/1 1920/1366/1
f 1921/1364/2 1922/1363/2 1923/1366/2 1924/1365/2
f 1918/48/3 1921/47/3 1924/46/3 1919/45/3
f 1920/45/4 1923/46/4 1922/47/4 1917/48/4
f 1919/411/5 1924/410/5 1923/409/5 1920/408/5
f 1917/408/6 1922/409/6 1921/410/6 1918/411/6
f 1925/1367/1 1926/1368/1 1927/1369/1 1928/1370/1
f 1929/1368/2 1930/1367/2 1931/1370/2 1932/1369/2
f 1926/48/3 1929/47/3 1932/46/3 1927/45/3
f 1928/45/4 1931/46/4 1930/47/4 1925/48/4
f 1927/403/5 1932/402/5 1931/401/5 1928/400/5
f 1925/400/6 1930/401/6 1929/402/6 1926/403/6
f 1881/1348/1 1933/1371/1 1934/1357/1 1882/1334/1
f 1935/1371/2 1883/1348/2 1884/1334/2 1936/1357/2
f 1933/74/3 1935/73/3 1936/72/3 1934/71/3
f 1882/71/4 1884/72/4 1883/73/4 1881/74/4
f 1934/372/5 1936/373/5 1884/422/5 1882/421/5
f 1881/421/6 1883/422/6 1935/373/6 1933/372/6
f 1937/1372/1 1938/1373/1 1939/1374/1 1940/1375/1
f 1941/1373/2 1942/1372/2 1943/1375/2 1944/1374/2
f 1938/85/3 1941/84/3 1944/83/3 1939/20/3
f 1940/20/4 1943/83/4 1942/84/4 1937/85/4
f 1939/430/5 1944/429/5 1943/428/5 1940/427/5
f 1937/427/6 1942/428/6 1941/429/6 1938/430/6
f 1945/1376/1 1946/1377/1 1947/1378/1 1948/1379/1
f 1949/1377/2 1950/1376/2 1951/1379/2 1952/1378/2
f 1946/442/3 1949/441/3 1952/440/3 1947/439/3
f 1948/439/4 1951/440/4 1950/441/4 1945/442/4
f 1947/438/5 1952/437/5 1951/436/5 1948/435/5
f 1945/435/6 1950/436/6 1949/437/6 1946/438/6
f 1953/1380/1 1954/1381/1 1955/1382/1 1956/1383/1
f 1957/1381/2 1958/1380/2 1959/1383/2 1960/1382/2
f 1954/279/3 1957/453/3 1960/452/3 1955/451/3
f 1956/451/4 1959/452/4 1958/453/4 1953/279/4
f 1955/450/5 1960/449/5 1959/448/5 1956/447/5
f 1953/447/6 1958/448/6 1957/449/6 1954/450/6
f 1898/1356/1 1961/1384/1 1962/1385/1 1899/1357/1
f 1963/1384/2 1901/1356/2 1904/1357/2 1964/1385/2
f 1961/9/3 1963/10/3 1964/20/3 1962/19/3
f 1899/19/4 1904/20/4 1901/10/4 1898/9/4
f 1962/344/5 1964/343/5 1904/342/5 1899/341/5
f 1898/341/6 1901/342/6 1963/343/6 1961/344/6
f 1965/1386/1 1966/1387/1 1967/1388/1 1968/1389/1
f 1969/1387/2 1970/1386/2 1971/1389/2 1972/1388/2
f 1966/9/3 1969/10/3 1972/20/3 1967/19/3
f 1968/19/4 1971/20/4 1970/10/4 1965/9/4
f 1967/228/5 1972/229/5 1971/336/5 1968/335/5
f 1965/335/6 1970/336/6 1969/229/6 1966/228/6
f 1905/1356/1 1973/1387/1 1974/1388/1 1906/1357/1
f 1969/1387/2 1901/1356/2 1904/1357/2 1972/1388/2
f 1973/32/3 1969/10/3 1972/20/3 1974/31/3
f 1906/31/4 1904/20/4 1901/10/4 1905/32/4
f 1974/232/5 1972/229/5 1904/342/5 1906/345/5
f 1905/345/6 1901/342/6 1969/229/6 1973/232/6
f 1898/1356/1 1966/1387/1 1967/1388/1 1899/1357/1
f 1975/1387/2 1907/1356/2 1908/1357/2 1976/1388/2
f 1966/9/3 1975/36/3 1976/35/3 1967/19/3
f 1899/19/4 1908/35/4 1907/36/4 1898/9/4
f 1967/228/5 1976/233/5 1908/346/5 1899/341/5
f 1898/341/6 1907/346/6 1975/233/6 1966/228/6
f 1977/1390/1 1978/1391/1 1979/1392/1 1980/1393/1
f 1981/1391/2 1982/1390/2 1983/1393/2 1984/1392/2
f 1978/48/3 1981/47/3 1984/46/3 1979/45/3
f 1980/45/4 1983/46/4 1982/47/4 1977/48/4
f 1979/370/5 1984/369/5 1983/368/5 1980/367/5
f 1977/367/6 1982/368/6 1981/369/6 1978/370/6
f 1985/1394/1 1986/1395/1 1987/1396/1 1988/1397/1
f 1989/1395/2 1990/1394/2 1991/1397/2 1992/1396/2
f 1986/48/3 1989/47/3 1992/46/3 1987/45/3
f 1988/45/4 1991/46/4 1990/47/4 1985/48/4
f 1987/362/5 1992/361/5 1991/360/5 1988/359/5
f 1985/359/6 1990/360/6 1989/361/6 1986/362/6
f 1993/1398/1 1994/1399/1 1995/1400/1 1996/1401/1
f 1997/1399/2 1998/1398/2 1999/1401/2 2000/1400/2
f 1994/48/3 1997/47/3 2000/46/3 1995/45/3
f 1996/45/4 1999/46/4 1998/47/4 1993/48/4
f 1995/354/5 2000/353/5 1999/352/5 1996/351/5
f 1993/351/6 1998/352/6 1997/353/6 1994/354/6
f 1933/1371/1 2001/1402/1 2002/1388/1 1934/1357/1
f 2003/1402/2 1935/1371/2 1936/1357/2 2004/1388/2
f 2001/74/3 2003/73/3 2004/72/3 2002/71/3
f 1934/71/4 1936/72/4 1935/73/4 1933/74/4
f 2002/259/5 2004/260/5 1936/373/5 1934/372/5
f 1933/372/6 1935/373/6 2003/260/6 2001/259/6
f 2005/1403/1 2006/1404/1 2007/1405/1 2008/1406/1
f 2009/1404/2 2010/1403/2 2011/1406/2 2012/1405/2
f 2006/85/3 2009/84/3 2012/83/3 2007/20/3
f 2008/20/4 2011/83/4 2010/84/4 2005/85/4
f 2007/381/5 2012/380/5 2011/379/5 2008/378/5
f 2005/378/6 2010/379/6 2009/380/6 2006/381/6
f 1966/1387/1 2013/1407/1 2014/1408/1 1967/1388/1
f 2015/1407/2 1969/1387/2 1972/1388/2 2016/1408/2
f 2013/9/3 2015/10/3 2016/20/3 2014/19/3
f 1967/19/4 1972/20/4 1969/10/4 1966/9/4
f 2014/231/5 2016/230/5 1972/229/5 1967/228/5
f 1966/228/6 1969/229/6 2015/230/6 2013/231/6
f 2017/1409/1 2018/1410/1 2019/1411/1 2020/1412/1
f 2021/1410/2 2022/1409/2 2023/1412/2 2024/1411/2
f 2018/9/3 2021/10/3 2024/20/3 2019/19/3
f 2020/19/4 2023/20/4 2022/10/4 2017/9/4
f 2019/179/5 2024/180/5 2023/223/5 2020/222/5
f 2017/222/6 2022/223/6 2021/180/6 2018/179/6
f 1973/1387/1 2025/1410/1 2026/1411/1 1974/1388/1
f 2021/1410/2 1969/1387/2 1972/1388/2 2024/1411/2
f 2025/32/3 2021/10/3 2024/20/3 2026/31/3
f 1974/31/4 1972/20/4 1969/10/4 1973/32/4
f 2026/183/5 2024/180/5 1972/229/5 1974/232/5
f 1973/232/6 1969/229/6 2021/180/6 2025/183/6
f 1966/1387/1 2018/1410/1 2019/1411/1 1967/1388/1
f 2027/1410/2 1975/1387/2 1976/1388/2 2028/1411/2
f 2018/9/3 2027/36/3 2028/35/3 2019/19/3
f 1967/19/4 1976/35/4 1975/36/4 1966/9/4
f 2019/179/5 2028/184/5 1976/233/5 1967/228/5
f 1966/228/6 1975/233/6 2027/184/6 2018/179/6
f 2029/1413/1 2030/1414/1 2031/1415/1 2032/1416/1
f 2033/1414/2 2034/1413/2 2035/1416/2 2036/1415/2
f 2030/48/3 2033/47/3 2036/46/3 2031/45/3
f 2032/45/4 2035/46/4 2034/47/4 2029/48/4
f 2031/257/5 2036/256/5 2035/255/5 2032/254/5
f 2029/254/6 2034/255/6 2033/256/6 2030/257/6
f 2037/1417/1 2038/1418/1 2039/1419/1 2040/1420/1
f 2041/1418/2 2042/1417/2 2043/1420/2 2044/1419/2
f 2038/48/3 2041/47/3 2044/46/3 2039/45/3
f 2040/45/4 2043/46/4 2042/47/4 2037/48/4
f 2039/249/5 2044/248/5 2043/247/5 2040/246/5
f 2037/246/6 2042/247/6 2041/248/6 2038/249/6
f 2045/1421/1 2046/1422/1 2047/1423/1 2048/1424/1
f 2049/1422/2 2050/1421/2 2051/1424/2 2052/1423/2
f 2046/48/3 2049/47/3 2052/46/3 2047/45/3
f 2048/45/4 2051/46/4 2050/47/4 2045/48/4
f 2047/241/5 2052/240/5 2051/239/5 2048/238/5
f 2045/238/6 2050/239/6 2049/240/6 2046/241/6
f 2001/1402/1 2053/1425/1 2054/1411/1 2002/1388/1
f 2055/1425/2 2003/1402/2 2004/1388/2 2056/1411/2
f 2053/74/3 2055/73/3 2056/72/3 2054/71/3
f 2002/71/4 2004/72/4 2003/73/4 2001/74/4
f 2054/210/5 2056/211/5 2004/260/5 2002/259/5
f 2001/259/6 2003/260/6 2055/211/6 2053/210/6
f 2057/1426/1 2058/1427/1 2059/1428/1 2060/1429/1
f 2061/1427/2 2062/1426/2 2063/1429/2 2064/1428/2
f 2058/85/3 2061/84/3 2064/83/3 2059/20/3
f 2060/20/4 2063/83/4 2062/84/4 2057/85/4
f 2059/268/5 2064/267/5 2063/266/5 2060/265/5
f 2057/265/6 2062/266/6 2061/267/6 2058/268/6
f 2065/1430/1 2066/1431/1 2067/1432/1 2068/1433/1
f 2069/1431/2 2070/1430/2 2071/1433/2 2072/1432/2
f 2066/146/3 2069/145/3 2072/144/3 2067/143/3
f 2068/143/4 2071/144/4 2070/145/4 2065/146/4
f 2067/1091/5 2072/1090/5 2071/1089/5 2068/1088/5
f 2065/1088/6 2070/1089/6 2069/1090/6 2066/1091/6
f 2073/1434/1 2074/1435/1 2075/1436/1 2076/1437/1
f 2077/1435/2 2078/1434/2 2079/1437/2 2080/1436/2
f 2074/158/3 2077/157/3 2080/156/3 2075/155/3
f 2076/155/4 2079/156/4 2078/157/4 2073/158/4
f 2075/1099/5 2080/1098/5 2079/1097/5 2076/1096/5
f 2073/1096/6 2078/1097/6 2077/1098/6 2074/1099/6
f 2081/1438/1 2082/1439/1 2083/1440/1 2084/1441/1
f 2085/1439/2 2086/1438/2 2087/1441/2 2088/1440/2
f 2082/170/3 2085/169/3 2088/168/3 2083/167/3
f 2084/167/4 2087/168/4 2086/169/4 2081/170/4
f 2083/1107/5 2088/1106/5 2087/1105/5 2084/1104/5
f 2081/1104/6 2086/1105/6 2085/1106/6 2082/1107/6
f 2018/1410/1 2089/1442/1 2090/1443/1 2019/1411/1
f 2091/1442/2 2021/1410/2 2024/1411/2 2092/1443/2
f 2089/9/3 2091/10/3 2092/20/3 2090/19/3
f 2019/19/4 2024/20/4 2021/10/4 2018/9/4
f 2090/182/5 2092/181/5 2024/180/5 2019/179/5
f 2018/179/6 2021/180/6 2091/181/6 2089/182/6
f 2093/1444/1 2094/1445/1 2095/1446/1 2096/1447/1
f 2097/1445/2 2098/1444/2 2099/1447/2 2100/1446/2
f 2094/9/3 2097/10/3 2100/20/3 2095/19/3
f 2096/19/4 2099/20/4 2098/10/4 2093/9/4
f 2095/94/5 2100/95/5 2099/174/5 2096/173/5
f 2093/173/6 2098/174/6 2097/95/6 2094/94/6
f 2025/1410/1 2101/1445/1 2102/1446/1 2026/1411/1
f 2097/1445/2 2021/1410/2 2024/1411/2 2100/1446/2
f 2101/32/3 2097/10/3 2100/20/3 2102/31/3
f 2026/31/4 2024/20/4 2021/10/4 2025/32/4
f 2102/98/5 2100/95/5 2024/180/5 2026/183/5
f 2025/183/6 2021/180/6 2097/95/6 2101/98/6
f 2018/1410/1 2094/1445/1 2095/1446/1 2019/1411/1
f 2103/1445/2 2027/1410/2 2028/1411/2 2104/1446/2
f 2094/9/3 2103/36/3 2104/35/3 2095/19/3
f 2019/19/4 2028/35/4 2027/36/4 2018/9/4
f 2095/94/5 2104/99/5 2028/184/5 2019/179/5
f 2018/179/6 2027/184/6 2103/99/6 2094/94/6
f 2105/1448/1 2106/1449/1 2107/1450/1 2108/1451/1
f 2109/1449/2 2110/1448/2 2111/1451/2 2112/1450/2
f 2106/48/3 2109/47/3 2112/46/3 2107/45/3
f 2108/45/4 2111/46/4 2110/47/4 2105/48/4
f 2107/208/5 2112/207/5 2111/206/5 2108/205/5
f 2105/205/6 2110/206/6 2109/207/6 2106/208/6
f 2113/1452/1 2114/1453/1 2115/1454/1 2116/1455/1
f 2117/1453/2 2118/1452/2 2119/1455/2 2120/1454/2
f 2114/48/3 2117/47/3 2120/46/3 2115/45/3
f 2116/45/4 2119/46/4 2118/47/4 2113/48/4
f 2115/200/5 2120/199/5 2119/198/5 2116/197/5
f 2113/197/6 2118/198/6 2117/199/6 2114/200/6
f 2121/1456/1 2122/1457/1 2123/1458/1 2124/1459/1
f 2125/1457/2 2126/1456/2 2127/1459/2 2128/1458/2
f 2122/48/3 2125/47/3 2128/46/3 2123/45/3
f 2124/45/4 2127/46/4 2126/47/4 2121/48/4
f 2123/192/5 2128/191/5 2127/190/5 2124/189/5
f 2121/189/6 2126/190/6 2125/191/6 2122/192/6
f 2053/1425/1 2129/1460/1 2130/1446/1 2054/1411/1
f 2131/1460/2 2055/1425/2 2056/1411/2 2132/1446/2
f 2129/74/3 2131/73/3 2132/72/3 2130/71/3
f 2054/71/4 2056/72/4 2055/73/4 2053/74/4
f 2130/125/5 2132/126/5 2056/211/5 2054/210/5
f 2053/210/6 2055/211/6 2131/126/6 2129/125/6
f 2133/1461/1 2134/1462/1 2135/1463/1 2136/1464/1
f 2137/1462/2 2138/1461/2 2139/1464/2 2140/1463/2
f 2134/85/3 2137/84/3 2140/83/3 2135/20/3
f 2136/20/4 2139/83/4 2138/84/4 2133/85/4
f 2135/219/5 2140/218/5 2139/217/5 2136/216/5
f 2133/216/6 2138/217/6 2137/218/6 2134/219/6
f 2094/1445/1 2141/1465/1 2142/1466/1 2095/1446/1
f 2143/1465/2 2097/1445/2 2100/1446/2 2144/1466/2
f 2141/9/3 2143/10/3 2144/20/3 2142/19/3
f 2095/19/4 2100/20/4 2097/10/4 2094/9/4
f 2142/97/5 2144/96/5 2100/95/5 2095/94/5
f 2094/94/6 2097/95/6 2143/96/6 2141/97/6
f 2145/1467/1 2146/1468/1 2147/1469/1 2148/1470/1
f 2149/1468/2 2150/1467/2 2151/1470/2 2152/1469/2
f 2146/9/3 2149/10/3 2152/20/3 2147/19/3
f 2148/19/4 2151/20/4 2150/10/4 2145/9/4
f 2147/25/5 2152/26/5 2151/89/5 2148/88/5
f 2145/88/6 2150/89/6 2149/26/6 2146/25/6
f 2101/1445/1 2153/1468/1 2154/1469/1 2102/1446/1
f 2149/1468/2 2097/1445/2 2100/1446/2 2152/1469/2
f 2153/32/3 2149/10/3 2152/20/3 2154/31/3
f 2102/31/4 2100/20/4 2097/10/4 2101/32/4
f 2154/29/5 2152/26/5 2100/95/5 2102/98/5
f 2101/98/6 2097/95/6 2149/26/6 2153/29/6
f 2094/1445/1 2146/1468/1 2147/1469/1 2095/1446/1
f 2155/1468/2 2103/1445/2 2104/1446/2 2156/1469/2
f 2146/9/3 2155/36/3 2156/35/3 2147/19/3
f 2095/19/4 2104/35/4 2103/36/4 2094/9/4
f 2147/25/5 2156/33/5 2104/99/5 2095/94/5
f 2094/94/6 2103/99/6 2155/33/6 2146/25/6
f 2157/1471/1 2158/1472/1 2159/1473/1 2160/1474/1
f 2161/1472/2 2162/1471/2 2163/1474/2 2164/1473/2
f 2158/48/3 2161/47/3 2164/46/3 2159/45/3
f 2160/45/4 2163/46/4 2162/47/4 2157/48/4
f 2159/123/5 2164/122/5 2163/121/5 2160/120/5
f 2157/120/6 2162/121/6 2161/122/6 2158/123/6
f 2165/1475/1 2166/1476/1 2167/1477/1 2168/1478/1
f 2169/1476/2 2170/1475/2 2171/1478/2 2172/1477/2
f 2166/48/3 2169/47/3 2172/46/3 2167/45/3
f 2168/45/4 2171/46/4 2170/47/4 2165/48/4
f 2167/115/5 2172/114/5 2171/113/5 2168/112/5
f 2165/112/6 2170/113/6 2169/114/6 2166/115/6
f 2173/1479/1 2174/1480/1 2175/1481/1 2176/1482/1
f 2177/1480/2 2178/1479/2 2179/1482/2 2180/1481/2
f 2174/48/3 2177/47/3 2180/46/3 2175/45/3
f 2176/45/4 2179/46/4 2178/47/4 2173/48/4
f 2175/107/5 2180/106/5 2179/105/5 2176/104/5
f 2173/104/6 2178/105/6 2177/106/6 2174/107/6
f 2129/1460/1 2181/1483/1 2182/1469/1 2130/1446/1
f 2183/1483/2 2131/1460/2 2132/1446/2 2184/1469/2
f 2181/74/3 2183/73/3 2184/72/3 2182/71/3
f 2130/71/4 2132/72/4 2131/73/4 2129/74/4
f 2182/67/5 2184/68/5 2132/126/5 2130/125/5
f 2129/125/6 2131/126/6 2183/68/6 2181/67/6
f 2185/1484/1 2186/1485/1 2187/1486/1 2188/1487/1
f 2189/1485/2 2190/1484/2 2191/1487/2 2192/1486/2
f 2186/85/3 2189/84/3 2192/83/3 2187/20/3
f 2188/20/4 2191/83/4 2190/84/4 2185/85/4
f 2187/134/5 2192/133/5 2191/132/5 2188/131/5
f 2185/131/6 2190/132/6 2189/133/6 2186/134/6
f 2193/1488/1 2194/1489/1 2195/1490/1 2196/1491/1
f 2197/1489/2 2198/1488/2 2199/1491/2 2200/1490/2
f 2194/280/3 2197/279/3 2200/278/3 2195/277/3
f 2196/277/4 2199/278/4 2198/279/4 2193/280/4
f 2195/1161/5 2200/1160/5 2199/1159/5 2196/1158/5
f 2193/1158/6 2198/1159/6 2197/1160/6 2194/1161/6
f 2201/1492/1 2202/1493/1 2203/1494/1 2204/1495/1
f 2205/1493/2 2206/1492/2 2207/1495/2 2208/1494/2
f 2202/292/3 2205/291/3 2208/290/3 2203/289/3
f 2204/289/4 2207/290/4 2206/291/4 2201/292/4
f 2203/1169/5 2208/1168/5 2207/1167/5 2204/1166/5
f 2201/1166/6 2206/1167/6 2205/1168/6 2202/1169/6
f 2209/1492/1 2210/1493/1 2211/1494/1 2212/1495/1
f 2213/1493/2 2214/1492/2 2215/1495/2 2216/1494/2
f 2210/300/3 2213/299/3 2216/298/3 2211/297/3
f 2212/297/4 2215/298/4 2214/299/4 2209/300/4
f 2211/1173/5 2216/1172/5 2215/1171/5 2212/1170/5
f 2209/1170/6 2214/1171/6 2213/1172/6 2210/1173/6
f 2217/1492/1 2218/1493/1 2219/1494/1 2220/1495/1
f 2221/1493/2 2222/1492/2 2223/1495/2 2224/1494/2
f 2218/308/3 2221/307/3 2224/306/3 2219/305/3
f 2220/305/4 2223/306/4 2222/307/4 2217/308/4
f 2219/1177/5 2224/1176/5 2223/1175/5 2220/1174/5
f 2217/1174/6 2222/1175/6 2221/1176/6 2218/1177/6
f 2225/1492/1 2226/1493/1 2227/1494/1 2228/1495/1
f 2229/1493/2 2230/1492/2 2231/1495/2 2232/1494/2
f 2226/316/3 2229/315/3 2232/314/3 2227/313/3
f 2228/313/4 2231/314/4 2230/315/4 2225/316/4
f 2227/1181/5 2232/1180/5 2231/1179/5 2228/1178/5
f 2225/1178/6 2230/1179/6 2229/1180/6 2226/1181/6
f 2233/1492/1 2234/1493/1 2235/1494/1 2236/1495/1
f 2237/1493/2 2238/1492/2 2239/1495/2 2240/1494/2
f 2234/324/3 2237/323/3 2240/322/3 2235/321/3
f 2236/321/4 2239/322/4 2238/323/4 2233/324/4
f 2235/1185/5 2240/1184/5 2239/1183/5 2236/1182/5
f 2233/1182/6 2238/1183/6 2237/1184/6 2234/1185/6
f 2241/1492/1 2242/1493/1 2243/1494/1 2244/1495/1
f 2245/1493/2 2246/1492/2 2247/1495/2 2248/1494/2
f 2242/332/3 2245/331/3 2248/330/3 2243/329/3
f 2244/329/4 2247/330/4 2246/331/4 2241/332/4
f 2243/1189/5 2248/1188/5 2247/1187/5 2244/1186/5
f 2241/1186/6 2246/1187/6 2245/1188/6 2242/1189/6
f 2146/1468/1 2249/1496/1 2250/1497/1 2147/1469/1
f 2251/1496/2 2149/1468/2 2152/1469/2 2252/1497/2
f 2249/9/3 2251/10/3 2252/20/3 2250/19/3
f 2147/19/4 2152/20/4 2149/10/4 2146/9/4
f 2250/28/5 2252/27/5 2152/26/5 2147/25/5
f 2146/25/6 2149/26/6 2251/27/6 2249/28/6
f 2253/1498/1 2254/1499/1 2255/1500/1 2256/1501/1
f 2257/1499/2 2258/1498/2 2259/1501/2 2260/1500/2
f 2254/9/3 2257/10/3 2260/20/3 2255/19/3
f 2256/19/4 2259/20/4 2258/10/4 2253/9/4
f 2255/18/5 2260/17/5 2259/16/5 2256/15/5
f 2253/15/6 2258/16/6 2257/17/6 2254/18/6
f 2153/1468/1 2261/1499/1 2262/1500/1 2154/1469/1
f 2257/1499/2 2149/1468/2 2152/1469/2 2260/1500/2
f 2261/32/3 2257/10/3 2260/20/3 2262/31/3
f 2154/31/4 2152/20/4 2149/10/4 2153/32/4
f 2262/30/5 2260/17/5 2152/26/5 2154/29/5
f 2153/29/6 2149/26/6 2257/17/6 2261/30/6
f 2146/1468/1 2254/1499/1 2255/1500/1 2147/1469/1
f 2263/1499/2 2155/1468/2 2156/1469/2 2264/1500/2
f 2254/9/3 2263/36/3 2264/35/3 2255/19/3
f 2147/19/4 2156/35/4 2155/36/4 2146/9/4
f 2255/18/5 2264/34/5 2156/33/5 2147/25/5
f 2146/25/6 2155/33/6 2263/34/6 2254/18/6
f 2265/1502/1 2266/1503/1 2267/1504/1 2268/1505/1
f 2269/1503/2 2270/1502/2 2271/1505/2 2272/1504/2
f 2266/48/3 2269/47/3 2272/46/3 2267/45/3
f 2268/45/4 2271/46/4 2270/47/4 2265/48/4
f 2267/64/5 2272/63/5 2271/62/5 2268/61/5
f 2265/61/6 2270/62/6 2269/63/6 2266/64/6
f 2273/1506/1 2274/1507/1 2275/1508/1 2276/1509/1
f 2277/1507/2 2278/1506/2 2279/1509/2 2280/1508/2
f 2274/48/3 2277/47/3 2280/46/3 2275/45/3
f 2276/45/4 2279/46/4 2278/47/4 2273/48/4
f 2275/56/5 2280/55/5 2279/54/5 2276/53/5
f 2273/53/6 2278/54/6 2277/55/6 2274/56/6
f 2281/1510/1 2282/1511/1 2283/1512/1 2284/1513/1
f 2285/1511/2 2286/1510/2 2287/1513/2 2288/1512/2
f 2282/48/3 2285/47/3 2288/46/3 2283/45/3
f 2284/45/4 2287/46/4 2286/47/4 2281/48/4
f 2283/44/5 2288/43/5 2287/42/5 2284/41/5
f 2281/41/6 2286/42/6 2285/43/6 2282/44/6
f 2181/1483/1 2289/1514/1 2290/1500/1 2182/1469/1
f 2291/1514/2 2183/1483/2 2184/1469/2 2292/1500/2
f 2289/74/3 2291/73/3 2292/72/3 2290/71/3
f 2182/71/4 2184/72/4 2183/73/4 2181/74/4
f 2290/70/5 2292/69/5 2184/68/5 2182/67/5
f 2181/67/6 2183/68/6 2291/69/6 2289/70/6
f 2293/1515/1 2294/1516/1 2295/1517/1 2296/1518/1
f 2297/1516/2 2298/1515/2 2299/1518/2 2300/1517/2
f 2294/85/3 2297/84/3 2300/83/3 2295/20/3
f 2296/20/4 2299/83/4 2298/84/4 2293/85/4
f 2295/82/5 2300/81/5 2299/80/5 2296/79/5
f 2293/79/6 2298/80/6 2297/81/6 2294/82/6
g wall_west
f 2301/1519/1 2302/1520/1 772/762/1 3/3/1
f 2303/1520/2 2304/1519/2 8/3/2 775/762/2
f 2302/764/3 2303/763/3 775/7/3 772/8/3
f 3/8/4 8/7/4 2304/763/4 2301/764/4
f 772/764/5 775/763/5 8/10/5 3/9/5
f 2301/9/6 2304/10/6 2303/763/6 2302/764/6
f 2305/1521/1 2306/1522/1 2307/1523/1 2308/1524/1
f 2309/1522/2 2310/1521/2 2311/1524/2 2312/1523/2
f 2306/770/3 2309/769/3 2312/763/3 2307/764/3
f 2308/764/4 2311/763/4 2310/769/4 2305/770/4
f 2307/18/5 2312/17/5 2311/16/5 2308/15/5
f 2305/15/6 2310/16/6 2309/17/6 2306/18/6
f 2313/1525/1 2314/1526/1 2315/1527/1 2316/1528/1
f 2317/1526/2 2318/1525/2 2319/1528/2 2320/1527/2
f 2314/770/3 2317/769/3 2320/763/3 2315/764/3
f 2316/764/4 2319/763/4 2318/769/4 2313/770/4
f 2315/28/5 2320/27/5 2319/26/5 2316/25/5
f 2313/25/6 2318/26/6 2317/27/6 2314/28/6
f 2321/1525/1 2322/1522/1 2323/1523/1 2324/1528/1
f 2309/1522/2 2318/1525/2 2319/1528/2 2312/1523/2
f 2322/776/3 2309/769/3 2312/763/3 2323/775/3
f 2324/775/4 2319/763/4 2318/769/4 2321/776/4
f 2323/30/5 2312/17/5 2319/26/5 2324/29/5
f 2321/29/6 2318/26/6 2309/17/6 2322/30/6
f 2313/1525/1 2306/1522/1 2307/1523/1 2316/1528/1
f 2325/1522/2 2326/1525/2 2327/1528/2 2328/1523/2
f 2306/770/3 2325/778/3 2328/777/3 2307/764/3
f 2316/764/4 2327/777/4 2326/778/4 2313/770/4
f 2307/18/5 2328/34/5 2327/33/5 2316/25/5
f 2313/25/6 2326/33/6 2325/34/6 2306/18/6
f 2329/1529/1 2330/1530/1 2331/1531/1 2332/1532/1
f 2333/1530/2 2334/1529/2 2335/1532/2 2336/1531/2
f 2330/786/3 2333/785/3 2336/784/3 2331/783/3
f 2332/783/4 2335/784/4 2334/785/4 2329/786/4
f 2331/44/5 2336/43/5 2335/42/5 2332/41/5
f 2329/41/6 2334/42/6 2333/43/6 2330/44/6
f 2337/1533/1 2338/1534/1 2339/1535/1 2340/1536/1
f 2341/1534/2 2342/1533/2 2343/1536/2 2344/1535/2
f 2338/786/3 2341/785/3 2344/784/3 2339/783/3
f 2340/783/4 2343/784/4 2342/785/4 2337/786/4
f 2339/56/5 2344/55/5 2343/54/5 2340/53/5
f 2337/53/6 2342/54/6 2341/55/6 2338/56/6
f 2345/1537/1 2346/1538/1 2347/1539/1 2348/1540/1
f 2349/1538/2 2350/1537/2 2351/1540/2 2352/1539/2
f 2346/786/3 2349/785/3 2352/784/3 2347/783/3
f 2348/783/4 2351/784/4 2350/785/4 2345/786/4
f 2347/64/5 2352/63/5 2351/62/5 2348/61/5
f 2345/61/6 2350/62/6 2349/63/6 2346/64/6
f 2353/1525/1 2354/1522/1 2355/1541/1 2356/1542/1
f 2357/1522/2 2358/1525/2 2359/1542/2 2360/1541/2
f 2354/800/3 2357/799/3 2360/798/3 2355/797/3
f 2356/797/4 2359/798/4 2358/799/4 2353/800/4
f 2355/70/5 2360/69/5 2359/68/5 2356/67/5
f 2353/67/6 2358/68/6 2357/69/6 2354/70/6
f 2361/1543/1 2362/1544/1 2363/1545/1 2364/1546/1
f 2365/1544/2 2366/1543/2 2367/1546/2 2368/1545/2
f 2362/769/3 2365/807/3 2368/806/3 2363/805/3
f 2364/805/4 2367/806/4 2366/807/4 2361/769/4
f 2363/82/5 2368/81/5 2367/80/5 2364/79/5
f 2361/79/6 2366/80/6 2365/81/6 2362/82/6
f 2369/1547/1 2313/1525/1 2316/1528/1 2370/1548/1
f 2318/1525/2 2371/1547/2 2372/1548/2 2319/1528/2
f 2313/770/3 2318/769/3 2319/763/3 2316/764/3
f 2370/764/4 2372/763/4 2371/769/4 2369/770/4
f 2316/25/5 2319/26/5 2372/89/5 2370/88/5
f 2369/88/6 2371/89/6 2318/26/6 2313/25/6
f 2373/1549/1 2374/1550/1 2375/1551/1 2376/1552/1
f 2377/1550/2 2378/1549/2 2379/1552/2 2380/1551/2
f 2374/770/3 2377/769/3 2380/763/3 2375/764/3
f 2376/764/4 2379/763/4 2378/769/4 2373/770/4
f 2375/97/5 2380/96/5 2379/95/5 2376/94/5
f 2373/94/6 2378/95/6 2377/96/6 2374/97/6
f 2381/1549/1 2321/1525/1 2324/1528/1 2382/1552/1
f 2318/1525/2 2378/1549/2 2379/1552/2 2319/1528/2
f 2321/776/3 2318/769/3 2319/763/3 2324/775/3
f 2382/775/4 2379/763/4 2378/769/4 2381/776/4
f 2324/29/5 2319/26/5 2379/95/5 2382/98/5
f 2381/98/6 2378/95/6 2318/26/6 2321/29/6
f 2373/1549/1 2313/1525/1 2316/1528/1 2376/1552/1
f 2326/1525/2 2383/1549/2 2384/1552/2 2327/1528/2
f 2313/770/3 2326/778/3 2327/777/3 2316/764/3
f 2376/764/4 2384/777/4 2383/778/4 2373/770/4
f 2316/25/5 2327/33/5 2384/99/5 2376/94/5
f 2373/94/6 2383/99/6 2326/33/6 2313/25/6
f 2385/1553/1 2386/1554/1 2387/1555/1 2388/1556/1
f 2389/1554/2 2390/1553/2 2391/1556/2 2392/1555/2
f 2386/786/3 2389/785/3 2392/784/3 2387/783/3
f 2388/783/4 2391/784/4 2390/785/4 2385/786/4
f 2387/107/5 2392/106/5 2391/105/5 2388/104/5
f 2385/104/6 2390/105/6 2389/106/6 2386/107/6
f 2393/1557/1 2394/1558/1 2395/1559/1 2396/1560/1
f 2397/1558/2 2398/1557/2 2399/1560/2 2400/1559/2
f 2394/786/3 2397/785/3 2400/784/3 2395/783/3
f 2396/783/4 2399/784/4 2398/785/4 2393/786/4
f 2395/115/5 2400/114/5 2399/113/5 2396/112/5
f 2393/112/6 2398/113/6 2397/114/6 2394/115/6
f 2401/1561/1 2402/1562/1 2403/1563/1 2404/1564/1
f 2405/1562/2 2406/1561/2 2407/1564/2 2408/1563/2
f 2402/786/3 2405/785/3 2408/784/3 2403/783/3
f 2404/783/4 2407/784/4 2406/785/4 2401/786/4
f 2403/123/5 2408/122/5 2407/121/5 2404/120/5
f 2401/120/6 2406/121/6 2405/122/6 2402/123/6
f 2409/1549/1 2353/1525/1 2356/1542/1 2410/1565/1
f 2358/1525/2 2411/1549/2 2412/1565/2 2359/1542/2
f 2353/800/3 2358/799/3 2359/798/3 2356/797/3
f 2410/797/4 2412/798/4 2411/799/4 2409/800/4
f 2356/67/5 2359/68/5 2412/126/5 2410/125/5
f 2409/125/6 2411/126/6 2358/68/6 2353/67/6
f 2413/1566/1 2414/1567/1 2415/1568/1 2416/1569/1
f 2417/1567/2 2418/1566/2 2419/1569/2 2420/1568/2
f 2414/769/3 2417/807/3 2420/806/3 2415/805/3
f 2416/805/4 2419/806/4 2418/807/4 2413/769/4
f 2415/134/5 2420/133/5 2419/132/5 2416/131/5
f 2413/131/6 2418/132/6 2417/133/6 2414/134/6
f 2421/1570/1 2422/1571/1 2423/1572/1 2424/1573/1
f 2425/1571/2 2426/1570/2 2427/1573/2 2428/1572/2
f 2422/842/3 2425/841/3 2428/840/3 2423/839/3
f 2424/839/4 2427/840/4 2426/841/4 2421/842/4
f 2423/142/5 2428/141/5 2427/140/5 2424/139/5
f 2421/139/6 2426/140/6 2425/141/6 2422/142/6
f 2429/1574/1 2430/1575/1 2431/1576/1 2432/1577/1
f 2433/1575/2 2434/1574/2 2435/1577/2 2436/1576/2
f 2430/854/3 2433/853/3 2436/852/3 2431/851/3
f 2432/851/4 2435/852/4 2434/853/4 2429/854/4
f 2431/154/5 2436/153/5 2435/152/5 2432/151/5
f 2429/151/6 2434/152/6 2433/153/6 2430/154/6
f 2437/1578/1 2438/1579/1 2439/1580/1 2440/1581/1
f 2441/1579/2 2442/1578/2 2443/1581/2 2444/1580/2
f 2438/866/3 2441/865/3 2444/864/3 2439/863/3
f 2440/863/4 2443/864/4 2442/865/4 2437/866/4
f 2439/166/5 2444/165/5 2443/164/5 2440/163/5
f 2437/163/6 2442/164/6 2441/165/6 2438/166/6
f 2445/1582/1 2373/1549/1 2376/1552/1 2446/1583/1
f 2378/1549/2 2447/1582/2 2448/1583/2 2379/1552/2
f 2373/770/3 2378/769/3 2379/763/3 2376/764/3
f 2446/764/4 2448/763/4 2447/769/4 2445/770/4
f 2376/94/5 2379/95/5 2448/174/5 2446/173/5
f 2445/173/6 2447/174/6 2378/95/6 2373/94/6
f 2449/1584/1 2450/1585/1 2451/1586/1 2452/1587/1
f 2453/1585/2 2454/1584/2 2455/1587/2 2456/1586/2
f 2450/770/3 2453/769/3 2456/763/3 2451/764/3
f 2452/764/4 2455/763/4 2454/769/4 2449/770/4
f 2451/182/5 2456/181/5 2455/180/5 2452/179/5
f 2449/179/6 2454/180/6 2453/181/6 2450/182/6
f 2457/1584/1 2381/1549/1 2382/1552/1 2458/1587/1
f 2378/1549/2 2454/1584/2 2455/1587/2 2379/1552/2
f 2381/776/3 2378/769/3 2379/763/3 2382/775/3
f 2458/775/4 2455/763/4 2454/769/4 2457/776/4
f 2382/98/5 2379/95/5 2455/180/5 2458/183/5
f 2457/183/6 2454/180/6 2378/95/6 2381/98/6
f 2449/1584/1 2373/1549/1 2376/1552/1 2452/1587/1
f 2383/1549/2 2459/1584/2 2460/1587/2 2384/1552/2
f 2373/770/3 2383/778/3 2384/777/3 2376/764/3
f 2452/764/4 2460/777/4 2459/778/4 2449/770/4
f 2376/94/5 2384/99/5 2460/184/5 2452/179/5
f 2449/179/6 2459/184/6 2383/99/6 2373/94/6
f 2461/1588/1 2462/1589/1 2463/1590/1 2464/1591/1
f 2465/1589/2 2466/1588/2 2467/1591/2 2468/1590/2
f 2462/786/3 2465/785/3 2468/784/3 2463/783/3
f 2464/783/4 2467/784/4 2466/785/4 2461/786/4
f 2463/192/5 2468/191/5 2467/190/5 2464/189/5
f 2461/189/6 2466/190/6 2465/191/6 2462/192/6
f 2469/1592/1 2470/1593/1 2471/1594/1 2472/1595/1
f 2473/1593/2 2474/1592/2 2475/1595/2 2476/1594/2
f 2470/786/3 2473/785/3 2476/784/3 2471/783/3
f 2472/783/4 2475/784/4 2474/785/4 2469/786/4
f 2471/200/5 2476/199/5 2475/198/5 2472/197/5
f 2469/197/6 2474/198/6 2473/199/6 2470/200/6
f 2477/1596/1 2478/1597/1 2479/1598/1 2480/1599/1
f 2481/1597/2 2482/1596/2 2483/1599/2 2484/1598/2
f 2478/786/3 2481/785/3 2484/784/3 2479/783/3
f 2480/783/4 2483/784/4 2482/785/4 2477/786/4
f 2479/208/5 2484/207/5 2483/206/5 2480/205/5
f 2477/205/6 2482/206/6 2481/207/6 2478/208/6
f 2485/1584/1 2409/1549/1 2410/1565/1 2486/1600/1
f 2411/1549/2 2487/1584/2 2488/1600/2 2412/1565/2
f 2409/800/3 2411/799/3 2412/798/3 2410/797/3
f 2486/797/4 2488/798/4 2487/799/4 2485/800/4
f 2410/125/5 2412/126/5 2488/211/5 2486/210/5
f 2485/210/6 2487/211/6 2411/126/6 2409/125/6
f 2489/1601/1 2490/1602/1 2491/1603/1 2492/1604/1
f 2493/1602/2 2494/1601/2 2495/1604/2 2496/1603/2
f 2490/769/3 2493/807/3 2496/806/3 2491/805/3
f 2492/805/4 2495/806/4 2494/807/4 2489/769/4
f 2491/219/5 2496/218/5 2495/217/5 2492/216/5
f 2489/216/6 2494/217/6 2493/218/6 2490/219/6
f 2497/1605/1 2449/1584/1 2452/1587/1 2498/1606/1
f 2454/1584/2 2499/1605/2 2500/1606/2 2455/1587/2
f 2449/770/3 2454/769/3 2455/763/3 2452/764/3
f 2498/764/4 2500/763/4 2499/769/4 2497/770/4
f 2452/179/5 2455/180/5 2500/223/5 2498/222/5
f 2497/222/6 2499/223/6 2454/180/6 2449/179/6
f 2501/1607/1 2502/1608/1 2503/1609/1 2504/1610/1
f 2505/1608/2 2506/1607/2 2507/1610/2 2508/1609/2
f 2502/770/3 2505/769/3 2508/763/3 2503/764/3
f 2504/764/4 2507/763/4 2506/769/4 2501/770/4
f 2503/231/5 2508/230/5 2507/229/5 2504/228/5
f 2501/228/6 2506/229/6 2505/230/6 2502/231/6
f 2509/1607/1 2457/1584/1 2458/1587/1 2510/1610/1
f 2454/1584/2 2506/1607/2 2507/1610/2 2455/1587/2
f 2457/776/3 2454/769/3 2455/763/3 2458/775/3
f 2510/775/4 2507/763/4 2506/769/4 2509/776/4
f 2458/183/5 2455/180/5 2507/229/5 2510/232/5
f 2509/232/6 2506/229/6 2454/180/6 2457/183/6
f 2501/1607/1 2449/1584/1 2452/1587/1 2504/1610/1
f 2459/1584/2 2511/1607/2 2512/1610/2 2460/1587/2
f 2449/770/3 2459/778/3 2460/777/3 2452/764/3
f 2504/764/4 2512/777/4 2511/778/4 2501/770/4
f 2452/179/5 2460/184/5 2512/233/5 2504/228/5
f 2501/228/6 2511/233/6 2459/184/6 2449/179/6
f 2513/1611/1 2514/1612/1 2515/1613/1 2516/1614/1
f 2517/1612/2 2518/1611/2 2519/1614/2 2520/1613/2
f 2514/786/3 2517/785/3 2520/784/3 2515/783/3
f 2516/783/4 2519/784/4 2518/785/4 2513/786/4
f 2515/241/5 2520/240/5 2519/239/5 2516/238/5
f 2513/238/6 2518/239/6 2517/240/6 2514/241/6
f 2521/1615/1 2522/1616/1 2523/1617/1 2524/1618/1
f 2525/1616/2 2526/1615/2 2527/1618/2 2528/1617/2
f 2522/786/3 2525/785/3 2528/784/3 2523/783/3
f 2524/783/4 2527/784/4 2526/785/4 2521/786/4
f 2523/249/5 2528/248/5 2527/247/5 2524/246/5
f 2521/246/6 2526/247/6 2525/248/6 2522/249/6
f 2529/1619/1 2530/1620/1 2531/1621/1 2532/1622/1
f 2533/1620/2 2534/1619/2 2535/1622/2 2536/1621/2
f 2530/786/3 2533/785/3 2536/784/3 2531/783/3
f 2532/783/4 2535/784/4 2534/785/4 2529/786/4
f 2531/257/5 2536/256/5 2535/255/5 2532/254/5
f 2529/254/6 2534/255/6 2533/256/6 2530/257/6
f 2537/1607/1 2485/1584/1 2486/1600/1 2538/1623/1
f 2487/1584/2 2539/1607/2 2540/1623/2 2488/1600/2
f 2485/800/3 2487/799/3 2488/798/3 2486/797/3
f 2538/797/4 2540/798/4 2539/799/4 2537/800/4
f 2486/210/5 2488/211/5 2540/260/5 2538/259/5
f 2537/259/6 2539/260/6 2487/211/6 2485/210/6
f 2541/1624/1 2542/1625/1 2543/1626/1 2544/1627/1
f 2545/1625/2 2546/1624/2 2547/1627/2 2548/1626/2
f 2542/769/3 2545/807/3 2548/806/3 2543/805/3
f 2544/805/4 2547/806/4 2546/807/4 2541/769/4
f 2543/268/5 2548/267/5 2547/266/5 2544/265/5
f 2541/265/6 2546/266/6 2545/267/6 2542/268/6
f 2549/1628/1 2550/1629/1 2551/1630/1 2552/1631/1
f 2553/1629/2 2554/1628/2 2555/1631/2 2556/1630/2
f 2550/924/3 2553/923/3 2556/922/3 2551/921/3
f 2552/921/4 2555/922/4 2554/923/4 2549/924/4
f 2551/276/5 2556/275/5 2555/274/5 2552/273/5
f 2549/273/6 2554/274/6 2553/275/6 2550/276/6
f 2557/1632/1 2558/1633/1 2559/1634/1 2560/1635/1
f 2561/1633/2 2562/1632/2 2563/1635/2 2564/1634/2
f 2558/936/3 2561/935/3 2564/934/3 2559/933/3
f 2560/933/4 2563/934/4 2562/935/4 2557/936/4
f 2559/288/5 2564/287/5 2563/286/5 2560/285/5
f 2557/285/6 2562/286/6 2561/287/6 2558/288/6
f 2565/1632/1 2566/1633/1 2567/1634/1 2568/1635/1
f 2569/1633/2 2570/1632/2 2571/1635/2 2572/1634/2
f 2566/944/3 2569/943/3 2572/942/3 2567/941/3
f 2568/941/4 2571/942/4 2570/943/4 2565/944/4
f 2567/296/5 2572/295/5 2571/294/5 2568/293/5
f 2565/293/6 2570/294/6 2569/295/6 2566/296/6
f 2573/1632/1 2574/1633/1 2575/1634/1 2576/1635/1
f 2577/1633/2 2578/1632/2 2579/1635/2 2580/1634/2
f 2574/952/3 2577/951/3 2580/950/3 2575/949/3
f 2576/949/4 2579/950/4 2578/951/4 2573/952/4
f 2575/304/5 2580/303/5 2579/302/5 2576/301/5
f 2573/301/6 2578/302/6 2577/303/6 2574/304/6
f 2581/1632/1 2582/1633/1 2583/1634/1 2584/1635/1
f 2585/1633/2 2586/1632/2 2587/1635/2 2588/1634/2
f 2582/960/3 2585/959/3 2588/958/3 2583/957/3
f 2584/957/4 2587/958/4 2586/959/4 2581/960/4
f 2583/312/5 2588/311/5 2587/310/5 2584/309/5
f 2581/309/6 2586/310/6 2585/311/6 2582/312/6
f 2589/1632/1 2590/1633/1 2591/1634/1 2592/1635/1
f 2593/1633/2 2594/1632/2 2595/1635/2 2596/1634/2
f 2590/968/3 2593/967/3 2596/966/3 2591/965/3
f 2592/965/4 2595/966/4 2594/967/4 2589/968/4
f 2591/320/5 2596/319/5 2595/318/5 2592/317/5
f 2589/317/6 2594/318/6 2593/319/6 2590/320/6
f 2597/1632/1 2598/1633/1 2599/1634/1 2600/1635/1
f 2601/1633/2 2602/1632/2 2603/1635/2 2604/1634/2
f 2598/976/3 2601/975/3 2604/974/3 2599/973/3
f 2600/973/4 2603/974/4 2602/975/4 2597/976/4
f 2599/328/5 2604/327/5 2603/326/5 2600/325/5
f 2597/325/6 2602/326/6 2601/327/6 2598/328/6
f 2605/1636/1 2501/1607/1 2504/1610/1 2606/1637/1
f 2506/1607/2 2607/1636/2 2608/1637/2 2507/1610/2
f 2501/770/3 2506/769/3 2507/763/3 2504/764/3
f 2606/764/4 2608/763/4 2607/769/4 2605/770/4
f 2504/228/5 2507/229/5 2608/336/5 2606/335/5
f 2605/335/6 2607/336/6 2506/229/6 2501/228/6
f 2609/1638/1 2610/1639/1 2611/1640/1 2612/1641/1
f 2613/1639/2 2614/1638/2 2615/1641/2 2616/1640/2
f 2610/770/3 2613/769/3 2616/763/3 2611/764/3
f 2612/764/4 2615/763/4 2614/769/4 2609/770/4
f 2611/344/5 2616/343/5 2615/342/5 2612/341/5
f 2609/341/6 2614/342/6 2613/343/6 2610/344/6
f 2617/1638/1 2509/1607/1 2510/1610/1 2618/1641/1
f 2506/1607/2 2614/1638/2 2615/1641/2 2507/1610/2
f 2509/776/3 2506/769/3 2507/763/3 2510/775/3
f 2618/775/4 2615/763/4 2614/769/4 2617/776/4
f 2510/232/5 2507/229/5 2615/342/5 2618/345/5
f 2617/345/6 2614/342/6 2506/229/6 2509/232/6
f 2609/1638/1 2501/1607/1 2504/1610/1 2612/1641/1
f 2511/1607/2 2619/1638/2 2620/1641/2 2512/1610/2
f 2501/770/3 2511/778/3 2512/777/3 2504/764/3
f 2612/764/4 2620/777/4 2619/778/4 2609/770/4
f 2504/228/5 2512/233/5 2620/346/5 2612/341/5
f 2609/341/6 2619/346/6 2511/233/6 2501/228/6
f 2621/1642/1 2622/1643/1 2623/1644/1 2624/1645/1
f 2625/1643/2 2626/1642/2 2627/1645/2 2628/1644/2
f 2622/786/3 2625/785/3 2628/784/3 2623/783/3
f 2624/783/4 2627/784/4 2626/785/4 2621/786/4
f 2623/354/5 2628/353/5 2627/352/5 2624/351/5
f 2621/351/6 2626/352/6 2625/353/6 2622/354/6
f 2629/1646/1 2630/1647/1 2631/1648/1 2632/1649/1
f 2633/1647/2 2634/1646/2 2635/1649/2 2636/1648/2
f 2630/786/3 2633/785/3 2636/784/3 2631/783/3
f 2632/783/4 2635/784/4 2634/785/4 2629/786/4
f 2631/362/5 2636/361/5 2635/360/5 2632/359/5
f 2629/359/6 2634/360/6 2633/361/6 2630/362/6
f 2637/1650/1 2638/1651/1 2639/1652/1 2640/1653/1
f 2641/1651/2 2642/1650/2 2643/1653/2 2644/1652/2
f 2638/786/3 2641/785/3 2644/784/3 2639/783/3
f 2640/783/4 2643/784/4 2642/785/4 2637/786/4
f 2639/370/5 2644/369/5 2643/368/5 2640/367/5
f 2637/367/6 2642/368/6 2641/369/6 2638/370/6
f 2645/1638/1 2537/1607/1 2538/1623/1 2646/1654/1
f 2539/1607/2 2647/1638/2 2648/1654/2 2540/1623/2
f 2537/800/3 2539/799/3 2540/798/3 2538/797/3
f 2646/797/4 2648/798/4 2647/799/4 2645/800/4
f 2538/259/5 2540/260/5 2648/373/5 2646/372/5
f 2645/372/6 2647/373/6 2539/260/6 2537/259/6
f 2649/1655/1 2650/1656/1 2651/1657/1 2652/1658/1
f 2653/1656/2 2654/1655/2 2655/1658/2 2656/1657/2
f 2650/769/3 2653/807/3 2656/806/3 2651/805/3
f 2652/805/4 2655/806/4 2654/807/4 2649/769/4
f 2651/381/5 2656/380/5 2655/379/5 2652/378/5
f 2649/378/6 2654/379/6 2653/380/6 2650/381/6
f 2657/1659/1 2609/1638/1 2612/1641/1 2658/1660/1
f 2614/1638/2 2659/1659/2 2660/1660/2 2615/1641/2
f 2609/770/3 2614/769/3 2615/763/3 2612/764/3
f 2658/764/4 2660/763/4 2659/769/4 2657/770/4
f 2612/341/5 2615/342/5 2660/385/5 2658/384/5
f 2657/384/6 2659/385/6 2614/342/6 2609/341/6
f 2661/1661/1 2662/1662/1 2663/1663/1 2664/1664/1
f 2665/1662/2 2666/1661/2 2667/1664/2 2668/1663/2
f 2662/770/3 2665/769/3 2668/763/3 2663/764/3
f 2664/764/4 2667/763/4 2666/769/4 2661/770/4
f 2663/393/5 2668/392/5 2667/391/5 2664/390/5
f 2661/390/6 2666/391/6 2665/392/6 2662/393/6
f 2669/1661/1 2617/1638/1 2618/1641/1 2670/1664/1
f 2614/1638/2 2666/1661/2 2667/1664/2 2615/1641/2
f 2617/776/3 2614/769/3 2615/763/3 2618/775/3
f 2670/775/4 2667/763/4 2666/769/4 2669/776/4
f 2618/345/5 2615/342/5 2667/391/5 2670/394/5
f 2669/394/6 2666/391/6 2614/342/6 2617/345/6
f 2661/1661/1 2609/1638/1 2612/1641/1 2664/1664/1
f 2619/1638/2 2671/1661/2 2672/1664/2 2620/1641/2
f 2609/770/3 2619/778/3 2620/777/3 2612/764/3
f 2664/764/4 2672/777/4 2671/778/4 2661/770/4
f 2612/341/5 2620/346/5 2672/395/5 2664/390/5
f 2661/390/6 2671/395/6 2619/346/6 2609/341/6
f 2673/1665/1 2674/1666/1 2675/1667/1 2676/1668/1
f 2677/1666/2 2678/1665/2 2679/1668/2 2680/1667/2
f 2674/786/3 2677/785/3 2680/784/3 2675/783/3
f 2676/783/4 2679/784/4 2678/785/4 2673/786/4
f 2675/403/5 2680/402/5 2679/401/5 2676/400/5
f 2673/400/6 2678/401/6 2677/402/6 2674/403/6
f 2681/1669/1 2682/1670/1 2683/1671/1 2684/1672/1
f 2685/1670/2 2686/1669/2 2687/1672/2 2688/1671/2
f 2682/786/3 2685/785/3 2688/784/3 2683/783/3
f 2684/783/4 2687/784/4 2686/785/4 2681/786/4
f 2683/411/5 2688/410/5 2687/409/5 2684/408/5
f 2681/408/6 2686/409/6 2685/410/6 2682/411/6
f 2689/1673/1 2690/1674/1 2691/1675/1 2692/1676/1
f 2693/1674/2 2694/1673/2 2695/1676/2 2696/1675/2
f 2690/786/3 2693/785/3 2696/784/3 2691/783/3
f 2692/783/4 2695/784/4 2694/785/4 2689/786/4
f 2691/419/5 2696/418/5 2695/417/5 2692/416/5
f 2689/416/6 2694/417/6 2693/418/6 2690/419/6
f 2697/1661/1 2645/1638/1 2646/1654/1 2698/1677/1
f 2647/1638/2 2699/1661/2 2700/1677/2 2648/1654/2
f 2645/800/3 2647/799/3 2648/798/3 2646/797/3
f 2698/797/4 2700/798/4 2699/799/4 2697/800/4
f 2646/372/5 2648/373/5 2700/422/5 2698/421/5
f 2697/421/6 2699/422/6 2647/373/6 2645/372/6
f 2701/1678/1 2702/1679/1 2703/1680/1 2704/1681/1
f 2705/1679/2 2706/1678/2 2707/1681/2 2708/1680/2
f 2702/769/3 2705/807/3 2708/806/3 2703/805/3
f 2704/805/4 2707/806/4 2706/807/4 2701/769/4
f 2703/430/5 2708/429/5 2707/428/5 2704/427/5
f 2701/427/6 2706/428/6 2705/429/6 2702/430/6
f 2709/1682/1 2710/1683/1 2711/1684/1 2712/1685/1
f 2713/1683/2 2714/1682/2 2715/1685/2 2716/1684/2
f 2710/1030/3 2713/1029/3 2716/1028/3 2711/1027/3
f 2712/1027/4 2715/1028/4 2714/1029/4 2709/1030/4
f 2711/438/5 2716/437/5 2715/436/5 2712/435/5
f 2709/435/6 2714/436/6 2713/437/6 2710/438/6
f 2717/1686/1 2718/1687/1 2719/1688/1 2720/1689/1
f 2721/1687/2 2722/1686/2 2723/1689/2 2724/1688/2
f 2718/1037/3 2721/1036/3 2724/1035/3 2719/922/3
f 2720/922/4 2723/1035/4 2722/1036/4 2717/1037/4
f 2719/450/5 2724/449/5 2723/448/5 2720/447/5
f 2717/447/6 2722/448/6 2721/449/6 2718/450/6
f 2725/1690/1 2661/1661/1 2664/1664/1 2726/1691/1
f 2666/1661/2 2727/1690/2 2728/1691/2 2667/1664/2
f 2661/770/3 2666/769/3 2667/763/3 2664/764/3
f 2726/764/4 2728/763/4 2727/769/4 2725/770/4
f 2664/390/5 2667/391/5 2728/457/5 2726/456/5
f 2725/456/6 2727/457/6 2666/391/6 2661/390/6
f 2729/1692/1 2730/1693/1 2731/1694/1 2732/1695/1
f 2733/1693/2 2734/1692/2 2735/1695/2 2736/1694/2
f 2730/770/3 2733/769/3 2736/763/3 2731/764/3
f 2732/764/4 2735/763/4 2734/769/4 2729/770/4
f 2731/465/5 2736/464/5 2735/463/5 2732/462/5
f 2729/462/6 2734/463/6 2733/464/6 2730/465/6
f 2737/1692/1 2669/1661/1 2670/1664/1 2738/1695/1
f 2666/1661/2 2734/1692/2 2735/1695/2 2667/1664/2
f 2669/776/3 2666/769/3 2667/763/3 2670/775/3
f 2738/775/4 2735/763/4 2734/769/4 2737/776/4
f 2670/394/5 2667/391/5 2735/463/5 2738/466/5
f 2737/466/6 2734/463/6 2666/391/6 2669/394/6
f 2729/1692/1 2661/1661/1 2664/1664/1 2732/1695/1
f 2671/1661/2 2739/1692/2 2740/1695/2 2672/1664/2
f 2661/770/3 2671/778/3 2672/777/3 2664/764/3
f 2732/764/4 2740/777/4 2739/778/4 2729/770/4
f 2664/390/5 2672/395/5 2740/467/5 2732/462/5
f 2729/462/6 2739/467/6 2671/395/6 2661/390/6
f 2741/1696/1 2742/1697/1 2743/1698/1 2744/1699/1
f 2745/1697/2 2746/1696/2 2747/1699/2 2748/1698/2
f 2742/786/3 2745/785/3 2748/784/3 2743/783/3
f 2744/783/4 2747/784/4 2746/785/4 2741/786/4
f 2743/475/5 2748/474/5 2747/473/5 2744/472/5
f 2741/472/6 2746/473/6 2745/474/6 2742/475/6
f 2749/1700/1 2750/1701/1 2751/1702/1 2752/1703/1
f 2753/1701/2 2754/1700/2 2755/1703/2 2756/1702/2
f 2750/786/3 2753/785/3 2756/784/3 2751/783/3
f 2752/783/4 2755/784/4 2754/785/4 2749/786/4
f 2751/483/5 2756/482/5 2755/481/5 2752/480/5
f 2749/480/6 2754/481/6 2753/482/6 2750/483/6
f 2757/1704/1 2758/1705/1 2759/1706/1 2760/1707/1
f 2761/1705/2 2762/1704/2 2763/1707/2 2764/1706/2
f 2758/786/3 2761/785/3 2764/784/3 2759/783/3
f 2760/783/4 2763/784/4 2762/785/4 2757/786/4
f 2759/491/5 2764/490/5 2763/489/5 2760/488/5
f 2757/488/6 2762/489/6 2761/490/6 2758/491/6
f 2765/1692/1 2697/1661/1 2698/1677/1 2766/1708/1
f 2699/1661/2 2767/1692/2 2768/1708/2 2700/1677/2
f 2697/800/3 2699/799/3 2700/798/3 2698/797/3
f 2766/797/4 2768/798/4 2767/799/4 2765/800/4
f 2698/421/5 2700/422/5 2768/494/5 2766/493/5
f 2765/493/6 2767/494/6 2699/422/6 2697/421/6
f 2769/1709/1 2770/1710/1 2771/1711/1 2772/1712/1
f 2773/1710/2 2774/1709/2 2775/1712/2 2776/1711/2
f 2770/769/3 2773/807/3 2776/806/3 2771/805/3
f 2772/805/4 2775/806/4 2774/807/4 2769/769/4
f 2771/502/5 2776/501/5 2775/500/5 2772/499/5
f 2769/499/6 2774/500/6 2773/501/6 2770/502/6
f 2777/1713/1 2729/1692/1 2732/1695/1 2778/1714/1
f 2734/1692/2 2779/1713/2 2780/1714/2 2735/1695/2
f 2729/770/3 2734/769/3 2735/763/3 2732/764/3
f 2778/764/4 2780/763/4 2779/769/4 2777/770/4
f 2732/462/5 2735/463/5 2780/506/5 2778/505/5
f 2777/505/6 2779/506/6 2734/463/6 2729/462/6
f 2781/1715/1 2782/1716/1 2783/1717/1 2784/1718/1
f 2785/1716/2 2786/1715/2 2787/1718/2 2788/1717/2
f 2782/770/3 2785/769/3 2788/763/3 2783/764/3
f 2784/764/4 2787/763/4 2786/769/4 2781/770/4
f 2783/514/5 2788/513/5 2787/512/5 2784/511/5
f 2781/511/6 2786/512/6 2785/513/6 2782/514/6
f 2789/1715/1 2737/1692/1 2738/1695/1 2790/1718/1
f 2734/1692/2 2786/1715/2 2787/1718/2 2735/1695/2
f 2737/776/3 2734/769/3 2735/763/3 2738/775/3
f 2790/775/4 2787/763/4 2786/769/4 2789/776/4
f 2738/466/5 2735/463/5 2787/512/5 2790/515/5
f 2789/515/6 2786/512/6 2734/463/6 2737/466/6
f 2781/1715/1 2729/1692/1 2732/1695/1 2784/1718/1
f 2739/1692/2 2791/1715/2 2792/1718/2 2740/1695/2
f 2729/770/3 2739/778/3 2740/777/3 2732/764/3
f 2784/764/4 2792/777/4 2791/778/4 2781/770/4
f 2732/462/5 2740/467/5 2792/516/5 2784/511/5
f 2781/511/6 2791/516/6 2739/467/6 2729/462/6
f 2793/1719/1 2794/1720/1 2795/1721/1 2796/1722/1
f 2797/1720/2 2798/1719/2 2799/1722/2 2800/1721/2
f 2794/786/3 2797/785/3 2800/784/3 2795/783/3
f 2796/783/4 2799/784/4 2798/785/4 2793/786/4
f 2795/524/5 2800/523/5 2799/522/5 2796/521/5
f 2793/521/6 2798/522/6 2797/523/6 2794/524/6
f 2801/1723/1 2802/1724/1 2803/1725/1 2804/1726/1
f 2805/1724/2 2806/1723/2 2807/1726/2 2808/1725/2
f 2802/786/3 2805/785/3 2808/784/3 2803/783/3
f 2804/783/4 2807/784/4 2806/785/4 2801/786/4
f 2803/532/5 2808/531/5 2807/530/5 2804/529/5
f 2801/529/6 2806/530/6 2805/531/6 2802/532/6
f 2809/1727/1 2810/1728/1 2811/1729/1 2812/1730/1
f 2813/1728/2 2814/1727/2 2815/1730/2 2816/1729/2
f 2810/786/3 2813/785/3 2816/784/3 2811/783/3
f 2812/783/4 2815/784/4 2814/785/4 2809/786/4
f 2811/540/5 2816/539/5 2815/538/5 2812/537/5
f 2809/537/6 2814/538/6 2813/539/6 2810/540/6
f 2817/1715/1 2765/1692/1 2766/1708/1 2818/1731/1
f 2767/1692/2 2819/1715/2 2820/1731/2 2768/1708/2
f 2765/800/3 2767/799/3 2768/798/3 2766/797/3
f 2818/797/4 2820/798/4 2819/799/4 2817/800/4
f 2766/493/5 2768/494/5 2820/543/5 2818/542/5
f 2817/542/6 2819/543/6 2767/494/6 2765/493/6
f 2821/1732/1 2822/1733/1 2823/1734/1 2824/1735/1
f 2825/1733/2 2826/1732/2 2827/1735/2 2828/1734/2
f 2822/769/3 2825/807/3 2828/806/3 2823/805/3
f 2824/805/4 2827/806/4 2826/807/4 2821/769/4
f 2823/551/5 2828/550/5 2827/549/5 2824/548/5
f 2821/548/6 2826/549/6 2825/550/6 2822/551/6
f 2829/1736/1 2830/1737/1 2831/1028/1 2832/1738/1
f 2833/1737/2 2834/1736/2 2835/1738/2 2836/1028/2
f 2830/842/3 2833/841/3 2836/840/3 2831/839/3
f 2832/839/4 2835/840/4 2834/841/4 2829/842/4
f 2831/559/5 2836/558/5 2835/557/5 2832/556/5
f 2829/556/6 2834/557/6 2833/558/6 2830/559/6
f 2837/1739/1 2838/1740/1 2839/1741/1 2840/1742/1
f 2841/1740/2 2842/1739/2 2843/1742/2 2844/1741/2
f 2838/854/3 2841/853/3 2844/852/3 2839/851/3
f 2840/851/4 2843/852/4 2842/853/4 2837/854/4
f 2839/567/5 2844/566/5 2843/565/5 2840/564/5
f 2837/564/6 2842/565/6 2841/566/6 2838/567/6
f 2845/1743/1 2846/1744/1 2847/1745/1 2848/1746/1
f 2849/1744/2 2850/1743/2 2851/1746/2 2852/1745/2
f 2846/866/3 2849/865/3 2852/864/3 2847/863/3
f 2848/863/4 2851/864/4 2850/865/4 2845/866/4
f 2847/575/5 2852/574/5 2851/573/5 2848/572/5
f 2845/572/6 2850/573/6 2849/574/6 2846/575/6
f 2853/1747/1 2781/1715/1 2784/1718/1 2854/1748/1
f 2786/1715/2 2855/1747/2 2856/1748/2 2787/1718/2
f 2781/770/3 2786/769/3 2787/763/3 2784/764/3
f 2854/764/4 2856/763/4 2855/769/4 2853/770/4
f 2784/511/5 2787/512/5 2856/579/5 2854/578/5
f 2853/578/6 2855/579/6 2786/512/6 2781/511/6
f 2857/1749/1 2858/1750/1 2859/1751/1 2860/1752/1
f 2861/1750/2 2862/1749/2 2863/1752/2 2864/1751/2
f 2858/770/3 2861/769/3 2864/763/3 2859/764/3
f 2860/764/4 2863/763/4 2862/769/4 2857/770/4
f 2859/587/5 2864/586/5 2863/585/5 2860/584/5
f 2857/584/6 2862/585/6 2861/586/6 2858/587/6
f 2865/1749/1 2789/1715/1 2790/1718/1 2866/1752/1
f 2786/1715/2 2862/1749/2 2863/1752/2 2787/1718/2
f 2789/776/3 2786/769/3 2787/763/3 2790/775/3
f 2866/775/4 2863/763/4 2862/769/4 2865/776/4
f 2790/515/5 2787/512/5 2863/585/5 2866/588/5
f 2865/588/6 2862/585/6 2786/512/6 2789/515/6
f 2857/1749/1 2781/1715/1 2784/1718/1 2860/1752/1
f 2791/1715/2 2867/1749/2 2868/1752/2 2792/1718/2
f 2781/770/3 2791/778/3 2792/777/3 2784/764/3
f 2860/764/4 2868/777/4 2867/778/4 2857/770/4
f 2784/511/5 2792/516/5 2868/589/5 2860/584/5
f 2857/584/6 2867/589/6 2791/516/6 2781/511/6
f 2869/1753/1 2870/1754/1 2871/1755/1 2872/1756/1
f 2873/1754/2 2874/1753/2 2875/1756/2 2876/1755/2
f 2870/786/3 2873/785/3 2876/784/3 2871/783/3
f 2872/783/4 2875/784/4 2874/785/4 2869/786/4
f 2871/597/5 2876/596/5 2875/595/5 2872/594/5
f 2869/594/6 2874/595/6 2873/596/6 2870/597/6
f 2877/1757/1 2878/1758/1 2879/1759/1 2880/1760/1
f 2881/1758/2 2882/1757/2 2883/1760/2 2884/1759/2
f 2878/786/3 2881/785/3 2884/784/3 2879/783/3
f 2880/783/4 2883/784/4 2882/785/4 2877/786/4
f 2879/605/5 2884/604/5 2883/603/5 2880/602/5
f 2877/602/6 2882/603/6 2881/604/6 2878/605/6
f 2885/1761/1 2886/1762/1 2887/1763/1 2888/1764/1
f 2889/1762/2 2890/1761/2 2891/1764/2 2892/1763/2
f 2886/786/3 2889/785/3 2892/784/3 2887/783/3
f 2888/783/4 2891/784/4 2890/785/4 2885/786/4
f 2887/613/5 2892/612/5 2891/611/5 2888/610/5
f 2885/610/6 2890/611/6 2889/612/6 2886/613/6
f 2893/1749/1 2817/1715/1 2818/1731/1 2894/1765/1
f 2819/1715/2 2895/1749/2 2896/1765/2 2820/1731/2
f 2817/800/3 2819/799/3 2820/798/3 2818/797/3
f 2894/797/4 2896/798/4 2895/799/4 2893/800/4
f 2818/542/5 2820/543/5 2896/616/5 2894/615/5
f 2893/615/6 2895/616/6 2819/543/6 2817/542/6
f 2897/1766/1 2898/1767/1 2899/1768/1 2900/1769/1
f 2901/1767/2 2902/1766/2 2903/1769/2 2904/1768/2
f 2898/769/3 2901/807/3 2904/806/3 2899/805/3
f 2900/805/4 2903/806/4 2902/807/4 2897/769/4
f 2899/624/5 2904/623/5 2903/622/5 2900/621/5
f 2897/621/6 2902/622/6 2901/623/6 2898/624/6
f 2905/1770/1 2857/1749/1 2860/1752/1 2906/1771/1
f 2862/1749/2 2907/1770/2 2908/1771/2 2863/1752/2
f 2857/770/3 2862/769/3 2863/763/3 2860/764/3
f 2906/764/4 2908/763/4 2907/769/4 2905/770/4
f 2860/584/5 2863/585/5 2908/628/5 2906/627/5
f 2905/627/6 2907/628/6 2862/585/6 2857/584/6
f 2909/1772/1 2910/1773/1 2911/1774/1 2912/1775/1
f 2913/1773/2 2914/1772/2 2915/1775/2 2916/1774/2
f 2910/770/3 2913/769/3 2916/763/3 2911/764/3
f 2912/764/4 2915/763/4 2914/769/4 2909/770/4
f 2911/636/5 2916/635/5 2915/634/5 2912/633/5
f 2909/633/6 2914/634/6 2913/635/6 2910/636/6
f 2917/1772/1 2865/1749/1 2866/1752/1 2918/1775/1
f 2862/1749/2 2914/1772/2 2915/1775/2 2863/1752/2
f 2865/776/3 2862/769/3 2863/763/3 2866/775/3
f 2918/775/4 2915/763/4 2914/769/4 2917/776/4
f 2866/588/5 2863/585/5 2915/634/5 2918/637/5
f 2917/637/6 2914/634/6 2862/585/6 2865/588/6
f 2909/1772/1 2857/1749/1 2860/1752/1 2912/1775/1
f 2867/1749/2 2919/1772/2 2920/1775/2 2868/1752/2
f 2857/770/3 2867/778/3 2868/777/3 2860/764/3
f 2912/764/4 2920/777/4 2919/778/4 2909/770/4
f 2860/584/5 2868/589/5 2920/638/5 2912/633/5
f 2909/633/6 2919/638/6 2867/589/6 2857/584/6
f 2921/1776/1 2922/1777/1 2923/1778/1 2924/1779/1
f 2925/1777/2 2926/1776/2 2927/1779/2 2928/1778/2
f 2922/786/3 2925/785/3 2928/784/3 2923/783/3
f 2924/783/4 2927/784/4 2926/785/4 2921/786/4
f 2923/646/5 2928/645/5 2927/644/5 2924/643/5
f 2921/643/6 2926/644/6 2925/645/6 2922/646/6
f 2929/1780/1 2930/1781/1 2931/1782/1 2932/1783/1
f 2933/1781/2 2934/1780/2 2935/1783/2 2936/1782/2
f 2930/786/3 2933/785/3 2936/784/3 2931/783/3
f 2932/783/4 2935/784/4 2934/785/4 2929/786/4
f 2931/654/5 2936/653/5 2935/652/5 2932/651/5
f 2929/651/6 2934/652/6 2933/653/6 2930/654/6
f 2937/1784/1 2938/1785/1 2939/1786/1 2940/1787/1
f 2941/1785/2 2942/1784/2 2943/1787/2 2944/1786/2
f 2938/786/3 2941/785/3 2944/784/3 2939/783/3
f 2940/783/4 2943/784/4 2942/785/4 2937/786/4
f 2939/662/5 2944/661/5 2943/660/5 2940/659/5
f 2937/659/6 2942/660/6 2941/661/6 2938/662/6
f 2945/1772/1 2893/1749/1 2894/1765/1 2946/1788/1
f 2895/1749/2 2947/1772/2 2948/1788/2 2896/1765/2
f 2893/800/3 2895/799/3 2896/798/3 2894/797/3
f 2946/797/4 2948/798/4 2947/799/4 2945/800/4
f 2894/615/5 2896/616/5 2948/665/5 2946/664/5
f 2945/664/6 2947/665/6 2895/616/6 2893/615/6
f 2949/1789/1 2950/1790/1 2951/1791/1 2952/1792/1
f 2953/1790/2 2954/1789/2 2955/1792/2 2956/1791/2
f 2950/769/3 2953/807/3 2956/806/3 2951/805/3
f 2952/805/4 2955/806/4 2954/807/4 2949/769/4
f 2951/673/5 2956/672/5 2955/671/5 2952/670/5
f 2949/670/6 2954/671/6 2953/672/6 2950/673/6
f 2957/1793/1 2958/1794/1 2959/1795/1 2960/1796/1
f 2961/1794/2 2962/1793/2 2963/1796/2 2964/1795/2
f 2958/924/3 2961/923/3 2964/922/3 2959/921/3
f 2960/921/4 2963/922/4 2962/923/4 2957/924/4
f 2959/681/5 2964/680/5 2963/679/5 2960/678/5
f 2957/678/6 2962/679/6 2961/680/6 2958/681/6
f 2965/1797/1 2966/1798/1 2967/1799/1 2968/1800/1
f 2969/1798/2 2970/1797/2 2971/1800/2 2972/1799/2
f 2966/936/3 2969/935/3 2972/934/3 2967/933/3
f 2968/933/4 2971/934/4 2970/935/4 2965/936/4
f 2967/689/5 2972/688/5 2971/687/5 2968/686/5
f 2965/686/6 2970/687/6 2969/688/6 2966/689/6
f 2973/1797/1 2974/1798/1 2975/1799/1 2976/1800/1
f 2977/1798/2 2978/1797/2 2979/1800/2 2980/1799/2
f 2974/944/3 2977/943/3 2980/942/3 2975/941/3
f 2976/941/4 2979/942/4 2978/943/4 2973/944/4
f 2975/693/5 2980/692/5 2979/691/5 2976/690/5
f 2973/690/6 2978/691/6 2977/692/6 2974/693/6
f 2981/1797/1 2982/1798/1 2983/1799/1 2984/1800/1
f 2985/1798/2 2986/1797/2 2987/1800/2 2988/1799/2
f 2982/952/3 2985/951/3 2988/950/3 2983/949/3
f 2984/949/4 2987/950/4 2986/951/4 2981/952/4
f 2983/697/5 2988/696/5 2987/695/5 2984/694/5
f 2981/694/6 2986/695/6 2985/696/6 2982/697/6
f 2989/1797/1 2990/1798/1 2991/1799/1 2992/1800/1
f 2993/1798/2 2994/1797/2 2995/1800/2 2996/1799/2
f 2990/960/3 2993/959/3 2996/958/3 2991/957/3
f 2992/957/4 2995/958/4 2994/959/4 2989/960/4
f 2991/701/5 2996/700/5 2995/699/5 2992/698/5
f 2989/698/6 2994/699/6 2993/700/6 2990/701/6
f 2997/1797/1 2998/1798/1 2999/1799/1 3000/1800/1
f 3001/1798/2 3002/1797/2 3003/1800/2 3004/1799/2
f 2998/968/3 3001/967/3 3004/966/3 2999/965/3
f 3000/965/4 3003/966/4 3002/967/4 2997/968/4
f 2999/705/5 3004/704/5 3003/703/5 3000/702/5
f 2997/702/6 3002/703/6 3001/704/6 2998/705/6
f 3005/1797/1 3006/1798/1 3007/1799/1 3008/1800/1
f 3009/1798/2 3010/1797/2 3011/1800/2 3012/1799/2
f 3006/976/3 3009/975/3 3012/974/3 3007/973/3
f 3008/973/4 3011/974/4 3010/975/4 3005/976/4
f 3007/709/5 3012/708/5 3011/707/5 3008/706/5
f 3005/706/6 3010/707/6 3009/708/6 3006/709/6
f 3013/1801/1 2909/1772/1 2912/1775/1 3014/1802/1
f 2914/1772/2 3015/1801/2 3016/1802/2 2915/1775/2
f 2909/770/3 2914/769/3 2915/763/3 2912/764/3
f 3014/764/4 3016/763/4 3015/769/4 3013/770/4
f 2912/633/5 2915/634/5 3016/713/5 3014/712/5
f 3013/712/6 3015/713/6 2914/634/6 2909/633/6
f 3017/1803/1 3018/1804/1 3019/1805/1 3020/1806/1
f 3021/1804/2 3022/1803/2 3023/1806/2 3024/1805/2
f 3018/770/3 3021/769/3 3024/763/3 3019/764/3
f 3020/764/4 3023/763/4 3022/769/4 3017/770/4
f 3019/721/5 3024/720/5 3023/719/5 3020/718/5
f 3017/718/6 3022/719/6 3021/720/6 3018/721/6
f 3025/1803/1 2917/1772/1 2918/1775/1 3026/1806/1
f 2914/1772/2 3022/1803/2 3023/1806/2 2915/1775/2
f 2917/776/3 2914/769/3 2915/763/3 2918/775/3
f 3026/775/4 3023/763/4 3022/769/4 3025/776/4
f 2918/637/5 2915/634/5 3023/719/5 3026/722/5
f 3025/722/6 3022/719/6 2914/634/6 2917/637/6
f 3017/1803/1 2909/1772/1 2912/1775/1 3020/1806/1
f 2919/1772/2 3027/1803/2 3028/1806/2 2920/1775/2
f 2909/770/3 2919/778/3 2920/777/3 2912/764/3
f 3020/764/4 3028/777/4 3027/778/4 3017/770/4
f 2912/633/5 2920/638/5 3028/723/5 3020/718/5
f 3017/718/6 3027/723/6 2919/638/6 2909/633/6
f 3029/1807/1 3030/1808/1 3031/1809/1 3032/1810/1
f 3033/1808/2 3034/1807/2 3035/1810/2 3036/1809/2
f 3030/786/3 3033/785/3 3036/784/3 3031/783/3
f 3032/783/4 3035/784/4 3034/785/4 3029/786/4
f 3031/731/5 3036/730/5 3035/729/5 3032/728/5
f 3029/728/6 3034/729/6 3033/730/6 3030/731/6
f 3037/1811/1 3038/1812/1 3039/1813/1 3040/1814/1
f 3041/1812/2 3042/1811/2 3043/1814/2 3044/1813/2
f 3038/786/3 3041/785/3 3044/784/3 3039/783/3
f 3040/783/4 3043/784/4 3042/785/4 3037/786/4
f 3039/739/5 3044/738/5 3043/737/5 3040/736/5
f 3037/736/6 3042/737/6 3041/738/6 3038/739/6
f 3045/1815/1 3046/1816/1 3047/1817/1 3048/1818/1
f 3049/1816/2 3050/1815/2 3051/1818/2 3052/1817/2
f 3046/786/3 3049/785/3 3052/784/3 3047/783/3
f 3048/783/4 3051/784/4 3050/785/4 3045/786/4
f 3047/747/5 3052/746/5 3051/745/5 3048/744/5
f 3045/744/6 3050/745/6 3049/746/6 3046/747/6
f 3053/1803/1 2945/1772/1 2946/1788/1 3054/1819/1
f 2947/1772/2 3055/1803/2 3056/1819/2 2948/1788/2
f 2945/800/3 2947/799/3 2948/798/3 2946/797/3
f 3054/797/4 3056/798/4 3055/799/4 3053/800/4
f 2946/664/5 2948/665/5 3056/750/5 3054/749/5
f 3053/749/6 3055/750/6 2947/665/6 2945/664/6
f 3057/1820/1 3058/1821/1 3059/1822/1 3060/1823/1
f 3061/1821/2 3062/1820/2 3063/1823/2 3064/1822/2
f 3058/769/3 3061/807/3 3064/806/3 3059/805/3
f 3060/805/4 3063/806/4 3062/807/4 3057/769/4
f 3059/758/5 3064/757/5 3063/756/5 3060/755/5
f 3057/755/6 3062/756/6 3061/757/6 3058/758/6
